<?xml version="1.0" encoding="UTF-8" standalone="yes"?>
<REGISTROS>
	<DatosEstructura>
		<CodigoEstructura>G5M</CodigoEstructura>
		<CodigoEntidad>17</CodigoEntidad>
		<FechaCorte>31/07/2020</FechaCorte>
		<TotalRegistros>5</TotalRegistros>
	</DatosEstructura>
	<Detalle>
		<Registro NumeroRegistro="1">
			<TipoIdentificacionEmisor>RUC</TipoIdentificacionEmisor>
			<IdentificacionEmisor>1790864316001</IdentificacionEmisor>
			<TipoCuenta>CORRIENTE</TipoCuenta>
			<NumeroCuenta>8000589904</NumeroCuenta>
			<CuentaContable>110205</CuentaContable>
			<DenominacionMoneda>USD</DenominacionMoneda>
			<ValorMonedaDenominacion>1158120.4</ValorMonedaDenominacion>
			<ValorLibrosDolares>1158120.4</ValorLibrosDolares>
			<CalificacionRiesgoEmisor>AAAMENOS</CalificacionRiesgoEmisor>
			<CalificadoraRiesgo>PCRPACIFIC</CalificadoraRiesgo>
			<FechaUltimaCalificacion>31/12/2017</FechaUltimaCalificacion>
			<TasaInteresCuenta>2.25</TasaInteresCuenta>
		</Registro>
		<Registro NumeroRegistro="2">
			<TipoIdentificacionEmisor>RUC</TipoIdentificacionEmisor>
			<IdentificacionEmisor>1790010937001</IdentificacionEmisor>
			<TipoCuenta>CORRIENTE</TipoCuenta>
			<NumeroCuenta>3343660504</NumeroCuenta>
			<CuentaContable>110205</CuentaContable>
			<DenominacionMoneda>USD</DenominacionMoneda>
			<ValorMonedaDenominacion>259554.86</ValorMonedaDenominacion>
			<ValorLibrosDolares>259554.86</ValorLibrosDolares>
			<CalificacionRiesgoEmisor>AAAMENOS</CalificacionRiesgoEmisor>
			<CalificadoraRiesgo>BANKWATCHRATINGS</CalificadoraRiesgo>
			<FechaUltimaCalificacion>31/03/2018</FechaUltimaCalificacion>
			<TasaInteresCuenta>0.75</TasaInteresCuenta>
		</Registro>
		<Registro NumeroRegistro="3">
			<TipoIdentificacionEmisor>RUC</TipoIdentificacionEmisor>
			<IdentificacionEmisor>1790098354001</IdentificacionEmisor>
			<TipoCuenta>CORRIENTE</TipoCuenta>
			<NumeroCuenta>0520607232</NumeroCuenta>
			<CuentaContable>110205</CuentaContable>
			<DenominacionMoneda>USD</DenominacionMoneda>
			<ValorMonedaDenominacion>8626378.93</ValorMonedaDenominacion>
			<ValorLibrosDolares>8626378.93</ValorLibrosDolares>
			<CalificacionRiesgoEmisor>AAAMENOS</CalificacionRiesgoEmisor>
			<CalificadoraRiesgo>BANKWATCHRATINGS</CalificadoraRiesgo>
			<FechaUltimaCalificacion>31/12/2017</FechaUltimaCalificacion>
			<TasaInteresCuenta>4.75</TasaInteresCuenta>
		</Registro>
		<Registro NumeroRegistro="4">
			<TipoIdentificacionEmisor>RUC</TipoIdentificacionEmisor>
			<IdentificacionEmisor>0190115798001</IdentificacionEmisor>
			<TipoCuenta>AHORRO</TipoCuenta>
			<NumeroCuenta>406108563105</NumeroCuenta>
			<CuentaContable>110205</CuentaContable>
			<DenominacionMoneda>USD</DenominacionMoneda>
			<ValorMonedaDenominacion>1012089.78</ValorMonedaDenominacion>
			<ValorLibrosDolares>1012089.78</ValorLibrosDolares>
			<CalificacionRiesgoEmisor>AAMENOS</CalificacionRiesgoEmisor>
			<CalificadoraRiesgo>CLASSINTERNATION</CalificadoraRiesgo>
			<FechaUltimaCalificacion>20/12/2019</FechaUltimaCalificacion>
			<TasaInteresCuenta>5.1</TasaInteresCuenta>
		</Registro>
	</Detalle>
</REGISTROS>