<?xml version="1.0" encoding="UTF-8"?><REGISTROS><DatosEstructura><CodigoEstructura>G41</CodigoEstructura><CodigoEntidad>17</CodigoEntidad><FechaCorte>31/12/2019</FechaCorte><TotalRegistros>12</TotalRegistros></DatosEstructura><Detalle><Registro NumeroRegistro="1"><TipoIdentificacionParticipe>CED</TipoIdentificacionParticipe><IdentificacionParticipe>1719704494</IdentificacionParticipe><CorreoElectronico>david.luis.007@outlook.es</CorreoElectronico><NombreParticipe>LUIS DAVID YANEZ ARIAS</NombreParticipe><SexoParticipe>M</SexoParticipe><EstadoCivilParticipe>S</EstadoCivilParticipe><FechaIngresoParticipe>02/12/2019</FechaIngresoParticipe><TipoRegistro>CUENTAINDIVIDUAL</TipoRegistro><BaseCalculoAportacion>SUELDO</BaseCalculoAportacion><RelacionLaboral>NOMBRAMIENTO</RelacionLaboral><EstadoRegistro>ING</EstadoRegistro><TipoPrestacion>CESANTIA</TipoPrestacion></Registro><Registro NumeroRegistro="2"><TipoIdentificacionParticipe>CED</TipoIdentificacionParticipe><IdentificacionParticipe>1315663813</IdentificacionParticipe><CorreoElectronico>ninguno@capremci.com.ec</CorreoElectronico><NombreParticipe>FALCONES PARRAGA FANNY FERNANDA               FALCONES PARRAGA FANNY FERNANDA              </NombreParticipe><SexoParticipe>M</SexoParticipe><EstadoCivilParticipe>C</EstadoCivilParticipe><FechaIngresoParticipe>09/12/2019</FechaIngresoParticipe><TipoRegistro>CUENTAINDIVIDUAL</TipoRegistro><BaseCalculoAportacion>SUELDO</BaseCalculoAportacion><RelacionLaboral>NOMBRAMIENTO</RelacionLaboral><EstadoRegistro>ING</EstadoRegistro><TipoPrestacion>CESANTIA</TipoPrestacion></Registro><Registro NumeroRegistro="3"><TipoIdentificacionParticipe>CED</TipoIdentificacionParticipe><IdentificacionParticipe>1719008342</IdentificacionParticipe><CorreoElectronico>ninguno@capremci.com.ec</CorreoElectronico><NombreParticipe>SARABIA RODRIGUEZ JORGE LUIS                  SARABIA RODRIGUEZ JORGE LUIS                 </NombreParticipe><SexoParticipe>M</SexoParticipe><EstadoCivilParticipe>C</EstadoCivilParticipe><FechaIngresoParticipe>09/12/2019</FechaIngresoParticipe><TipoRegistro>CUENTAINDIVIDUAL</TipoRegistro><BaseCalculoAportacion>SUELDO</BaseCalculoAportacion><RelacionLaboral>NOMBRAMIENTO</RelacionLaboral><EstadoRegistro>ING</EstadoRegistro><TipoPrestacion>CESANTIA</TipoPrestacion></Registro><Registro NumeroRegistro="4"><TipoIdentificacionParticipe>CED</TipoIdentificacionParticipe><IdentificacionParticipe>1307014819</IdentificacionParticipe><CorreoElectronico>holgercede2010@yahoo.es</CorreoElectronico><NombreParticipe>HOLGER IVAL CEDENO GARCIA</NombreParticipe><SexoParticipe>M</SexoParticipe><EstadoCivilParticipe>C</EstadoCivilParticipe><FechaIngresoParticipe>26/12/2019</FechaIngresoParticipe><TipoRegistro>CUENTAINDIVIDUAL</TipoRegistro><BaseCalculoAportacion>SUELDO</BaseCalculoAportacion><RelacionLaboral>NOMBRAMIENTO</RelacionLaboral><EstadoRegistro>ING</EstadoRegistro><TipoPrestacion>CESANTIA</TipoPrestacion></Registro><Registro NumeroRegistro="5"><TipoIdentificacionParticipe>CED</TipoIdentificacionParticipe><IdentificacionParticipe>2400174971</IdentificacionParticipe><CorreoElectronico>ninguno@capremci.com.ec</CorreoElectronico><NombreParticipe>DE LA CRUZ POZO MIGUEL ANGEL                  DE LA CRUZ POZO MIGUEL ANGEL                 </NombreParticipe><SexoParticipe>M</SexoParticipe><EstadoCivilParticipe>C</EstadoCivilParticipe><FechaIngresoParticipe>26/12/2019</FechaIngresoParticipe><TipoRegistro>CUENTAINDIVIDUAL</TipoRegistro><BaseCalculoAportacion>SUELDO</BaseCalculoAportacion><RelacionLaboral>NOMBRAMIENTO</RelacionLaboral><EstadoRegistro>ING</EstadoRegistro><TipoPrestacion>CESANTIA</TipoPrestacion></Registro><Registro NumeroRegistro="6"><TipoIdentificacionParticipe>CED</TipoIdentificacionParticipe><IdentificacionParticipe>2400129868</IdentificacionParticipe><CorreoElectronico>ninguno@capremci.com.ec</CorreoElectronico><NombreParticipe>YAGUAL ORRALA VICTOR HUGO                     YAGUAL ORRALA VICTOR HUGO                    </NombreParticipe><SexoParticipe>M</SexoParticipe><EstadoCivilParticipe>C</EstadoCivilParticipe><FechaIngresoParticipe>26/12/2019</FechaIngresoParticipe><TipoRegistro>CUENTAINDIVIDUAL</TipoRegistro><BaseCalculoAportacion>SUELDO</BaseCalculoAportacion><RelacionLaboral>NOMBRAMIENTO</RelacionLaboral><EstadoRegistro>ING</EstadoRegistro><TipoPrestacion>CESANTIA</TipoPrestacion></Registro><Registro NumeroRegistro="7"><TipoIdentificacionParticipe>CED</TipoIdentificacionParticipe><IdentificacionParticipe>0302219050</IdentificacionParticipe><CorreoElectronico>ninguno@capremci.com.ec</CorreoElectronico><NombreParticipe>CAJAMARCA MOROCHO  ANDREA LORENA              CAJAMARCA MOROCHO  ANDREA LORENA             </NombreParticipe><SexoParticipe>M</SexoParticipe><EstadoCivilParticipe>C</EstadoCivilParticipe><FechaIngresoParticipe>27/12/2019</FechaIngresoParticipe><TipoRegistro>CUENTAINDIVIDUAL</TipoRegistro><BaseCalculoAportacion>SUELDO</BaseCalculoAportacion><RelacionLaboral>NOMBRAMIENTO</RelacionLaboral><EstadoRegistro>ING</EstadoRegistro><TipoPrestacion>CESANTIA</TipoPrestacion></Registro><Registro NumeroRegistro="8"><TipoIdentificacionParticipe>CED</TipoIdentificacionParticipe><IdentificacionParticipe>0107332157</IdentificacionParticipe><CorreoElectronico>ninguno@capremci.com.ec</CorreoElectronico><NombreParticipe>CHACA SANCHEZ LORENA MARIBEL                  CHACA SANCHEZ LORENA MARIBEL                 </NombreParticipe><SexoParticipe>M</SexoParticipe><EstadoCivilParticipe>C</EstadoCivilParticipe><FechaIngresoParticipe>27/12/2019</FechaIngresoParticipe><TipoRegistro>CUENTAINDIVIDUAL</TipoRegistro><BaseCalculoAportacion>SUELDO</BaseCalculoAportacion><RelacionLaboral>NOMBRAMIENTO</RelacionLaboral><EstadoRegistro>ING</EstadoRegistro><TipoPrestacion>CESANTIA</TipoPrestacion></Registro><Registro NumeroRegistro="9"><TipoIdentificacionParticipe>CED</TipoIdentificacionParticipe><IdentificacionParticipe>0107043580</IdentificacionParticipe><CorreoElectronico>ninguno@capremci.com.ec</CorreoElectronico><NombreParticipe>JAURA MEDINA MARIA ISABEL                     JAURA MEDINA MARIA ISABEL                    </NombreParticipe><SexoParticipe>M</SexoParticipe><EstadoCivilParticipe>C</EstadoCivilParticipe><FechaIngresoParticipe>27/12/2019</FechaIngresoParticipe><TipoRegistro>CUENTAINDIVIDUAL</TipoRegistro><BaseCalculoAportacion>SUELDO</BaseCalculoAportacion><RelacionLaboral>NOMBRAMIENTO</RelacionLaboral><EstadoRegistro>ING</EstadoRegistro><TipoPrestacion>CESANTIA</TipoPrestacion></Registro><Registro NumeroRegistro="10"><TipoIdentificacionParticipe>CED</TipoIdentificacionParticipe><IdentificacionParticipe>0105469837</IdentificacionParticipe><CorreoElectronico>ninguno@capremci.com.ec</CorreoElectronico><NombreParticipe>LAZO SARMIENTO XIMENA BEATRIZ                 LAZO SARMIENTO XIMENA BEATRIZ                </NombreParticipe><SexoParticipe>M</SexoParticipe><EstadoCivilParticipe>C</EstadoCivilParticipe><FechaIngresoParticipe>27/12/2019</FechaIngresoParticipe><TipoRegistro>CUENTAINDIVIDUAL</TipoRegistro><BaseCalculoAportacion>SUELDO</BaseCalculoAportacion><RelacionLaboral>NOMBRAMIENTO</RelacionLaboral><EstadoRegistro>ING</EstadoRegistro><TipoPrestacion>CESANTIA</TipoPrestacion></Registro><Registro NumeroRegistro="11"><TipoIdentificacionParticipe>CED</TipoIdentificacionParticipe><IdentificacionParticipe>0604279562</IdentificacionParticipe><CorreoElectronico>ninguno@capremci.com.ec</CorreoElectronico><NombreParticipe>YUNDA CORONEL ADRIANA CARINA                  YUNDA CORONEL ADRIANA CARINA                 </NombreParticipe><SexoParticipe>M</SexoParticipe><EstadoCivilParticipe>C</EstadoCivilParticipe><FechaIngresoParticipe>27/12/2019</FechaIngresoParticipe><TipoRegistro>CUENTAINDIVIDUAL</TipoRegistro><BaseCalculoAportacion>SUELDO</BaseCalculoAportacion><RelacionLaboral>NOMBRAMIENTO</RelacionLaboral><EstadoRegistro>ING</EstadoRegistro><TipoPrestacion>CESANTIA</TipoPrestacion></Registro></Detalle></REGISTROS>