<?xml version="1.0" encoding="UTF-8" standalone="yes"?>
<REGISTROS>
	<DatosEstructura>
		<CodigoEstructura>G03</CodigoEstructura>
		<CodigoEntidad>17</CodigoEntidad>
		<FechaCorte>30/09/2020</FechaCorte>
		<TotalRegistros>12</TotalRegistros>
	</DatosEstructura>
	<Detalle>
		<Registro NumeroRegistro="1">
			<Tipoidentificacionemisor>RUC</Tipoidentificacionemisor>
			<Identificaciondelemisor>1790283380001</Identificaciondelemisor>
			<NumeroInstrumento>273773</NumeroInstrumento>
			<Tipoinstrumento>CERTIFICADEPOSITO</Tipoinstrumento>
			<EstadoInversion>INVVENCIDA</EstadoInversion>
			<Tipoderenta>RENTAFIJA</Tipoderenta>
			<Fechadecompra>10/03/2020</Fechadecompra>
			<Rangodevencimiento>181A360DIAS</Rangodevencimiento>
			<ValorContable>2700000</ValorContable>
			<TasaNominal>6.7</TasaNominal>
			<TasaCupon>0</TasaCupon>
			<Fechaultimocuponpagado>10/03/2020</Fechaultimocuponpagado>
			<Preciocompraporc>1</Preciocompraporc>
			<Valorefectivocompra>2700000</Valorefectivocompra>
			<Yieldporcentaje>0</Yieldporcentaje>
			<PreciohaceañoRF>2700000</PreciohaceañoRF>
			<Interesesacumulaxcobrar>0</Interesesacumulaxcobrar>
			<Montointeresesgenerdolares>90952.5</Montointeresesgenerdolares>
			<Valormercado>2700000</Valormercado>
			<Numeroaccionesfechacorte>0</Numeroaccionesfechacorte>
			<Preciomercadoactualxaccion>0</Preciomercadoactualxaccion>
			<Preciomercadohaceaño>0</Preciomercadohaceaño>
			<Divixaccionrecibidos>0</Divixaccionrecibidos>
			<Codvectorprecio>0</Codvectorprecio>
			<Calificacionemisor>AAAMENOS</Calificacionemisor>
			<Calificadoraderiesgo>BANKWATCHRATINGS</Calificadoraderiesgo>
			<Fechaultimacalificacion>31/12/2017</Fechaultimacalificacion>
			<Provisionconstituida>0</Provisionconstituida>
			<EstadoVencimientoliquidacion>TOTALLIQUIDADO</EstadoVencimientoliquidacion>
			<ValornominalVencido>0</ValornominalVencido>
			<InteresAcumxcobrarvenc>0</InteresAcumxcobrarvenc>
			<NumeroCuotasvenc>0</NumeroCuotasvenc>
			<CCCapitalKvenc6dig>120105</CCCapitalKvenc6dig>
			<ValorUSD1>0</ValorUSD1>
			<CCRendimientosvenc6digusd>140105</CCRendimientosvenc6digusd>
			<ValorUSD2>0</ValorUSD2>
			<CCProviAcumKvenc6digusd>140105</CCProviAcumKvenc6digusd>
			<ValorUSD3>0</ValorUSD3>
			<CodCCProvAcumrendVenc6dig>140105</CodCCProvAcumrendVenc6dig>
			<ValorUSD4>0</ValorUSD4>
			<ValorliquiovendidoUSD>0</ValorliquiovendidoUSD>
			<Fechaliquidacionoventa>07/09/2020</Fechaliquidacionoventa>
			<Precioliquidacionoventa>0</Precioliquidacionoventa>
			<Valorliquidacionovent>0</Valorliquidacionovent>
			<MotivoLiquidacion>PLAZOCUMPLIDO</MotivoLiquidacion>
		</Registro>
		<Registro NumeroRegistro="2">
			<Tipoidentificacionemisor>RUC</Tipoidentificacionemisor>
			<Identificaciondelemisor>1790098354001</Identificaciondelemisor>
			<NumeroInstrumento> 2500 BSD28</NumeroInstrumento>
			<Tipoinstrumento>CERTIFICADEPOSITO</Tipoinstrumento>
			<EstadoInversion>INVVENCIDA</EstadoInversion>
			<Tipoderenta>RENTAFIJA</Tipoderenta>
			<Fechadecompra>19/03/2020</Fechadecompra>
			<Rangodevencimiento>181A360DIAS</Rangodevencimiento>
			<ValorContable>1000000</ValorContable>
			<TasaNominal>6.8</TasaNominal>
			<TasaCupon>0</TasaCupon>
			<Fechaultimocuponpagado>19/03/2020</Fechaultimocuponpagado>
			<Preciocompraporc>1</Preciocompraporc>
			<Valorefectivocompra>1000000</Valorefectivocompra>
			<Yieldporcentaje>0</Yieldporcentaje>
			<PreciohaceañoRF>1000000</PreciohaceañoRF>
			<Interesesacumulaxcobrar>0</Interesesacumulaxcobrar>
			<Montointeresesgenerdolares>34188.89</Montointeresesgenerdolares>
			<Valormercado>1000000</Valormercado>
			<Numeroaccionesfechacorte>0</Numeroaccionesfechacorte>
			<Preciomercadoactualxaccion>0</Preciomercadoactualxaccion>
			<Preciomercadohaceaño>0</Preciomercadohaceaño>
			<Divixaccionrecibidos>0</Divixaccionrecibidos>
			<Codvectorprecio>0</Codvectorprecio>
			<Calificacionemisor>AAAMENOS</Calificacionemisor>
			<Calificadoraderiesgo>BANKWATCHRATINGS</Calificadoraderiesgo>
			<Fechaultimacalificacion>31/03/2018</Fechaultimacalificacion>
			<Provisionconstituida>0</Provisionconstituida>
			<EstadoVencimientoliquidacion>TOTALLIQUIDADO</EstadoVencimientoliquidacion>
			<ValornominalVencido>0</ValornominalVencido>
			<InteresAcumxcobrarvenc>0</InteresAcumxcobrarvenc>
			<NumeroCuotasvenc>0</NumeroCuotasvenc>
			<CCCapitalKvenc6dig>120105</CCCapitalKvenc6dig>
			<ValorUSD1>0</ValorUSD1>
			<CCRendimientosvenc6digusd>140105</CCRendimientosvenc6digusd>
			<ValorUSD2>0</ValorUSD2>
			<CCProviAcumKvenc6digusd>140105</CCProviAcumKvenc6digusd>
			<ValorUSD3>0</ValorUSD3>
			<CodCCProvAcumrendVenc6dig>140105</CodCCProvAcumrendVenc6dig>
			<ValorUSD4>0</ValorUSD4>
			<ValorliquiovendidoUSD>0</ValorliquiovendidoUSD>
			<Fechaliquidacionoventa>16/09/2020</Fechaliquidacionoventa>
			<Precioliquidacionoventa>0</Precioliquidacionoventa>
			<Valorliquidacionovent>0</Valorliquidacionovent>
			<MotivoLiquidacion>PLAZOCUMPLIDO</MotivoLiquidacion>
		</Registro>
		<Registro NumeroRegistro="3">
			<Tipoidentificacionemisor>RUC</Tipoidentificacionemisor>
			<Identificaciondelemisor>1790098354001</Identificaciondelemisor>
			<NumeroInstrumento>2501 BSD29 </NumeroInstrumento>
			<Tipoinstrumento>CERTIFICADEPOSITO</Tipoinstrumento>
			<EstadoInversion>INVVENCIDA</EstadoInversion>
			<Tipoderenta>RENTAFIJA</Tipoderenta>
			<Fechadecompra>19/03/2020</Fechadecompra>
			<Rangodevencimiento>181A360DIAS</Rangodevencimiento>
			<ValorContable>1000000</ValorContable>
			<TasaNominal>6.8</TasaNominal>
			<TasaCupon>0</TasaCupon>
			<Fechaultimocuponpagado>19/03/2020</Fechaultimocuponpagado>
			<Preciocompraporc>1</Preciocompraporc>
			<Valorefectivocompra>1000000</Valorefectivocompra>
			<Yieldporcentaje>0</Yieldporcentaje>
			<PreciohaceañoRF>1000000</PreciohaceañoRF>
			<Interesesacumulaxcobrar>0</Interesesacumulaxcobrar>
			<Montointeresesgenerdolares>34188.89</Montointeresesgenerdolares>
			<Valormercado>1000000</Valormercado>
			<Numeroaccionesfechacorte>0</Numeroaccionesfechacorte>
			<Preciomercadoactualxaccion>0</Preciomercadoactualxaccion>
			<Preciomercadohaceaño>0</Preciomercadohaceaño>
			<Divixaccionrecibidos>0</Divixaccionrecibidos>
			<Codvectorprecio>0</Codvectorprecio>
			<Calificacionemisor>AAAMENOS</Calificacionemisor>
			<Calificadoraderiesgo>BANKWATCHRATINGS</Calificadoraderiesgo>
			<Fechaultimacalificacion>31/03/2018</Fechaultimacalificacion>
			<Provisionconstituida>0</Provisionconstituida>
			<EstadoVencimientoliquidacion>TOTALLIQUIDADO</EstadoVencimientoliquidacion>
			<ValornominalVencido>0</ValornominalVencido>
			<InteresAcumxcobrarvenc>0</InteresAcumxcobrarvenc>
			<NumeroCuotasvenc>0</NumeroCuotasvenc>
			<CCCapitalKvenc6dig>120105</CCCapitalKvenc6dig>
			<ValorUSD1>0</ValorUSD1>
			<CCRendimientosvenc6digusd>140105</CCRendimientosvenc6digusd>
			<ValorUSD2>0</ValorUSD2>
			<CCProviAcumKvenc6digusd>140105</CCProviAcumKvenc6digusd>
			<ValorUSD3>0</ValorUSD3>
			<CodCCProvAcumrendVenc6dig>140105</CodCCProvAcumrendVenc6dig>
			<ValorUSD4>0</ValorUSD4>
			<ValorliquiovendidoUSD>0</ValorliquiovendidoUSD>
			<Fechaliquidacionoventa>16/09/2020</Fechaliquidacionoventa>
			<Precioliquidacionoventa>0</Precioliquidacionoventa>
			<Valorliquidacionovent>0</Valorliquidacionovent>
			<MotivoLiquidacion>PLAZOCUMPLIDO</MotivoLiquidacion>
		</Registro>
		<Registro NumeroRegistro="4">
			<Tipoidentificacionemisor>RUC</Tipoidentificacionemisor>
			<Identificaciondelemisor>0990497699001</Identificaciondelemisor>
			<NumeroInstrumento>274329</NumeroInstrumento>
			<Tipoinstrumento>CERTIFICADEPOSITO</Tipoinstrumento>
			<EstadoInversion>INVVENCIDA</EstadoInversion>
			<Tipoderenta>RENTAFIJA</Tipoderenta>
			<Fechadecompra>19/03/2020</Fechadecompra>
			<Rangodevencimiento>181A360DIAS</Rangodevencimiento>
			<ValorContable>1000000</ValorContable>
			<TasaNominal>6.9</TasaNominal>
			<TasaCupon>0</TasaCupon>
			<Fechaultimocuponpagado>19/03/2020</Fechaultimocuponpagado>
			<Preciocompraporc>1</Preciocompraporc>
			<Valorefectivocompra>1000000</Valorefectivocompra>
			<Yieldporcentaje>0</Yieldporcentaje>
			<PreciohaceañoRF>1000000</PreciohaceañoRF>
			<Interesesacumulaxcobrar>0</Interesesacumulaxcobrar>
			<Montointeresesgenerdolares>34691.67</Montointeresesgenerdolares>
			<Valormercado>1000000</Valormercado>
			<Numeroaccionesfechacorte>0</Numeroaccionesfechacorte>
			<Preciomercadoactualxaccion>0</Preciomercadoactualxaccion>
			<Preciomercadohaceaño>0</Preciomercadohaceaño>
			<Divixaccionrecibidos>0</Divixaccionrecibidos>
			<Codvectorprecio>0</Codvectorprecio>
			<Calificacionemisor>AAA</Calificacionemisor>
			<Calificadoraderiesgo>PCRPACIFIC</Calificadoraderiesgo>
			<Fechaultimacalificacion>23/08/2019</Fechaultimacalificacion>
			<Provisionconstituida>0</Provisionconstituida>
			<EstadoVencimientoliquidacion>TOTALLIQUIDADO</EstadoVencimientoliquidacion>
			<ValornominalVencido>0</ValornominalVencido>
			<InteresAcumxcobrarvenc>0</InteresAcumxcobrarvenc>
			<NumeroCuotasvenc>0</NumeroCuotasvenc>
			<CCCapitalKvenc6dig>120105</CCCapitalKvenc6dig>
			<ValorUSD1>0</ValorUSD1>
			<CCRendimientosvenc6digusd>140105</CCRendimientosvenc6digusd>
			<ValorUSD2>0</ValorUSD2>
			<CCProviAcumKvenc6digusd>140105</CCProviAcumKvenc6digusd>
			<ValorUSD3>0</ValorUSD3>
			<CodCCProvAcumrendVenc6dig>140105</CodCCProvAcumrendVenc6dig>
			<ValorUSD4>0</ValorUSD4>
			<ValorliquiovendidoUSD>0</ValorliquiovendidoUSD>
			<Fechaliquidacionoventa>16/09/2020</Fechaliquidacionoventa>
			<Precioliquidacionoventa>0</Precioliquidacionoventa>
			<Valorliquidacionovent>0</Valorliquidacionovent>
			<MotivoLiquidacion>PLAZOCUMPLIDO</MotivoLiquidacion>
		</Registro>
		<Registro NumeroRegistro="5">
			<Tipoidentificacionemisor>RUC</Tipoidentificacionemisor>
			<Identificaciondelemisor>0190155722001</Identificaciondelemisor>
			<NumeroInstrumento> 2442 BSD03</NumeroInstrumento>
			<Tipoinstrumento>CERTIFICADEPOSITO</Tipoinstrumento>
			<EstadoInversion>INVVENCIDA</EstadoInversion>
			<Tipoderenta>RENTAFIJA</Tipoderenta>
			<Fechadecompra>18/03/2020</Fechadecompra>
			<Rangodevencimiento>181A360DIAS</Rangodevencimiento>
			<ValorContable>750000</ValorContable>
			<TasaNominal>7.85</TasaNominal>
			<TasaCupon>0</TasaCupon>
			<Fechaultimocuponpagado>18/03/2020</Fechaultimocuponpagado>
			<Preciocompraporc>1</Preciocompraporc>
			<Valorefectivocompra>750000</Valorefectivocompra>
			<Yieldporcentaje>0</Yieldporcentaje>
			<PreciohaceañoRF>750000</PreciohaceañoRF>
			<Interesesacumulaxcobrar>0</Interesesacumulaxcobrar>
			<Montointeresesgenerdolares>29601.04</Montointeresesgenerdolares>
			<Valormercado>750000</Valormercado>
			<Numeroaccionesfechacorte>0</Numeroaccionesfechacorte>
			<Preciomercadoactualxaccion>0</Preciomercadoactualxaccion>
			<Preciomercadohaceaño>0</Preciomercadohaceaño>
			<Divixaccionrecibidos>0</Divixaccionrecibidos>
			<Codvectorprecio>0</Codvectorprecio>
			<Calificacionemisor>AAMENOS</Calificacionemisor>
			<Calificadoraderiesgo>MICROFINANZARATING</Calificadoraderiesgo>
			<Fechaultimacalificacion>30/09/2019</Fechaultimacalificacion>
			<Provisionconstituida>0</Provisionconstituida>
			<EstadoVencimientoliquidacion>TOTALLIQUIDADO</EstadoVencimientoliquidacion>
			<ValornominalVencido>0</ValornominalVencido>
			<InteresAcumxcobrarvenc>0</InteresAcumxcobrarvenc>
			<NumeroCuotasvenc>0</NumeroCuotasvenc>
			<CCCapitalKvenc6dig>120105</CCCapitalKvenc6dig>
			<ValorUSD1>0</ValorUSD1>
			<CCRendimientosvenc6digusd>140105</CCRendimientosvenc6digusd>
			<ValorUSD2>0</ValorUSD2>
			<CCProviAcumKvenc6digusd>140105</CCProviAcumKvenc6digusd>
			<ValorUSD3>0</ValorUSD3>
			<CodCCProvAcumrendVenc6dig>140105</CodCCProvAcumrendVenc6dig>
			<ValorUSD4>0</ValorUSD4>
			<ValorliquiovendidoUSD>0</ValorliquiovendidoUSD>
			<Fechaliquidacionoventa>15/09/2020</Fechaliquidacionoventa>
			<Precioliquidacionoventa>0</Precioliquidacionoventa>
			<Valorliquidacionovent>0</Valorliquidacionovent>
			<MotivoLiquidacion>PLAZOCUMPLIDO</MotivoLiquidacion>
		</Registro>
		<Registro NumeroRegistro="6">
			<Tipoidentificacionemisor>RUC</Tipoidentificacionemisor>
			<Identificaciondelemisor>1790451801001</Identificaciondelemisor>
			<NumeroInstrumento>2089 BSD09 </NumeroInstrumento>
			<Tipoinstrumento>CERTIFICADEPOSITO</Tipoinstrumento>
			<EstadoInversion>INVVENCIDA</EstadoInversion>
			<Tipoderenta>RENTAFIJA</Tipoderenta>
			<Fechadecompra>05/03/2020</Fechadecompra>
			<Rangodevencimiento>181A360DIAS</Rangodevencimiento>
			<ValorContable>300000</ValorContable>
			<TasaNominal>8</TasaNominal>
			<TasaCupon>0</TasaCupon>
			<Fechaultimocuponpagado>05/03/2020</Fechaultimocuponpagado>
			<Preciocompraporc>1</Preciocompraporc>
			<Valorefectivocompra>300000</Valorefectivocompra>
			<Yieldporcentaje>0</Yieldporcentaje>
			<PreciohaceañoRF>300000</PreciohaceañoRF>
			<Interesesacumulaxcobrar>0</Interesesacumulaxcobrar>
			<Montointeresesgenerdolares>12066.67</Montointeresesgenerdolares>
			<Valormercado>300000</Valormercado>
			<Numeroaccionesfechacorte>0</Numeroaccionesfechacorte>
			<Preciomercadoactualxaccion>0</Preciomercadoactualxaccion>
			<Preciomercadohaceaño>0</Preciomercadohaceaño>
			<Divixaccionrecibidos>0</Divixaccionrecibidos>
			<Codvectorprecio>0</Codvectorprecio>
			<Calificacionemisor>AAMAS</Calificacionemisor>
			<Calificadoraderiesgo>CLASSINTERNATION</Calificadoraderiesgo>
			<Fechaultimacalificacion>28/06/2018</Fechaultimacalificacion>
			<Provisionconstituida>0</Provisionconstituida>
			<EstadoVencimientoliquidacion>TOTALLIQUIDADO</EstadoVencimientoliquidacion>
			<ValornominalVencido>0</ValornominalVencido>
			<InteresAcumxcobrarvenc>0</InteresAcumxcobrarvenc>
			<NumeroCuotasvenc>0</NumeroCuotasvenc>
			<CCCapitalKvenc6dig>120105</CCCapitalKvenc6dig>
			<ValorUSD1>0</ValorUSD1>
			<CCRendimientosvenc6digusd>140105</CCRendimientosvenc6digusd>
			<ValorUSD2>0</ValorUSD2>
			<CCProviAcumKvenc6digusd>140105</CCProviAcumKvenc6digusd>
			<ValorUSD3>0</ValorUSD3>
			<CodCCProvAcumrendVenc6dig>140105</CodCCProvAcumrendVenc6dig>
			<ValorUSD4>0</ValorUSD4>
			<ValorliquiovendidoUSD>0</ValorliquiovendidoUSD>
			<Fechaliquidacionoventa>02/09/2020</Fechaliquidacionoventa>
			<Precioliquidacionoventa>0</Precioliquidacionoventa>
			<Valorliquidacionovent>0</Valorliquidacionovent>
			<MotivoLiquidacion>PLAZOCUMPLIDO</MotivoLiquidacion>
		</Registro>
		<Registro NumeroRegistro="7">
			<Tipoidentificacionemisor>RUC</Tipoidentificacionemisor>
			<Identificaciondelemisor>1790501469001</Identificaciondelemisor>
			<NumeroInstrumento>2100 BSD20 </NumeroInstrumento>
			<Tipoinstrumento>CERTIFICADEPOSITO</Tipoinstrumento>
			<EstadoInversion>INVVENCIDA</EstadoInversion>
			<Tipoderenta>RENTAFIJA</Tipoderenta>
			<Fechadecompra>05/03/2020</Fechadecompra>
			<Rangodevencimiento>181A360DIAS</Rangodevencimiento>
			<ValorContable>150000</ValorContable>
			<TasaNominal>8</TasaNominal>
			<TasaCupon>0</TasaCupon>
			<Fechaultimocuponpagado>05/03/2020</Fechaultimocuponpagado>
			<Preciocompraporc>1</Preciocompraporc>
			<Valorefectivocompra>150000</Valorefectivocompra>
			<Yieldporcentaje>0</Yieldporcentaje>
			<PreciohaceañoRF>150000</PreciohaceañoRF>
			<Interesesacumulaxcobrar>0</Interesesacumulaxcobrar>
			<Montointeresesgenerdolares>6033.33</Montointeresesgenerdolares>
			<Valormercado>150000</Valormercado>
			<Numeroaccionesfechacorte>0</Numeroaccionesfechacorte>
			<Preciomercadoactualxaccion>0</Preciomercadoactualxaccion>
			<Preciomercadohaceaño>0</Preciomercadohaceaño>
			<Divixaccionrecibidos>0</Divixaccionrecibidos>
			<Codvectorprecio>0</Codvectorprecio>
			<Calificacionemisor>AAMENOS</Calificacionemisor>
			<Calificadoraderiesgo>PCRPACIFIC</Calificadoraderiesgo>
			<Fechaultimacalificacion>19/12/2019</Fechaultimacalificacion>
			<Provisionconstituida>0</Provisionconstituida>
			<EstadoVencimientoliquidacion>TOTALLIQUIDADO</EstadoVencimientoliquidacion>
			<ValornominalVencido>0</ValornominalVencido>
			<InteresAcumxcobrarvenc>0</InteresAcumxcobrarvenc>
			<NumeroCuotasvenc>0</NumeroCuotasvenc>
			<CCCapitalKvenc6dig>120105</CCCapitalKvenc6dig>
			<ValorUSD1>0</ValorUSD1>
			<CCRendimientosvenc6digusd>140105</CCRendimientosvenc6digusd>
			<ValorUSD2>0</ValorUSD2>
			<CCProviAcumKvenc6digusd>140105</CCProviAcumKvenc6digusd>
			<ValorUSD3>0</ValorUSD3>
			<CodCCProvAcumrendVenc6dig>140105</CodCCProvAcumrendVenc6dig>
			<ValorUSD4>0</ValorUSD4>
			<ValorliquiovendidoUSD>0</ValorliquiovendidoUSD>
			<Fechaliquidacionoventa>02/09/2020</Fechaliquidacionoventa>
			<Precioliquidacionoventa>0</Precioliquidacionoventa>
			<Valorliquidacionovent>0</Valorliquidacionovent>
			<MotivoLiquidacion>PLAZOCUMPLIDO</MotivoLiquidacion>
		</Registro>
		<Registro NumeroRegistro="8">
			<Tipoidentificacionemisor>RUC</Tipoidentificacionemisor>
			<Identificaciondelemisor>0190115798001</Identificaciondelemisor>
			<NumeroInstrumento>2325  BSD04 </NumeroInstrumento>
			<Tipoinstrumento>CERTIFICADEPOSITO</Tipoinstrumento>
			<EstadoInversion>INVVENCIDA</EstadoInversion>
			<Tipoderenta>RENTAFIJA</Tipoderenta>
			<Fechadecompra>13/03/2020</Fechadecompra>
			<Rangodevencimiento>181A360DIAS</Rangodevencimiento>
			<ValorContable>1000000</ValorContable>
			<TasaNominal>7.5</TasaNominal>
			<TasaCupon>0</TasaCupon>
			<Fechaultimocuponpagado>13/03/2020</Fechaultimocuponpagado>
			<Preciocompraporc>1</Preciocompraporc>
			<Valorefectivocompra>1000000</Valorefectivocompra>
			<Yieldporcentaje>0</Yieldporcentaje>
			<PreciohaceañoRF>1000000</PreciohaceañoRF>
			<Interesesacumulaxcobrar>0</Interesesacumulaxcobrar>
			<Montointeresesgenerdolares>37708.33</Montointeresesgenerdolares>
			<Valormercado>1000000</Valormercado>
			<Numeroaccionesfechacorte>0</Numeroaccionesfechacorte>
			<Preciomercadoactualxaccion>0</Preciomercadoactualxaccion>
			<Preciomercadohaceaño>0</Preciomercadohaceaño>
			<Divixaccionrecibidos>0</Divixaccionrecibidos>
			<Codvectorprecio>0</Codvectorprecio>
			<Calificacionemisor>AAMENOS</Calificacionemisor>
			<Calificadoraderiesgo>CLASSINTERNATION</Calificadoraderiesgo>
			<Fechaultimacalificacion>20/12/2019</Fechaultimacalificacion>
			<Provisionconstituida>0</Provisionconstituida>
			<EstadoVencimientoliquidacion>TOTALLIQUIDADO</EstadoVencimientoliquidacion>
			<ValornominalVencido>0</ValornominalVencido>
			<InteresAcumxcobrarvenc>0</InteresAcumxcobrarvenc>
			<NumeroCuotasvenc>0</NumeroCuotasvenc>
			<CCCapitalKvenc6dig>120105</CCCapitalKvenc6dig>
			<ValorUSD1>0</ValorUSD1>
			<CCRendimientosvenc6digusd>140105</CCRendimientosvenc6digusd>
			<ValorUSD2>0</ValorUSD2>
			<CCProviAcumKvenc6digusd>140105</CCProviAcumKvenc6digusd>
			<ValorUSD3>0</ValorUSD3>
			<CodCCProvAcumrendVenc6dig>140105</CodCCProvAcumrendVenc6dig>
			<ValorUSD4>0</ValorUSD4>
			<ValorliquiovendidoUSD>0</ValorliquiovendidoUSD>
			<Fechaliquidacionoventa>10/09/2020</Fechaliquidacionoventa>
			<Precioliquidacionoventa>0</Precioliquidacionoventa>
			<Valorliquidacionovent>0</Valorliquidacionovent>
			<MotivoLiquidacion>PLAZOCUMPLIDO</MotivoLiquidacion>
		</Registro>
		<Registro NumeroRegistro="9">
			<Tipoidentificacionemisor>RUC</Tipoidentificacionemisor>
			<Identificaciondelemisor>0190055965001</Identificaciondelemisor>
			<NumeroInstrumento>2759 BSD03 </NumeroInstrumento>
			<Tipoinstrumento>CERTIFICADEPOSITO</Tipoinstrumento>
			<EstadoInversion>INVVENCIDA</EstadoInversion>
			<Tipoderenta>RENTAFIJA</Tipoderenta>
			<Fechadecompra>27/03/2020</Fechadecompra>
			<Rangodevencimiento>181A360DIAS</Rangodevencimiento>
			<ValorContable>1000000</ValorContable>
			<TasaNominal>7.3</TasaNominal>
			<TasaCupon>0</TasaCupon>
			<Fechaultimocuponpagado>27/03/2020</Fechaultimocuponpagado>
			<Preciocompraporc>1</Preciocompraporc>
			<Valorefectivocompra>1000000</Valorefectivocompra>
			<Yieldporcentaje>0</Yieldporcentaje>
			<PreciohaceañoRF>1000000</PreciohaceañoRF>
			<Interesesacumulaxcobrar>0</Interesesacumulaxcobrar>
			<Montointeresesgenerdolares>36702.78</Montointeresesgenerdolares>
			<Valormercado>1000000</Valormercado>
			<Numeroaccionesfechacorte>0</Numeroaccionesfechacorte>
			<Preciomercadoactualxaccion>0</Preciomercadoactualxaccion>
			<Preciomercadohaceaño>0</Preciomercadohaceaño>
			<Divixaccionrecibidos>0</Divixaccionrecibidos>
			<Codvectorprecio>0</Codvectorprecio>
			<Calificacionemisor>AA</Calificacionemisor>
			<Calificadoraderiesgo>PCRPACIFIC</Calificadoraderiesgo>
			<Fechaultimacalificacion>27/06/2018</Fechaultimacalificacion>
			<Provisionconstituida>0</Provisionconstituida>
			<EstadoVencimientoliquidacion>TOTALLIQUIDADO</EstadoVencimientoliquidacion>
			<ValornominalVencido>0</ValornominalVencido>
			<InteresAcumxcobrarvenc>0</InteresAcumxcobrarvenc>
			<NumeroCuotasvenc>0</NumeroCuotasvenc>
			<CCCapitalKvenc6dig>120105</CCCapitalKvenc6dig>
			<ValorUSD1>0</ValorUSD1>
			<CCRendimientosvenc6digusd>140105</CCRendimientosvenc6digusd>
			<ValorUSD2>0</ValorUSD2>
			<CCProviAcumKvenc6digusd>140105</CCProviAcumKvenc6digusd>
			<ValorUSD3>0</ValorUSD3>
			<CodCCProvAcumrendVenc6dig>140105</CodCCProvAcumrendVenc6dig>
			<ValorUSD4>0</ValorUSD4>
			<ValorliquiovendidoUSD>0</ValorliquiovendidoUSD>
			<Fechaliquidacionoventa>24/09/2020</Fechaliquidacionoventa>
			<Precioliquidacionoventa>0</Precioliquidacionoventa>
			<Valorliquidacionovent>0</Valorliquidacionovent>
			<MotivoLiquidacion>PLAZOCUMPLIDO</MotivoLiquidacion>
		</Registro>
		<Registro NumeroRegistro="10">
			<Tipoidentificacionemisor>RUC</Tipoidentificacionemisor>
			<Identificaciondelemisor>0991265414001</Identificaciondelemisor>
			<NumeroInstrumento>2019 BSD02</NumeroInstrumento>
			<Tipoinstrumento>FACTURASCOMERCIALES</Tipoinstrumento>
			<EstadoInversion>INVVENCIDA</EstadoInversion>
			<Tipoderenta>RENTAFIJA</Tipoderenta>
			<Fechadecompra>05/03/2020</Fechadecompra>
			<Rangodevencimiento>181A360DIAS</Rangodevencimiento>
			<ValorContable>423195.45</ValorContable>
			<TasaNominal>9</TasaNominal>
			<TasaCupon>0</TasaCupon>
			<Fechaultimocuponpagado>05/03/2020</Fechaultimocuponpagado>
			<Preciocompraporc>1</Preciocompraporc>
			<Valorefectivocompra>423195.45</Valorefectivocompra>
			<Yieldporcentaje>0</Yieldporcentaje>
			<PreciohaceañoRF>423195.45</PreciohaceañoRF>
			<Interesesacumulaxcobrar>0</Interesesacumulaxcobrar>
			<Montointeresesgenerdolares>19043.8</Montointeresesgenerdolares>
			<Valormercado>423195.45</Valormercado>
			<Numeroaccionesfechacorte>0</Numeroaccionesfechacorte>
			<Preciomercadoactualxaccion>0</Preciomercadoactualxaccion>
			<Preciomercadohaceaño>0</Preciomercadohaceaño>
			<Divixaccionrecibidos>0</Divixaccionrecibidos>
			<Codvectorprecio>0</Codvectorprecio>
			<Calificacionemisor>AAMAS</Calificacionemisor>
			<Calificadoraderiesgo>OTRASCALIFICA</Calificadoraderiesgo>
			<Fechaultimacalificacion>30/10/2018</Fechaultimacalificacion>
			<Provisionconstituida>0</Provisionconstituida>
			<EstadoVencimientoliquidacion>TOTALVENCIDO</EstadoVencimientoliquidacion>
			<ValornominalVencido>423195.45</ValornominalVencido>
			<InteresAcumxcobrarvenc>19043.8</InteresAcumxcobrarvenc>
			<NumeroCuotasvenc>1</NumeroCuotasvenc>
			<CCCapitalKvenc6dig>140410</CCCapitalKvenc6dig>
			<ValorUSD1>423195.45</ValorUSD1>
			<CCRendimientosvenc6digusd>140105</CCRendimientosvenc6digusd>
			<ValorUSD2>0</ValorUSD2>
			<CCProviAcumKvenc6digusd>140105</CCProviAcumKvenc6digusd>
			<ValorUSD3>0</ValorUSD3>
			<CodCCProvAcumrendVenc6dig>140105</CodCCProvAcumrendVenc6dig>
			<ValorUSD4>0</ValorUSD4>
			<ValorliquiovendidoUSD>0</ValorliquiovendidoUSD>
			<Fechaliquidacionoventa></Fechaliquidacionoventa>
			<Precioliquidacionoventa>0</Precioliquidacionoventa>
			<Valorliquidacionovent>0</Valorliquidacionovent>
			<MotivoLiquidacion>PLAZOCUMPLIDO</MotivoLiquidacion>
		</Registro>
		<Registro NumeroRegistro="11">
			<Tipoidentificacionemisor>RUC</Tipoidentificacionemisor>
			<Identificaciondelemisor>0991265414001</Identificaciondelemisor>
			<NumeroInstrumento>274726</NumeroInstrumento>
			<Tipoinstrumento>FACTURASCOMERCIALES</Tipoinstrumento>
			<EstadoInversion>INVVENCIDA</EstadoInversion>
			<Tipoderenta>RENTAFIJA</Tipoderenta>
			<Fechadecompra>30/03/2020</Fechadecompra>
			<Rangodevencimiento>181A360DIAS</Rangodevencimiento>
			<ValorContable>1551016.75</ValorContable>
			<TasaNominal>9</TasaNominal>
			<TasaCupon>0</TasaCupon>
			<Fechaultimocuponpagado>30/03/2020</Fechaultimocuponpagado>
			<Preciocompraporc>1</Preciocompraporc>
			<Valorefectivocompra>1551016.75</Valorefectivocompra>
			<Yieldporcentaje>0</Yieldporcentaje>
			<PreciohaceañoRF>1551016.75</PreciohaceañoRF>
			<Interesesacumulaxcobrar>0</Interesesacumulaxcobrar>
			<Montointeresesgenerdolares>70571.26</Montointeresesgenerdolares>
			<Valormercado>1551016.75</Valormercado>
			<Numeroaccionesfechacorte>0</Numeroaccionesfechacorte>
			<Preciomercadoactualxaccion>0</Preciomercadoactualxaccion>
			<Preciomercadohaceaño>0</Preciomercadohaceaño>
			<Divixaccionrecibidos>0</Divixaccionrecibidos>
			<Codvectorprecio>0</Codvectorprecio>
			<Calificacionemisor>AAMAS</Calificacionemisor>
			<Calificadoraderiesgo>OTRASCALIFICA</Calificadoraderiesgo>
			<Fechaultimacalificacion>30/10/2018</Fechaultimacalificacion>
			<Provisionconstituida>0</Provisionconstituida>
			<EstadoVencimientoliquidacion>TOTALVENCIDO</EstadoVencimientoliquidacion>
			<ValornominalVencido>1551016.75</ValornominalVencido>
			<InteresAcumxcobrarvenc>70571.26</InteresAcumxcobrarvenc>
			<NumeroCuotasvenc>1</NumeroCuotasvenc>
			<CCCapitalKvenc6dig>140410</CCCapitalKvenc6dig>
			<ValorUSD1>1551016.75</ValorUSD1>
			<CCRendimientosvenc6digusd>140105</CCRendimientosvenc6digusd>
			<ValorUSD2>0</ValorUSD2>
			<CCProviAcumKvenc6digusd>140105</CCProviAcumKvenc6digusd>
			<ValorUSD3>0</ValorUSD3>
			<CodCCProvAcumrendVenc6dig>140105</CodCCProvAcumrendVenc6dig>
			<ValorUSD4>0</ValorUSD4>
			<ValorliquiovendidoUSD>0</ValorliquiovendidoUSD>
			<Fechaliquidacionoventa></Fechaliquidacionoventa>
			<Precioliquidacionoventa>0</Precioliquidacionoventa>
			<Valorliquidacionovent>0</Valorliquidacionovent>
			<MotivoLiquidacion>PLAZOCUMPLIDO</MotivoLiquidacion>
		</Registro>
	
	</Detalle>
</REGISTROS>