<?xml version="1.0" encoding="UTF-8" standalone="yes"?>
<REGISTROS>
	<DatosEstructura>
		<CodigoEstructura>G03</CodigoEstructura>
		<CodigoEntidad>17</CodigoEntidad>
		<FechaCorte>31/07/2020</FechaCorte>
		<TotalRegistros>2</TotalRegistros>
	</DatosEstructura>
	<Detalle>
		<Registro NumeroRegistro="1">
			<Tipoidentificacionemisor>RUC</Tipoidentificacionemisor>
			<Identificaciondelemisor>0992697415001</Identificaciondelemisor>
			<NumeroInstrumento>273927</NumeroInstrumento>
			<Tipoinstrumento>FACTURASCOMERCIALES</Tipoinstrumento>
			<EstadoInversion>INVVENCIDA</EstadoInversion>
			<Tipoderenta>RENTAFIJA</Tipoderenta>
			<Fechadecompra>12/03/2020</Fechadecompra>
			<Rangodevencimiento>91A180DIAS</Rangodevencimiento>
			<ValorContable>248484.12</ValorContable>
			<TasaNominal>8.9</TasaNominal>
			<TasaCupon>0</TasaCupon>
			<Fechaultimocuponpagado>12/03/2020</Fechaultimocuponpagado>
			<Preciocompraporc>1</Preciocompraporc>
			<Valorefectivocompra>248484.12</Valorefectivocompra>
			<Yieldporcentaje>0</Yieldporcentaje>
			<PreciohaceañoRF>248484.12</PreciohaceañoRF>
			<Interesesacumulaxcobrar>0</Interesesacumulaxcobrar>
			<Montointeresesgenerdolares>7248.83</Montointeresesgenerdolares>
			<Valormercado>248484.12</Valormercado>
			<Numeroaccionesfechacorte>0</Numeroaccionesfechacorte>
			<Preciomercadoactualxaccion>0</Preciomercadoactualxaccion>
			<Preciomercadohaceaño>0</Preciomercadohaceaño>
			<Divixaccionrecibidos>0</Divixaccionrecibidos>
			<Codvectorprecio>0</Codvectorprecio>
			<Calificacionemisor>AAMAS</Calificacionemisor>
			<Calificadoraderiesgo>OTRASCALIFICA</Calificadoraderiesgo>
			<Fechaultimacalificacion>09/04/2019</Fechaultimacalificacion>
			<Provisionconstituida>0</Provisionconstituida>
			<EstadoVencimientoliquidacion>TOTALLIQUIDADO</EstadoVencimientoliquidacion>
			<ValornominalVencido>0</ValornominalVencido>
			<InteresAcumxcobrarvenc>0</InteresAcumxcobrarvenc>
			<NumeroCuotasvenc>0</NumeroCuotasvenc>
			<CCCapitalKvenc6dig>120105</CCCapitalKvenc6dig>
			<ValorUSD1>0</ValorUSD1>
			<CCRendimientosvenc6digusd>140105</CCRendimientosvenc6digusd>
			<ValorUSD2>0</ValorUSD2>
			<CCProviAcumKvenc6digusd>140105</CCProviAcumKvenc6digusd>
			<ValorUSD3>0</ValorUSD3>
			<CodCCProvAcumrendVenc6dig>140105</CodCCProvAcumrendVenc6dig>
			<ValorUSD4>0</ValorUSD4>
			<ValorliquiovendidoUSD>0</ValorliquiovendidoUSD>
			<Fechaliquidacionoventa>08/07/2020</Fechaliquidacionoventa>
			<Precioliquidacionoventa>0</Precioliquidacionoventa>
			<Valorliquidacionovent>0</Valorliquidacionovent>
			<MotivoLiquidacion>PLAZOCUMPLIDO</MotivoLiquidacion>
		</Registro>
	</Detalle>
</REGISTROS>