<?xml version="1.0" encoding="UTF-8"?><REGISTROS><DatosEstructura><CodigoEstructura>G45</CodigoEstructura><CodigoEntidad>17</CodigoEntidad><FechaCorte>30/04/2020</FechaCorte><TotalRegistros>5</TotalRegistros></DatosEstructura><Detalle><Registro NumeroRegistro="1"> <TipoIdentificacionParticipe>CED</TipoIdentificacionParticipe> <IdentificacionParticipe>0502785728</IdentificacionParticipe><NumeroOperacionCredito>CAP27812</NumeroOperacionCredito><TipoCredito>QUIROGRAFARIOS</TipoCredito><EstadoOperacion>ORIGINAL</EstadoOperacion><NumeroOperacionAnterior>0</NumeroOperacionAnterior><FechaRenovacion></FechaRenovacion><Provincia>05</Provincia><Canton>0501</Canton><NumeroCuotasCredito>27</NumeroCuotasCredito><FechaConcesion>27/04/2020</FechaConcesion><FechaVencimiento>31/07/2022</FechaVencimiento><ValorConcedido>1400.00</ValorConcedido><TasaInterezNominal>12.00</TasaInterezNominal><PeriodoGracia>1</PeriodoGracia><Tea>12.00</Tea><PeriodicidadPago>MENSUAL30D</PeriodicidadPago><FrecuenciaRevision>30</FrecuenciaRevision><GarantesGarantias>OPERSOLOGARANTREAL</GarantesGarantias><IdentificacionGarante></IdentificacionGarante><Plazo>825</Plazo><TipoTablaAmortizacion>FRANCESA</TipoTablaAmortizacion><FormaCobroCredito>DESCROLPAGPATRONO</FormaCobroCredito><EstadoRegistro>CRNUEVO</EstadoRegistro></Registro><Registro NumeroRegistro="2"> <TipoIdentificacionParticipe>CED</TipoIdentificacionParticipe> <IdentificacionParticipe>0102380094</IdentificacionParticipe><NumeroOperacionCredito>CAP27813</NumeroOperacionCredito><TipoCredito>QUIROGRAFARIOS</TipoCredito><EstadoOperacion>NOVADA</EstadoOperacion><NumeroOperacionAnterior>CAP26219</NumeroOperacionAnterior><FechaRenovacion>29/04/2020</FechaRenovacion><Provincia>01</Provincia><Canton>0101</Canton><NumeroCuotasCredito>84</NumeroCuotasCredito><FechaConcesion>29/04/2020</FechaConcesion><FechaVencimiento>31/05/2027</FechaVencimiento><ValorConcedido>24400.00</ValorConcedido><TasaInterezNominal>9.00</TasaInterezNominal><PeriodoGracia>1</PeriodoGracia><Tea>9.00</Tea><PeriodicidadPago>MENSUAL30D</PeriodicidadPago><FrecuenciaRevision>30</FrecuenciaRevision><GarantesGarantias>OPERSOLOGARANTREAL</GarantesGarantias><IdentificacionGarante></IdentificacionGarante><Plazo>2588</Plazo><TipoTablaAmortizacion>FRANCESA</TipoTablaAmortizacion><FormaCobroCredito>DESCROLPAGPATRONO</FormaCobroCredito><EstadoRegistro>CRNUEVO</EstadoRegistro></Registro><Registro NumeroRegistro="3"> <TipoIdentificacionParticipe>CED</TipoIdentificacionParticipe> <IdentificacionParticipe>1712625407</IdentificacionParticipe><NumeroOperacionCredito>CAP27815</NumeroOperacionCredito><TipoCredito>QUIROGRAFARIOS</TipoCredito><EstadoOperacion>ORIGINAL</EstadoOperacion><NumeroOperacionAnterior>0</NumeroOperacionAnterior><FechaRenovacion></FechaRenovacion><Provincia>17</Provincia><Canton>1701</Canton><NumeroCuotasCredito>48</NumeroCuotasCredito><FechaConcesion>29/04/2020</FechaConcesion><FechaVencimiento>30/04/2024</FechaVencimiento><ValorConcedido>7000.00</ValorConcedido><TasaInterezNominal>12.00</TasaInterezNominal><PeriodoGracia>1</PeriodoGracia><Tea>12.00</Tea><PeriodicidadPago>MENSUAL30D</PeriodicidadPago><FrecuenciaRevision>30</FrecuenciaRevision><GarantesGarantias>OPERSOLOGARANTREAL</GarantesGarantias><IdentificacionGarante></IdentificacionGarante><Plazo>1462</Plazo><TipoTablaAmortizacion>FRANCESA</TipoTablaAmortizacion><FormaCobroCredito>DESCROLPAGPATRONO</FormaCobroCredito><EstadoRegistro>CRNUEVO</EstadoRegistro></Registro><Registro NumeroRegistro="4"> <TipoIdentificacionParticipe>CED</TipoIdentificacionParticipe> <IdentificacionParticipe>1709917734</IdentificacionParticipe><NumeroOperacionCredito>CAP27816</NumeroOperacionCredito><TipoCredito>QUIROGRAFARIOS</TipoCredito><EstadoOperacion>ORIGINAL</EstadoOperacion><NumeroOperacionAnterior>0</NumeroOperacionAnterior><FechaRenovacion></FechaRenovacion><Provincia>17</Provincia><Canton>1701</Canton><NumeroCuotasCredito>45</NumeroCuotasCredito><FechaConcesion>27/04/2020</FechaConcesion><FechaVencimiento>31/01/2024</FechaVencimiento><ValorConcedido>26000.00</ValorConcedido><TasaInterezNominal>9.00</TasaInterezNominal><PeriodoGracia>1</PeriodoGracia><Tea>9.00</Tea><PeriodicidadPago>MENSUAL30D</PeriodicidadPago><FrecuenciaRevision>30</FrecuenciaRevision><GarantesGarantias>OPERSOLOGARANTREAL</GarantesGarantias><IdentificacionGarante></IdentificacionGarante><Plazo>1374</Plazo><TipoTablaAmortizacion>FRANCESA</TipoTablaAmortizacion><FormaCobroCredito>DESCROLPAGPATRONO</FormaCobroCredito><EstadoRegistro>CRNUEVO</EstadoRegistro></Registro></Detalle></REGISTROS>