<?xml version="1.0" encoding="UTF-8"?><REGISTROS><DatosEstructura><CodigoEstructura>G41</CodigoEstructura><CodigoEntidad>17</CodigoEntidad><FechaCorte>31/10/2020</FechaCorte><TotalRegistros>3</TotalRegistros></DatosEstructura><Detalle><Registro NumeroRegistro="1"><TipoIdentificacionParticipe>CED</TipoIdentificacionParticipe><IdentificacionParticipe>1714836739</IdentificacionParticipe><CorreoElectronico>ninguno@capremci.com.ec</CorreoElectronico><NombreParticipe>IMBA SANGACHA CHRISTHIAN SEBASTIAN            IMBA SANGACHA CHRISTHIAN SEBASTIAN           </NombreParticipe><SexoParticipe>M</SexoParticipe><EstadoCivilParticipe>C</EstadoCivilParticipe><FechaIngresoParticipe>05/10/2020</FechaIngresoParticipe><TipoRegistro>CUENTAINDIVIDUAL</TipoRegistro><BaseCalculoAportacion>SUELDO</BaseCalculoAportacion><RelacionLaboral>NOMBRAMIENTO</RelacionLaboral><EstadoRegistro>ING</EstadoRegistro><TipoPrestacion>CESANTIA</TipoPrestacion></Registro><Registro NumeroRegistro="2"><TipoIdentificacionParticipe>CED</TipoIdentificacionParticipe><IdentificacionParticipe>0502653728</IdentificacionParticipe><CorreoElectronico>ninguno@capremci.com.ec</CorreoElectronico><NombreParticipe>VILLAGOMEZ LESCANO MARIA DEL CARMEN           VILLAGOMEZ LESCANO MARIA DEL CARMEN          </NombreParticipe><SexoParticipe>M</SexoParticipe><EstadoCivilParticipe>C</EstadoCivilParticipe><FechaIngresoParticipe>05/10/2020</FechaIngresoParticipe><TipoRegistro>CUENTAINDIVIDUAL</TipoRegistro><BaseCalculoAportacion>SUELDO</BaseCalculoAportacion><RelacionLaboral>NOMBRAMIENTO</RelacionLaboral><EstadoRegistro>ING</EstadoRegistro><TipoPrestacion>CESANTIA</TipoPrestacion></Registro></Detalle></REGISTROS>