<?xml version="1.0" encoding="UTF-8"?><REGISTROS><DatosEstructura><CodigoEstructura>G45</CodigoEstructura><CodigoEntidad>17</CodigoEntidad><FechaCorte>31/05/2020</FechaCorte><TotalRegistros>49</TotalRegistros></DatosEstructura><Detalle><Registro NumeroRegistro="1"> <TipoIdentificacionParticipe>CED</TipoIdentificacionParticipe> <IdentificacionParticipe>1703745479</IdentificacionParticipe><NumeroOperacionCredito>CAP27824</NumeroOperacionCredito><TipoCredito>QUIROGRAFARIOS</TipoCredito><EstadoOperacion>NOVADA</EstadoOperacion><NumeroOperacionAnterior>CAP24261</NumeroOperacionAnterior><FechaRenovacion>11/05/2020</FechaRenovacion><Provincia>17</Provincia><Canton>1701</Canton><NumeroCuotasCredito>69</NumeroCuotasCredito><FechaConcesion>11/05/2020</FechaConcesion><FechaVencimiento>28/02/2026</FechaVencimiento><ValorConcedido>9010.00</ValorConcedido><TasaInterezNominal>9.00</TasaInterezNominal><PeriodoGracia>1</PeriodoGracia><Tea>9.00</Tea><PeriodicidadPago>MENSUAL30D</PeriodicidadPago><FrecuenciaRevision>30</FrecuenciaRevision><GarantesGarantias>OPERSOLOGARANTREAL</GarantesGarantias><IdentificacionGarante></IdentificacionGarante><Plazo>2119</Plazo><TipoTablaAmortizacion>FRANCESA</TipoTablaAmortizacion><FormaCobroCredito>DESCROLPAGPATRONO</FormaCobroCredito><EstadoRegistro>CRNUEVO</EstadoRegistro></Registro><Registro NumeroRegistro="2"> <TipoIdentificacionParticipe>CED</TipoIdentificacionParticipe> <IdentificacionParticipe>1206112961</IdentificacionParticipe><NumeroOperacionCredito>CAP27830</NumeroOperacionCredito><TipoCredito>QUIROGRAFARIOS</TipoCredito><EstadoOperacion>NOVADA</EstadoOperacion><NumeroOperacionAnterior>CAP26187</NumeroOperacionAnterior><FechaRenovacion>06/05/2020</FechaRenovacion><Provincia>09</Provincia><Canton>0901</Canton><NumeroCuotasCredito>18</NumeroCuotasCredito><FechaConcesion>06/05/2020</FechaConcesion><FechaVencimiento>30/11/2021</FechaVencimiento><ValorConcedido>860.00</ValorConcedido><TasaInterezNominal>9.00</TasaInterezNominal><PeriodoGracia>1</PeriodoGracia><Tea>9.00</Tea><PeriodicidadPago>MENSUAL30D</PeriodicidadPago><FrecuenciaRevision>30</FrecuenciaRevision><GarantesGarantias>OPERSOLOGARANTREAL</GarantesGarantias><IdentificacionGarante></IdentificacionGarante><Plazo>573</Plazo><TipoTablaAmortizacion>FRANCESA</TipoTablaAmortizacion><FormaCobroCredito>DESCROLPAGPATRONO</FormaCobroCredito><EstadoRegistro>CRNUEVO</EstadoRegistro></Registro><Registro NumeroRegistro="3"> <TipoIdentificacionParticipe>CED</TipoIdentificacionParticipe> <IdentificacionParticipe>0910426741</IdentificacionParticipe><NumeroOperacionCredito>CAP27831</NumeroOperacionCredito><TipoCredito>QUIROGRAFARIOS</TipoCredito><EstadoOperacion>NOVADA</EstadoOperacion><NumeroOperacionAnterior>CAP26984</NumeroOperacionAnterior><FechaRenovacion>06/05/2020</FechaRenovacion><Provincia>09</Provincia><Canton>0901</Canton><NumeroCuotasCredito>54</NumeroCuotasCredito><FechaConcesion>06/05/2020</FechaConcesion><FechaVencimiento>30/11/2024</FechaVencimiento><ValorConcedido>6680.00</ValorConcedido><TasaInterezNominal>9.00</TasaInterezNominal><PeriodoGracia>1</PeriodoGracia><Tea>9.00</Tea><PeriodicidadPago>MENSUAL30D</PeriodicidadPago><FrecuenciaRevision>30</FrecuenciaRevision><GarantesGarantias>OPERSOLOGARANTREAL</GarantesGarantias><IdentificacionGarante></IdentificacionGarante><Plazo>1669</Plazo><TipoTablaAmortizacion>FRANCESA</TipoTablaAmortizacion><FormaCobroCredito>DESCROLPAGPATRONO</FormaCobroCredito><EstadoRegistro>CRNUEVO</EstadoRegistro></Registro><Registro NumeroRegistro="4"> <TipoIdentificacionParticipe>CED</TipoIdentificacionParticipe> <IdentificacionParticipe>1708028285</IdentificacionParticipe><NumeroOperacionCredito>CAP27833</NumeroOperacionCredito><TipoCredito>QUIROGRAFARIOS</TipoCredito><EstadoOperacion>NOVADA</EstadoOperacion><NumeroOperacionAnterior>CAP23069</NumeroOperacionAnterior><FechaRenovacion>11/05/2020</FechaRenovacion><Provincia>17</Provincia><Canton>1701</Canton><NumeroCuotasCredito>84</NumeroCuotasCredito><FechaConcesion>11/05/2020</FechaConcesion><FechaVencimiento>31/05/2027</FechaVencimiento><ValorConcedido>16580.00</ValorConcedido><TasaInterezNominal>9.00</TasaInterezNominal><PeriodoGracia>1</PeriodoGracia><Tea>9.00</Tea><PeriodicidadPago>MENSUAL30D</PeriodicidadPago><FrecuenciaRevision>30</FrecuenciaRevision><GarantesGarantias>OPERSOLOGARANTREAL</GarantesGarantias><IdentificacionGarante></IdentificacionGarante><Plazo>2576</Plazo><TipoTablaAmortizacion>FRANCESA</TipoTablaAmortizacion><FormaCobroCredito>DESCROLPAGPATRONO</FormaCobroCredito><EstadoRegistro>CRNUEVO</EstadoRegistro></Registro><Registro NumeroRegistro="5"> <TipoIdentificacionParticipe>CED</TipoIdentificacionParticipe> <IdentificacionParticipe>0911967438</IdentificacionParticipe><NumeroOperacionCredito>CAP27843</NumeroOperacionCredito><TipoCredito>QUIROGRAFARIOS</TipoCredito><EstadoOperacion>NOVADA</EstadoOperacion><NumeroOperacionAnterior>CAP26559</NumeroOperacionAnterior><FechaRenovacion>14/05/2020</FechaRenovacion><Provincia>09</Provincia><Canton>0901</Canton><NumeroCuotasCredito>45</NumeroCuotasCredito><FechaConcesion>14/05/2020</FechaConcesion><FechaVencimiento>29/02/2024</FechaVencimiento><ValorConcedido>4790.00</ValorConcedido><TasaInterezNominal>9.00</TasaInterezNominal><PeriodoGracia>1</PeriodoGracia><Tea>9.00</Tea><PeriodicidadPago>MENSUAL30D</PeriodicidadPago><FrecuenciaRevision>30</FrecuenciaRevision><GarantesGarantias>OPERSOLOGARANTREAL</GarantesGarantias><IdentificacionGarante></IdentificacionGarante><Plazo>1386</Plazo><TipoTablaAmortizacion>FRANCESA</TipoTablaAmortizacion><FormaCobroCredito>DESCROLPAGPATRONO</FormaCobroCredito><EstadoRegistro>CRNUEVO</EstadoRegistro></Registro><Registro NumeroRegistro="6"> <TipoIdentificacionParticipe>CED</TipoIdentificacionParticipe> <IdentificacionParticipe>1709041923</IdentificacionParticipe><NumeroOperacionCredito>CAP27847</NumeroOperacionCredito><TipoCredito>QUIROGRAFARIOS</TipoCredito><EstadoOperacion>NOVADA</EstadoOperacion><NumeroOperacionAnterior>CAP23588</NumeroOperacionAnterior><FechaRenovacion>11/05/2020</FechaRenovacion><Provincia>17</Provincia><Canton>1701</Canton><NumeroCuotasCredito>48</NumeroCuotasCredito><FechaConcesion>11/05/2020</FechaConcesion><FechaVencimiento>31/05/2024</FechaVencimiento><ValorConcedido>5560.00</ValorConcedido><TasaInterezNominal>9.00</TasaInterezNominal><PeriodoGracia>1</PeriodoGracia><Tea>9.00</Tea><PeriodicidadPago>MENSUAL30D</PeriodicidadPago><FrecuenciaRevision>30</FrecuenciaRevision><GarantesGarantias>OPERSOLOGARANTREAL</GarantesGarantias><IdentificacionGarante></IdentificacionGarante><Plazo>1481</Plazo><TipoTablaAmortizacion>FRANCESA</TipoTablaAmortizacion><FormaCobroCredito>DESCROLPAGPATRONO</FormaCobroCredito><EstadoRegistro>CRNUEVO</EstadoRegistro></Registro><Registro NumeroRegistro="7"> <TipoIdentificacionParticipe>CED</TipoIdentificacionParticipe> <IdentificacionParticipe>0910279082</IdentificacionParticipe><NumeroOperacionCredito>CAP27851</NumeroOperacionCredito><TipoCredito>QUIROGRAFARIOS</TipoCredito><EstadoOperacion>NOVADA</EstadoOperacion><NumeroOperacionAnterior>CAP26735</NumeroOperacionAnterior><FechaRenovacion>14/05/2020</FechaRenovacion><Provincia>09</Provincia><Canton>0901</Canton><NumeroCuotasCredito>48</NumeroCuotasCredito><FechaConcesion>14/05/2020</FechaConcesion><FechaVencimiento>31/05/2024</FechaVencimiento><ValorConcedido>5280.00</ValorConcedido><TasaInterezNominal>9.00</TasaInterezNominal><PeriodoGracia>1</PeriodoGracia><Tea>9.00</Tea><PeriodicidadPago>MENSUAL30D</PeriodicidadPago><FrecuenciaRevision>30</FrecuenciaRevision><GarantesGarantias>OPERSOLOGARANTREAL</GarantesGarantias><IdentificacionGarante></IdentificacionGarante><Plazo>1478</Plazo><TipoTablaAmortizacion>FRANCESA</TipoTablaAmortizacion><FormaCobroCredito>DESCROLPAGPATRONO</FormaCobroCredito><EstadoRegistro>CRNUEVO</EstadoRegistro></Registro><Registro NumeroRegistro="8"> <TipoIdentificacionParticipe>CED</TipoIdentificacionParticipe> <IdentificacionParticipe>0907799886</IdentificacionParticipe><NumeroOperacionCredito>CAP27853</NumeroOperacionCredito><TipoCredito>QUIROGRAFARIOS</TipoCredito><EstadoOperacion>NOVADA</EstadoOperacion><NumeroOperacionAnterior>CAP26630</NumeroOperacionAnterior><FechaRenovacion>14/05/2020</FechaRenovacion><Provincia>09</Provincia><Canton>0901</Canton><NumeroCuotasCredito>54</NumeroCuotasCredito><FechaConcesion>14/05/2020</FechaConcesion><FechaVencimiento>30/11/2024</FechaVencimiento><ValorConcedido>6820.00</ValorConcedido><TasaInterezNominal>9.00</TasaInterezNominal><PeriodoGracia>1</PeriodoGracia><Tea>9.00</Tea><PeriodicidadPago>MENSUAL30D</PeriodicidadPago><FrecuenciaRevision>30</FrecuenciaRevision><GarantesGarantias>OPERSOLOGARANTREAL</GarantesGarantias><IdentificacionGarante></IdentificacionGarante><Plazo>1661</Plazo><TipoTablaAmortizacion>FRANCESA</TipoTablaAmortizacion><FormaCobroCredito>DESCROLPAGPATRONO</FormaCobroCredito><EstadoRegistro>CRNUEVO</EstadoRegistro></Registro><Registro NumeroRegistro="9"> <TipoIdentificacionParticipe>CED</TipoIdentificacionParticipe> <IdentificacionParticipe>0602004053</IdentificacionParticipe><NumeroOperacionCredito>CAP27856</NumeroOperacionCredito><TipoCredito>QUIROGRAFARIOS</TipoCredito><EstadoOperacion>NOVADA</EstadoOperacion><NumeroOperacionAnterior>CAP24308</NumeroOperacionAnterior><FechaRenovacion>14/05/2020</FechaRenovacion><Provincia>17</Provincia><Canton>1701</Canton><NumeroCuotasCredito>21</NumeroCuotasCredito><FechaConcesion>14/05/2020</FechaConcesion><FechaVencimiento>28/02/2022</FechaVencimiento><ValorConcedido>1000.00</ValorConcedido><TasaInterezNominal>9.00</TasaInterezNominal><PeriodoGracia>1</PeriodoGracia><Tea>9.00</Tea><PeriodicidadPago>MENSUAL30D</PeriodicidadPago><FrecuenciaRevision>30</FrecuenciaRevision><GarantesGarantias>OPERSOLOGARANTREAL</GarantesGarantias><IdentificacionGarante></IdentificacionGarante><Plazo>655</Plazo><TipoTablaAmortizacion>FRANCESA</TipoTablaAmortizacion><FormaCobroCredito>DESCROLPAGPATRONO</FormaCobroCredito><EstadoRegistro>CRNUEVO</EstadoRegistro></Registro><Registro NumeroRegistro="10"> <TipoIdentificacionParticipe>CED</TipoIdentificacionParticipe> <IdentificacionParticipe>1304657560</IdentificacionParticipe><NumeroOperacionCredito>CAP27858</NumeroOperacionCredito><TipoCredito>QUIROGRAFARIOS</TipoCredito><EstadoOperacion>NOVADA</EstadoOperacion><NumeroOperacionAnterior>CAP26589</NumeroOperacionAnterior><FechaRenovacion>19/05/2020</FechaRenovacion><Provincia>13</Provincia><Canton>1301</Canton><NumeroCuotasCredito>48</NumeroCuotasCredito><FechaConcesion>19/05/2020</FechaConcesion><FechaVencimiento>31/05/2024</FechaVencimiento><ValorConcedido>5880.00</ValorConcedido><TasaInterezNominal>9.00</TasaInterezNominal><PeriodoGracia>1</PeriodoGracia><Tea>9.00</Tea><PeriodicidadPago>MENSUAL30D</PeriodicidadPago><FrecuenciaRevision>30</FrecuenciaRevision><GarantesGarantias>OPERSOLOGARANTREAL</GarantesGarantias><IdentificacionGarante></IdentificacionGarante><Plazo>1473</Plazo><TipoTablaAmortizacion>FRANCESA</TipoTablaAmortizacion><FormaCobroCredito>DESCROLPAGPATRONO</FormaCobroCredito><EstadoRegistro>CRNUEVO</EstadoRegistro></Registro><Registro NumeroRegistro="11"> <TipoIdentificacionParticipe>CED</TipoIdentificacionParticipe> <IdentificacionParticipe>1714543020</IdentificacionParticipe><NumeroOperacionCredito>CAP27859</NumeroOperacionCredito><TipoCredito>QUIROGRAFARIOS</TipoCredito><EstadoOperacion>ORIGINAL</EstadoOperacion><NumeroOperacionAnterior>0</NumeroOperacionAnterior><FechaRenovacion></FechaRenovacion><Provincia>17</Provincia><Canton>1701</Canton><NumeroCuotasCredito>39</NumeroCuotasCredito><FechaConcesion>14/05/2020</FechaConcesion><FechaVencimiento>31/08/2023</FechaVencimiento><ValorConcedido>3000.00</ValorConcedido><TasaInterezNominal>12.00</TasaInterezNominal><PeriodoGracia>1</PeriodoGracia><Tea>12.00</Tea><PeriodicidadPago>MENSUAL30D</PeriodicidadPago><FrecuenciaRevision>30</FrecuenciaRevision><GarantesGarantias>OPERSOLOGARANTREAL</GarantesGarantias><IdentificacionGarante></IdentificacionGarante><Plazo>1204</Plazo><TipoTablaAmortizacion>FRANCESA</TipoTablaAmortizacion><FormaCobroCredito>DESCROLPAGPATRONO</FormaCobroCredito><EstadoRegistro>CRNUEVO</EstadoRegistro></Registro><Registro NumeroRegistro="12"> <TipoIdentificacionParticipe>CED</TipoIdentificacionParticipe> <IdentificacionParticipe>0908633829</IdentificacionParticipe><NumeroOperacionCredito>CAP27861</NumeroOperacionCredito><TipoCredito>QUIROGRAFARIOS</TipoCredito><EstadoOperacion>NOVADA</EstadoOperacion><NumeroOperacionAnterior>CAP25643</NumeroOperacionAnterior><FechaRenovacion>21/05/2020</FechaRenovacion><Provincia>09</Provincia><Canton>0901</Canton><NumeroCuotasCredito>84</NumeroCuotasCredito><FechaConcesion>21/05/2020</FechaConcesion><FechaVencimiento>31/05/2027</FechaVencimiento><ValorConcedido>16620.00</ValorConcedido><TasaInterezNominal>9.00</TasaInterezNominal><PeriodoGracia>1</PeriodoGracia><Tea>9.00</Tea><PeriodicidadPago>MENSUAL30D</PeriodicidadPago><FrecuenciaRevision>30</FrecuenciaRevision><GarantesGarantias>OPERSOLOGARANTREAL</GarantesGarantias><IdentificacionGarante></IdentificacionGarante><Plazo>2566</Plazo><TipoTablaAmortizacion>FRANCESA</TipoTablaAmortizacion><FormaCobroCredito>DESCROLPAGPATRONO</FormaCobroCredito><EstadoRegistro>CRNUEVO</EstadoRegistro></Registro><Registro NumeroRegistro="13"> <TipoIdentificacionParticipe>CED</TipoIdentificacionParticipe> <IdentificacionParticipe>0909026213</IdentificacionParticipe><NumeroOperacionCredito>CAP27863</NumeroOperacionCredito><TipoCredito>QUIROGRAFARIOS</TipoCredito><EstadoOperacion>NOVADA</EstadoOperacion><NumeroOperacionAnterior>CAP26363</NumeroOperacionAnterior><FechaRenovacion>14/05/2020</FechaRenovacion><Provincia>09</Provincia><Canton>0901</Canton><NumeroCuotasCredito>84</NumeroCuotasCredito><FechaConcesion>14/05/2020</FechaConcesion><FechaVencimiento>30/06/2027</FechaVencimiento><ValorConcedido>26000.00</ValorConcedido><TasaInterezNominal>9.00</TasaInterezNominal><PeriodoGracia>1</PeriodoGracia><Tea>9.00</Tea><PeriodicidadPago>MENSUAL30D</PeriodicidadPago><FrecuenciaRevision>30</FrecuenciaRevision><GarantesGarantias>OPERSOLOGARANTREAL</GarantesGarantias><IdentificacionGarante></IdentificacionGarante><Plazo>2603</Plazo><TipoTablaAmortizacion>FRANCESA</TipoTablaAmortizacion><FormaCobroCredito>DESCROLPAGPATRONO</FormaCobroCredito><EstadoRegistro>CRNUEVO</EstadoRegistro></Registro><Registro NumeroRegistro="14"> <TipoIdentificacionParticipe>CED</TipoIdentificacionParticipe> <IdentificacionParticipe>0501213409</IdentificacionParticipe><NumeroOperacionCredito>CAP27864</NumeroOperacionCredito><TipoCredito>QUIROGRAFARIOS</TipoCredito><EstadoOperacion>NOVADA</EstadoOperacion><NumeroOperacionAnterior>CAP26751</NumeroOperacionAnterior><FechaRenovacion>26/05/2020</FechaRenovacion><Provincia>05</Provincia><Canton>0501</Canton><NumeroCuotasCredito>48</NumeroCuotasCredito><FechaConcesion>26/05/2020</FechaConcesion><FechaVencimiento>31/05/2024</FechaVencimiento><ValorConcedido>7000.00</ValorConcedido><TasaInterezNominal>12.00</TasaInterezNominal><PeriodoGracia>1</PeriodoGracia><Tea>12.00</Tea><PeriodicidadPago>MENSUAL30D</PeriodicidadPago><FrecuenciaRevision>30</FrecuenciaRevision><GarantesGarantias>OPERSOLOGARANTREAL</GarantesGarantias><IdentificacionGarante></IdentificacionGarante><Plazo>1466</Plazo><TipoTablaAmortizacion>FRANCESA</TipoTablaAmortizacion><FormaCobroCredito>DESCROLPAGPATRONO</FormaCobroCredito><EstadoRegistro>CRNUEVO</EstadoRegistro></Registro><Registro NumeroRegistro="15"> <TipoIdentificacionParticipe>CED</TipoIdentificacionParticipe> <IdentificacionParticipe>1103034292</IdentificacionParticipe><NumeroOperacionCredito>CAP27865</NumeroOperacionCredito><TipoCredito>QUIROGRAFARIOS</TipoCredito><EstadoOperacion>ORIGINAL</EstadoOperacion><NumeroOperacionAnterior>0</NumeroOperacionAnterior><FechaRenovacion></FechaRenovacion><Provincia>11</Provincia><Canton>1101</Canton><NumeroCuotasCredito>45</NumeroCuotasCredito><FechaConcesion>19/05/2020</FechaConcesion><FechaVencimiento>29/02/2024</FechaVencimiento><ValorConcedido>4000.00</ValorConcedido><TasaInterezNominal>12.00</TasaInterezNominal><PeriodoGracia>1</PeriodoGracia><Tea>12.00</Tea><PeriodicidadPago>MENSUAL30D</PeriodicidadPago><FrecuenciaRevision>30</FrecuenciaRevision><GarantesGarantias>OPERSOLOGARANTREAL</GarantesGarantias><IdentificacionGarante></IdentificacionGarante><Plazo>1381</Plazo><TipoTablaAmortizacion>FRANCESA</TipoTablaAmortizacion><FormaCobroCredito>DESCROLPAGPATRONO</FormaCobroCredito><EstadoRegistro>CRNUEVO</EstadoRegistro></Registro><Registro NumeroRegistro="16"> <TipoIdentificacionParticipe>CED</TipoIdentificacionParticipe> <IdentificacionParticipe>1304156175</IdentificacionParticipe><NumeroOperacionCredito>CAP27867</NumeroOperacionCredito><TipoCredito>QUIROGRAFARIOS</TipoCredito><EstadoOperacion>NOVADA</EstadoOperacion><NumeroOperacionAnterior>CAP19765</NumeroOperacionAnterior><FechaRenovacion>14/05/2020</FechaRenovacion><Provincia>09</Provincia><Canton>0901</Canton><NumeroCuotasCredito>78</NumeroCuotasCredito><FechaConcesion>14/05/2020</FechaConcesion><FechaVencimiento>30/11/2026</FechaVencimiento><ValorConcedido>13500.00</ValorConcedido><TasaInterezNominal>9.00</TasaInterezNominal><PeriodoGracia>1</PeriodoGracia><Tea>9.00</Tea><PeriodicidadPago>MENSUAL30D</PeriodicidadPago><FrecuenciaRevision>30</FrecuenciaRevision><GarantesGarantias>OPERSOLOGARANTREAL</GarantesGarantias><IdentificacionGarante></IdentificacionGarante><Plazo>2391</Plazo><TipoTablaAmortizacion>FRANCESA</TipoTablaAmortizacion><FormaCobroCredito>DESCROLPAGPATRONO</FormaCobroCredito><EstadoRegistro>CRNUEVO</EstadoRegistro></Registro><Registro NumeroRegistro="17"> <TipoIdentificacionParticipe>CED</TipoIdentificacionParticipe> <IdentificacionParticipe>1712481827</IdentificacionParticipe><NumeroOperacionCredito>CAP27874</NumeroOperacionCredito><TipoCredito>QUIROGRAFARIOS</TipoCredito><EstadoOperacion>ORIGINAL</EstadoOperacion><NumeroOperacionAnterior>0</NumeroOperacionAnterior><FechaRenovacion></FechaRenovacion><Provincia>17</Provincia><Canton>1701</Canton><NumeroCuotasCredito>42</NumeroCuotasCredito><FechaConcesion>14/05/2020</FechaConcesion><FechaVencimiento>30/11/2023</FechaVencimiento><ValorConcedido>3500.00</ValorConcedido><TasaInterezNominal>12.00</TasaInterezNominal><PeriodoGracia>1</PeriodoGracia><Tea>12.00</Tea><PeriodicidadPago>MENSUAL30D</PeriodicidadPago><FrecuenciaRevision>30</FrecuenciaRevision><GarantesGarantias>OPERSOLOGARANTREAL</GarantesGarantias><IdentificacionGarante></IdentificacionGarante><Plazo>1295</Plazo><TipoTablaAmortizacion>FRANCESA</TipoTablaAmortizacion><FormaCobroCredito>DESCROLPAGPATRONO</FormaCobroCredito><EstadoRegistro>CRNUEVO</EstadoRegistro></Registro><Registro NumeroRegistro="18"> <TipoIdentificacionParticipe>CED</TipoIdentificacionParticipe> <IdentificacionParticipe>0908052426</IdentificacionParticipe><NumeroOperacionCredito>CAP27878</NumeroOperacionCredito><TipoCredito>QUIROGRAFARIOS</TipoCredito><EstadoOperacion>NOVADA</EstadoOperacion><NumeroOperacionAnterior>CAP25681</NumeroOperacionAnterior><FechaRenovacion>21/05/2020</FechaRenovacion><Provincia>09</Provincia><Canton>0901</Canton><NumeroCuotasCredito>42</NumeroCuotasCredito><FechaConcesion>21/05/2020</FechaConcesion><FechaVencimiento>30/11/2023</FechaVencimiento><ValorConcedido>3810.00</ValorConcedido><TasaInterezNominal>9.00</TasaInterezNominal><PeriodoGracia>1</PeriodoGracia><Tea>9.00</Tea><PeriodicidadPago>MENSUAL30D</PeriodicidadPago><FrecuenciaRevision>30</FrecuenciaRevision><GarantesGarantias>OPERSOLOGARANTREAL</GarantesGarantias><IdentificacionGarante></IdentificacionGarante><Plazo>1288</Plazo><TipoTablaAmortizacion>FRANCESA</TipoTablaAmortizacion><FormaCobroCredito>DESCROLPAGPATRONO</FormaCobroCredito><EstadoRegistro>CRNUEVO</EstadoRegistro></Registro><Registro NumeroRegistro="19"> <TipoIdentificacionParticipe>CED</TipoIdentificacionParticipe> <IdentificacionParticipe>0916582661</IdentificacionParticipe><NumeroOperacionCredito>CAP27880</NumeroOperacionCredito><TipoCredito>QUIROGRAFARIOS</TipoCredito><EstadoOperacion>NOVADA</EstadoOperacion><NumeroOperacionAnterior>CAP25263</NumeroOperacionAnterior><FechaRenovacion>21/05/2020</FechaRenovacion><Provincia>09</Provincia><Canton>0901</Canton><NumeroCuotasCredito>42</NumeroCuotasCredito><FechaConcesion>21/05/2020</FechaConcesion><FechaVencimiento>30/11/2023</FechaVencimiento><ValorConcedido>3840.00</ValorConcedido><TasaInterezNominal>9.00</TasaInterezNominal><PeriodoGracia>1</PeriodoGracia><Tea>9.00</Tea><PeriodicidadPago>MENSUAL30D</PeriodicidadPago><FrecuenciaRevision>30</FrecuenciaRevision><GarantesGarantias>OPERSOLOGARANTREAL</GarantesGarantias><IdentificacionGarante></IdentificacionGarante><Plazo>1288</Plazo><TipoTablaAmortizacion>FRANCESA</TipoTablaAmortizacion><FormaCobroCredito>DESCROLPAGPATRONO</FormaCobroCredito><EstadoRegistro>CRNUEVO</EstadoRegistro></Registro><Registro NumeroRegistro="20"> <TipoIdentificacionParticipe>CED</TipoIdentificacionParticipe> <IdentificacionParticipe>0907809172</IdentificacionParticipe><NumeroOperacionCredito>CAP27882</NumeroOperacionCredito><TipoCredito>QUIROGRAFARIOS</TipoCredito><EstadoOperacion>NOVADA</EstadoOperacion><NumeroOperacionAnterior>CAP26150</NumeroOperacionAnterior><FechaRenovacion>19/05/2020</FechaRenovacion><Provincia>09</Provincia><Canton>0901</Canton><NumeroCuotasCredito>45</NumeroCuotasCredito><FechaConcesion>19/05/2020</FechaConcesion><FechaVencimiento>29/02/2024</FechaVencimiento><ValorConcedido>4670.00</ValorConcedido><TasaInterezNominal>9.00</TasaInterezNominal><PeriodoGracia>1</PeriodoGracia><Tea>9.00</Tea><PeriodicidadPago>MENSUAL30D</PeriodicidadPago><FrecuenciaRevision>30</FrecuenciaRevision><GarantesGarantias>OPERSOLOGARANTREAL</GarantesGarantias><IdentificacionGarante></IdentificacionGarante><Plazo>1381</Plazo><TipoTablaAmortizacion>FRANCESA</TipoTablaAmortizacion><FormaCobroCredito>DESCROLPAGPATRONO</FormaCobroCredito><EstadoRegistro>CRNUEVO</EstadoRegistro></Registro><Registro NumeroRegistro="21"> <TipoIdentificacionParticipe>CED</TipoIdentificacionParticipe> <IdentificacionParticipe>0201124732</IdentificacionParticipe><NumeroOperacionCredito>CAP27885</NumeroOperacionCredito><TipoCredito>QUIROGRAFARIOS</TipoCredito><EstadoOperacion>NOVADA</EstadoOperacion><NumeroOperacionAnterior>CAP26678</NumeroOperacionAnterior><FechaRenovacion>26/05/2020</FechaRenovacion><Provincia>17</Provincia><Canton>1701</Canton><NumeroCuotasCredito>84</NumeroCuotasCredito><FechaConcesion>26/05/2020</FechaConcesion><FechaVencimiento>31/05/2027</FechaVencimiento><ValorConcedido>16200.00</ValorConcedido><TasaInterezNominal>9.00</TasaInterezNominal><PeriodoGracia>1</PeriodoGracia><Tea>9.00</Tea><PeriodicidadPago>MENSUAL30D</PeriodicidadPago><FrecuenciaRevision>30</FrecuenciaRevision><GarantesGarantias>OPERSOLOGARANTREAL</GarantesGarantias><IdentificacionGarante></IdentificacionGarante><Plazo>2561</Plazo><TipoTablaAmortizacion>FRANCESA</TipoTablaAmortizacion><FormaCobroCredito>DESCROLPAGPATRONO</FormaCobroCredito><EstadoRegistro>CRNUEVO</EstadoRegistro></Registro><Registro NumeroRegistro="22"> <TipoIdentificacionParticipe>CED</TipoIdentificacionParticipe> <IdentificacionParticipe>1500852866</IdentificacionParticipe><NumeroOperacionCredito>CAP27886</NumeroOperacionCredito><TipoCredito>QUIROGRAFARIOS</TipoCredito><EstadoOperacion>NOVADA</EstadoOperacion><NumeroOperacionAnterior>CAP27003</NumeroOperacionAnterior><FechaRenovacion>19/05/2020</FechaRenovacion><Provincia>17</Provincia><Canton>1701</Canton><NumeroCuotasCredito>42</NumeroCuotasCredito><FechaConcesion>19/05/2020</FechaConcesion><FechaVencimiento>30/11/2023</FechaVencimiento><ValorConcedido>3880.00</ValorConcedido><TasaInterezNominal>9.00</TasaInterezNominal><PeriodoGracia>1</PeriodoGracia><Tea>9.00</Tea><PeriodicidadPago>MENSUAL30D</PeriodicidadPago><FrecuenciaRevision>30</FrecuenciaRevision><GarantesGarantias>OPERSOLOGARANTREAL</GarantesGarantias><IdentificacionGarante></IdentificacionGarante><Plazo>1290</Plazo><TipoTablaAmortizacion>FRANCESA</TipoTablaAmortizacion><FormaCobroCredito>DESCROLPAGPATRONO</FormaCobroCredito><EstadoRegistro>CRNUEVO</EstadoRegistro></Registro><Registro NumeroRegistro="23"> <TipoIdentificacionParticipe>CED</TipoIdentificacionParticipe> <IdentificacionParticipe>1201416565</IdentificacionParticipe><NumeroOperacionCredito>CAP27887</NumeroOperacionCredito><TipoCredito>QUIROGRAFARIOS</TipoCredito><EstadoOperacion>NOVADA</EstadoOperacion><NumeroOperacionAnterior>CAP25880</NumeroOperacionAnterior><FechaRenovacion>27/05/2020</FechaRenovacion><Provincia>09</Provincia><Canton>0901</Canton><NumeroCuotasCredito>45</NumeroCuotasCredito><FechaConcesion>27/05/2020</FechaConcesion><FechaVencimiento>29/02/2024</FechaVencimiento><ValorConcedido>4880.00</ValorConcedido><TasaInterezNominal>9.00</TasaInterezNominal><PeriodoGracia>1</PeriodoGracia><Tea>9.00</Tea><PeriodicidadPago>MENSUAL30D</PeriodicidadPago><FrecuenciaRevision>30</FrecuenciaRevision><GarantesGarantias>OPERSOLOGARANTREAL</GarantesGarantias><IdentificacionGarante></IdentificacionGarante><Plazo>1373</Plazo><TipoTablaAmortizacion>FRANCESA</TipoTablaAmortizacion><FormaCobroCredito>DESCROLPAGPATRONO</FormaCobroCredito><EstadoRegistro>CRNUEVO</EstadoRegistro></Registro><Registro NumeroRegistro="24"> <TipoIdentificacionParticipe>CED</TipoIdentificacionParticipe> <IdentificacionParticipe>0910708262</IdentificacionParticipe><NumeroOperacionCredito>CAP27891</NumeroOperacionCredito><TipoCredito>QUIROGRAFARIOS</TipoCredito><EstadoOperacion>NOVADA</EstadoOperacion><NumeroOperacionAnterior>CAP26301</NumeroOperacionAnterior><FechaRenovacion>29/05/2020</FechaRenovacion><Provincia>24</Provincia><Canton>2401</Canton><NumeroCuotasCredito>48</NumeroCuotasCredito><FechaConcesion>29/05/2020</FechaConcesion><FechaVencimiento>31/05/2024</FechaVencimiento><ValorConcedido>5100.00</ValorConcedido><TasaInterezNominal>9.00</TasaInterezNominal><PeriodoGracia>1</PeriodoGracia><Tea>9.00</Tea><PeriodicidadPago>MENSUAL30D</PeriodicidadPago><FrecuenciaRevision>30</FrecuenciaRevision><GarantesGarantias>OPERSOLOGARANTREAL</GarantesGarantias><IdentificacionGarante></IdentificacionGarante><Plazo>1463</Plazo><TipoTablaAmortizacion>FRANCESA</TipoTablaAmortizacion><FormaCobroCredito>DESCROLPAGPATRONO</FormaCobroCredito><EstadoRegistro>CRNUEVO</EstadoRegistro></Registro><Registro NumeroRegistro="25"> <TipoIdentificacionParticipe>CED</TipoIdentificacionParticipe> <IdentificacionParticipe>0913872552</IdentificacionParticipe><NumeroOperacionCredito>CAP27894</NumeroOperacionCredito><TipoCredito>QUIROGRAFARIOS</TipoCredito><EstadoOperacion>ORIGINAL</EstadoOperacion><NumeroOperacionAnterior>0</NumeroOperacionAnterior><FechaRenovacion></FechaRenovacion><Provincia>09</Provincia><Canton>0901</Canton><NumeroCuotasCredito>75</NumeroCuotasCredito><FechaConcesion>21/05/2020</FechaConcesion><FechaVencimiento>31/08/2026</FechaVencimiento><ValorConcedido>12000.00</ValorConcedido><TasaInterezNominal>9.00</TasaInterezNominal><PeriodoGracia>1</PeriodoGracia><Tea>9.00</Tea><PeriodicidadPago>MENSUAL30D</PeriodicidadPago><FrecuenciaRevision>30</FrecuenciaRevision><GarantesGarantias>OPERSOLOGARANTREAL</GarantesGarantias><IdentificacionGarante></IdentificacionGarante><Plazo>2293</Plazo><TipoTablaAmortizacion>FRANCESA</TipoTablaAmortizacion><FormaCobroCredito>DESCROLPAGPATRONO</FormaCobroCredito><EstadoRegistro>CRNUEVO</EstadoRegistro></Registro><Registro NumeroRegistro="26"> <TipoIdentificacionParticipe>CED</TipoIdentificacionParticipe> <IdentificacionParticipe>1706379821</IdentificacionParticipe><NumeroOperacionCredito>CAP27895</NumeroOperacionCredito><TipoCredito>QUIROGRAFARIOS</TipoCredito><EstadoOperacion>ORIGINAL</EstadoOperacion><NumeroOperacionAnterior>0</NumeroOperacionAnterior><FechaRenovacion></FechaRenovacion><Provincia>17</Provincia><Canton>1701</Canton><NumeroCuotasCredito>84</NumeroCuotasCredito><FechaConcesion>19/05/2020</FechaConcesion><FechaVencimiento>31/05/2027</FechaVencimiento><ValorConcedido>17500.00</ValorConcedido><TasaInterezNominal>9.00</TasaInterezNominal><PeriodoGracia>1</PeriodoGracia><Tea>9.00</Tea><PeriodicidadPago>MENSUAL30D</PeriodicidadPago><FrecuenciaRevision>30</FrecuenciaRevision><GarantesGarantias>OPERSOLOGARANTREAL</GarantesGarantias><IdentificacionGarante></IdentificacionGarante><Plazo>2568</Plazo><TipoTablaAmortizacion>FRANCESA</TipoTablaAmortizacion><FormaCobroCredito>DESCROLPAGPATRONO</FormaCobroCredito><EstadoRegistro>CRNUEVO</EstadoRegistro></Registro><Registro NumeroRegistro="27"> <TipoIdentificacionParticipe>CED</TipoIdentificacionParticipe> <IdentificacionParticipe>0801679317</IdentificacionParticipe><NumeroOperacionCredito>CAP27896</NumeroOperacionCredito><TipoCredito>QUIROGRAFARIOS</TipoCredito><EstadoOperacion>ORIGINAL</EstadoOperacion><NumeroOperacionAnterior>0</NumeroOperacionAnterior><FechaRenovacion></FechaRenovacion><Provincia>22</Provincia><Canton>2201</Canton><NumeroCuotasCredito>21</NumeroCuotasCredito><FechaConcesion>26/05/2020</FechaConcesion><FechaVencimiento>28/02/2022</FechaVencimiento><ValorConcedido>1110.00</ValorConcedido><TasaInterezNominal>9.00</TasaInterezNominal><PeriodoGracia>1</PeriodoGracia><Tea>9.00</Tea><PeriodicidadPago>MENSUAL30D</PeriodicidadPago><FrecuenciaRevision>30</FrecuenciaRevision><GarantesGarantias>OPERSOLOGARANTREAL</GarantesGarantias><IdentificacionGarante></IdentificacionGarante><Plazo>643</Plazo><TipoTablaAmortizacion>FRANCESA</TipoTablaAmortizacion><FormaCobroCredito>DESCROLPAGPATRONO</FormaCobroCredito><EstadoRegistro>CRNUEVO</EstadoRegistro></Registro><Registro NumeroRegistro="28"> <TipoIdentificacionParticipe>CED</TipoIdentificacionParticipe> <IdentificacionParticipe>0800697732</IdentificacionParticipe><NumeroOperacionCredito>CAP27897</NumeroOperacionCredito><TipoCredito>QUIROGRAFARIOS</TipoCredito><EstadoOperacion>NOVADA</EstadoOperacion><NumeroOperacionAnterior>CAP26566</NumeroOperacionAnterior><FechaRenovacion>21/05/2020</FechaRenovacion><Provincia>09</Provincia><Canton>0901</Canton><NumeroCuotasCredito>84</NumeroCuotasCredito><FechaConcesion>21/05/2020</FechaConcesion><FechaVencimiento>31/05/2027</FechaVencimiento><ValorConcedido>22600.00</ValorConcedido><TasaInterezNominal>9.00</TasaInterezNominal><PeriodoGracia>1</PeriodoGracia><Tea>9.00</Tea><PeriodicidadPago>MENSUAL30D</PeriodicidadPago><FrecuenciaRevision>30</FrecuenciaRevision><GarantesGarantias>OPERSOLOGARANTREAL</GarantesGarantias><IdentificacionGarante></IdentificacionGarante><Plazo>2566</Plazo><TipoTablaAmortizacion>FRANCESA</TipoTablaAmortizacion><FormaCobroCredito>DESCROLPAGPATRONO</FormaCobroCredito><EstadoRegistro>CRNUEVO</EstadoRegistro></Registro><Registro NumeroRegistro="29"> <TipoIdentificacionParticipe>CED</TipoIdentificacionParticipe> <IdentificacionParticipe>0911386936</IdentificacionParticipe><NumeroOperacionCredito>CAP27898</NumeroOperacionCredito><TipoCredito>QUIROGRAFARIOS</TipoCredito><EstadoOperacion>NOVADA</EstadoOperacion><NumeroOperacionAnterior>CAP24331</NumeroOperacionAnterior><FechaRenovacion>21/05/2020</FechaRenovacion><Provincia>09</Provincia><Canton>0901</Canton><NumeroCuotasCredito>84</NumeroCuotasCredito><FechaConcesion>21/05/2020</FechaConcesion><FechaVencimiento>31/05/2027</FechaVencimiento><ValorConcedido>17900.00</ValorConcedido><TasaInterezNominal>9.00</TasaInterezNominal><PeriodoGracia>1</PeriodoGracia><Tea>9.00</Tea><PeriodicidadPago>MENSUAL30D</PeriodicidadPago><FrecuenciaRevision>30</FrecuenciaRevision><GarantesGarantias>OPERSOLOGARANTREAL</GarantesGarantias><IdentificacionGarante></IdentificacionGarante><Plazo>2566</Plazo><TipoTablaAmortizacion>FRANCESA</TipoTablaAmortizacion><FormaCobroCredito>DESCROLPAGPATRONO</FormaCobroCredito><EstadoRegistro>CRNUEVO</EstadoRegistro></Registro><Registro NumeroRegistro="30"> <TipoIdentificacionParticipe>CED</TipoIdentificacionParticipe> <IdentificacionParticipe>1304579251</IdentificacionParticipe><NumeroOperacionCredito>CAP27901</NumeroOperacionCredito><TipoCredito>QUIROGRAFARIOS</TipoCredito><EstadoOperacion>NOVADA</EstadoOperacion><NumeroOperacionAnterior>CAP25564</NumeroOperacionAnterior><FechaRenovacion>21/05/2020</FechaRenovacion><Provincia>09</Provincia><Canton>0901</Canton><NumeroCuotasCredito>42</NumeroCuotasCredito><FechaConcesion>21/05/2020</FechaConcesion><FechaVencimiento>30/11/2023</FechaVencimiento><ValorConcedido>3500.00</ValorConcedido><TasaInterezNominal>9.00</TasaInterezNominal><PeriodoGracia>1</PeriodoGracia><Tea>9.00</Tea><PeriodicidadPago>MENSUAL30D</PeriodicidadPago><FrecuenciaRevision>30</FrecuenciaRevision><GarantesGarantias>OPERSOLOGARANTREAL</GarantesGarantias><IdentificacionGarante></IdentificacionGarante><Plazo>1288</Plazo><TipoTablaAmortizacion>FRANCESA</TipoTablaAmortizacion><FormaCobroCredito>DESCROLPAGPATRONO</FormaCobroCredito><EstadoRegistro>CRNUEVO</EstadoRegistro></Registro><Registro NumeroRegistro="31"> <TipoIdentificacionParticipe>CED</TipoIdentificacionParticipe> <IdentificacionParticipe>0919250530</IdentificacionParticipe><NumeroOperacionCredito>CAP27902</NumeroOperacionCredito><TipoCredito>QUIROGRAFARIOS</TipoCredito><EstadoOperacion>NOVADA</EstadoOperacion><NumeroOperacionAnterior>CAP23772</NumeroOperacionAnterior><FechaRenovacion>21/05/2020</FechaRenovacion><Provincia>09</Provincia><Canton>0901</Canton><NumeroCuotasCredito>39</NumeroCuotasCredito><FechaConcesion>21/05/2020</FechaConcesion><FechaVencimiento>31/08/2023</FechaVencimiento><ValorConcedido>3380.00</ValorConcedido><TasaInterezNominal>9.00</TasaInterezNominal><PeriodoGracia>1</PeriodoGracia><Tea>9.00</Tea><PeriodicidadPago>MENSUAL30D</PeriodicidadPago><FrecuenciaRevision>30</FrecuenciaRevision><GarantesGarantias>OPERSOLOGARANTREAL</GarantesGarantias><IdentificacionGarante></IdentificacionGarante><Plazo>1197</Plazo><TipoTablaAmortizacion>FRANCESA</TipoTablaAmortizacion><FormaCobroCredito>DESCROLPAGPATRONO</FormaCobroCredito><EstadoRegistro>CRNUEVO</EstadoRegistro></Registro><Registro NumeroRegistro="32"> <TipoIdentificacionParticipe>CED</TipoIdentificacionParticipe> <IdentificacionParticipe>1712249463</IdentificacionParticipe><NumeroOperacionCredito>CAP27903</NumeroOperacionCredito><TipoCredito>QUIROGRAFARIOS</TipoCredito><EstadoOperacion>NOVADA</EstadoOperacion><NumeroOperacionAnterior>CAP23659</NumeroOperacionAnterior><FechaRenovacion>29/05/2020</FechaRenovacion><Provincia>17</Provincia><Canton>1701</Canton><NumeroCuotasCredito>42</NumeroCuotasCredito><FechaConcesion>29/05/2020</FechaConcesion><FechaVencimiento>30/11/2023</FechaVencimiento><ValorConcedido>3700.00</ValorConcedido><TasaInterezNominal>9.00</TasaInterezNominal><PeriodoGracia>1</PeriodoGracia><Tea>9.00</Tea><PeriodicidadPago>MENSUAL30D</PeriodicidadPago><FrecuenciaRevision>30</FrecuenciaRevision><GarantesGarantias>OPERGARANTYGARANTIAREAL</GarantesGarantias><IdentificacionGarante>1715610125</IdentificacionGarante><Plazo>1280</Plazo><TipoTablaAmortizacion>FRANCESA</TipoTablaAmortizacion><FormaCobroCredito>DESCROLPAGPATRONO</FormaCobroCredito><EstadoRegistro>CRNUEVO</EstadoRegistro></Registro><Registro NumeroRegistro="33"> <TipoIdentificacionParticipe>CED</TipoIdentificacionParticipe> <IdentificacionParticipe>1715821979</IdentificacionParticipe><NumeroOperacionCredito>CAP27905</NumeroOperacionCredito><TipoCredito>QUIROGRAFARIOS</TipoCredito><EstadoOperacion>NOVADA</EstadoOperacion><NumeroOperacionAnterior>CAP21122</NumeroOperacionAnterior><FechaRenovacion>26/05/2020</FechaRenovacion><Provincia>17</Provincia><Canton>1701</Canton><NumeroCuotasCredito>84</NumeroCuotasCredito><FechaConcesion>26/05/2020</FechaConcesion><FechaVencimiento>31/05/2027</FechaVencimiento><ValorConcedido>15000.00</ValorConcedido><TasaInterezNominal>9.00</TasaInterezNominal><PeriodoGracia>1</PeriodoGracia><Tea>9.00</Tea><PeriodicidadPago>MENSUAL30D</PeriodicidadPago><FrecuenciaRevision>30</FrecuenciaRevision><GarantesGarantias>OPERSOLOGARANTREAL</GarantesGarantias><IdentificacionGarante></IdentificacionGarante><Plazo>2561</Plazo><TipoTablaAmortizacion>FRANCESA</TipoTablaAmortizacion><FormaCobroCredito>DESCROLPAGPATRONO</FormaCobroCredito><EstadoRegistro>CRNUEVO</EstadoRegistro></Registro><Registro NumeroRegistro="34"> <TipoIdentificacionParticipe>CED</TipoIdentificacionParticipe> <IdentificacionParticipe>1713961983</IdentificacionParticipe><NumeroOperacionCredito>CAP27909</NumeroOperacionCredito><TipoCredito>QUIROGRAFARIOS</TipoCredito><EstadoOperacion>NOVADA</EstadoOperacion><NumeroOperacionAnterior>CAP26178</NumeroOperacionAnterior><FechaRenovacion>29/05/2020</FechaRenovacion><Provincia>23</Provincia><Canton>2301</Canton><NumeroCuotasCredito>51</NumeroCuotasCredito><FechaConcesion>29/05/2020</FechaConcesion><FechaVencimiento>31/08/2024</FechaVencimiento><ValorConcedido>6420.00</ValorConcedido><TasaInterezNominal>9.00</TasaInterezNominal><PeriodoGracia>1</PeriodoGracia><Tea>9.00</Tea><PeriodicidadPago>MENSUAL30D</PeriodicidadPago><FrecuenciaRevision>30</FrecuenciaRevision><GarantesGarantias>OPERSOLOGARANTREAL</GarantesGarantias><IdentificacionGarante></IdentificacionGarante><Plazo>1555</Plazo><TipoTablaAmortizacion>FRANCESA</TipoTablaAmortizacion><FormaCobroCredito>DESCROLPAGPATRONO</FormaCobroCredito><EstadoRegistro>CRNUEVO</EstadoRegistro></Registro><Registro NumeroRegistro="35"> <TipoIdentificacionParticipe>CED</TipoIdentificacionParticipe> <IdentificacionParticipe>0802016469</IdentificacionParticipe><NumeroOperacionCredito>CAP27910</NumeroOperacionCredito><TipoCredito>QUIROGRAFARIOS</TipoCredito><EstadoOperacion>NOVADA</EstadoOperacion><NumeroOperacionAnterior>CAP25587</NumeroOperacionAnterior><FechaRenovacion>27/05/2020</FechaRenovacion><Provincia>08</Provincia><Canton>0801</Canton><NumeroCuotasCredito>84</NumeroCuotasCredito><FechaConcesion>27/05/2020</FechaConcesion><FechaVencimiento>31/05/2027</FechaVencimiento><ValorConcedido>15010.00</ValorConcedido><TasaInterezNominal>9.00</TasaInterezNominal><PeriodoGracia>1</PeriodoGracia><Tea>9.00</Tea><PeriodicidadPago>MENSUAL30D</PeriodicidadPago><FrecuenciaRevision>30</FrecuenciaRevision><GarantesGarantias>OPERSOLOGARANTREAL</GarantesGarantias><IdentificacionGarante></IdentificacionGarante><Plazo>2560</Plazo><TipoTablaAmortizacion>FRANCESA</TipoTablaAmortizacion><FormaCobroCredito>DESCROLPAGPATRONO</FormaCobroCredito><EstadoRegistro>CRNUEVO</EstadoRegistro></Registro><Registro NumeroRegistro="36"> <TipoIdentificacionParticipe>CED</TipoIdentificacionParticipe> <IdentificacionParticipe>1710001403</IdentificacionParticipe><NumeroOperacionCredito>CAP27915</NumeroOperacionCredito><TipoCredito>QUIROGRAFARIOS</TipoCredito><EstadoOperacion>ORIGINAL</EstadoOperacion><NumeroOperacionAnterior>0</NumeroOperacionAnterior><FechaRenovacion></FechaRenovacion><Provincia>17</Provincia><Canton>1701</Canton><NumeroCuotasCredito>45</NumeroCuotasCredito><FechaConcesion>26/05/2020</FechaConcesion><FechaVencimiento>29/02/2024</FechaVencimiento><ValorConcedido>4000.00</ValorConcedido><TasaInterezNominal>12.00</TasaInterezNominal><PeriodoGracia>1</PeriodoGracia><Tea>12.00</Tea><PeriodicidadPago>MENSUAL30D</PeriodicidadPago><FrecuenciaRevision>30</FrecuenciaRevision><GarantesGarantias>OPERSOLOGARANTREAL</GarantesGarantias><IdentificacionGarante></IdentificacionGarante><Plazo>1374</Plazo><TipoTablaAmortizacion>FRANCESA</TipoTablaAmortizacion><FormaCobroCredito>DESCROLPAGPATRONO</FormaCobroCredito><EstadoRegistro>CRNUEVO</EstadoRegistro></Registro><Registro NumeroRegistro="37"> <TipoIdentificacionParticipe>CED</TipoIdentificacionParticipe> <IdentificacionParticipe>0912997574</IdentificacionParticipe><NumeroOperacionCredito>CAP27916</NumeroOperacionCredito><TipoCredito>QUIROGRAFARIOS</TipoCredito><EstadoOperacion>ORIGINAL</EstadoOperacion><NumeroOperacionAnterior>0</NumeroOperacionAnterior><FechaRenovacion></FechaRenovacion><Provincia>24</Provincia><Canton>2401</Canton><NumeroCuotasCredito>15</NumeroCuotasCredito><FechaConcesion>25/05/2020</FechaConcesion><FechaVencimiento>31/08/2021</FechaVencimiento><ValorConcedido>680.00</ValorConcedido><TasaInterezNominal>12.00</TasaInterezNominal><PeriodoGracia>1</PeriodoGracia><Tea>12.00</Tea><PeriodicidadPago>MENSUAL30D</PeriodicidadPago><FrecuenciaRevision>30</FrecuenciaRevision><GarantesGarantias>OPERSOLOGARANTREAL</GarantesGarantias><IdentificacionGarante></IdentificacionGarante><Plazo>463</Plazo><TipoTablaAmortizacion>FRANCESA</TipoTablaAmortizacion><FormaCobroCredito>DESCROLPAGPATRONO</FormaCobroCredito><EstadoRegistro>CRNUEVO</EstadoRegistro></Registro><Registro NumeroRegistro="38"> <TipoIdentificacionParticipe>CED</TipoIdentificacionParticipe> <IdentificacionParticipe>0911749141</IdentificacionParticipe><NumeroOperacionCredito>CAP27917</NumeroOperacionCredito><TipoCredito>QUIROGRAFARIOS</TipoCredito><EstadoOperacion>NOVADA</EstadoOperacion><NumeroOperacionAnterior>CAP25359</NumeroOperacionAnterior><FechaRenovacion>25/05/2020</FechaRenovacion><Provincia>09</Provincia><Canton>0901</Canton><NumeroCuotasCredito>72</NumeroCuotasCredito><FechaConcesion>25/05/2020</FechaConcesion><FechaVencimiento>31/05/2026</FechaVencimiento><ValorConcedido>11220.00</ValorConcedido><TasaInterezNominal>9.00</TasaInterezNominal><PeriodoGracia>1</PeriodoGracia><Tea>9.00</Tea><PeriodicidadPago>MENSUAL30D</PeriodicidadPago><FrecuenciaRevision>30</FrecuenciaRevision><GarantesGarantias>OPERSOLOGARANTREAL</GarantesGarantias><IdentificacionGarante></IdentificacionGarante><Plazo>2197</Plazo><TipoTablaAmortizacion>FRANCESA</TipoTablaAmortizacion><FormaCobroCredito>DESCROLPAGPATRONO</FormaCobroCredito><EstadoRegistro>CRNUEVO</EstadoRegistro></Registro><Registro NumeroRegistro="39"> <TipoIdentificacionParticipe>CED</TipoIdentificacionParticipe> <IdentificacionParticipe>0909044984</IdentificacionParticipe><NumeroOperacionCredito>CAP27918</NumeroOperacionCredito><TipoCredito>QUIROGRAFARIOS</TipoCredito><EstadoOperacion>NOVADA</EstadoOperacion><NumeroOperacionAnterior>CAP26393</NumeroOperacionAnterior><FechaRenovacion>25/05/2020</FechaRenovacion><Provincia>09</Provincia><Canton>0901</Canton><NumeroCuotasCredito>48</NumeroCuotasCredito><FechaConcesion>25/05/2020</FechaConcesion><FechaVencimiento>31/05/2024</FechaVencimiento><ValorConcedido>7000.00</ValorConcedido><TasaInterezNominal>12.00</TasaInterezNominal><PeriodoGracia>1</PeriodoGracia><Tea>12.00</Tea><PeriodicidadPago>MENSUAL30D</PeriodicidadPago><FrecuenciaRevision>30</FrecuenciaRevision><GarantesGarantias>OPERSOLOGARANTREAL</GarantesGarantias><IdentificacionGarante></IdentificacionGarante><Plazo>1467</Plazo><TipoTablaAmortizacion>FRANCESA</TipoTablaAmortizacion><FormaCobroCredito>DESCROLPAGPATRONO</FormaCobroCredito><EstadoRegistro>CRNUEVO</EstadoRegistro></Registro><Registro NumeroRegistro="40"> <TipoIdentificacionParticipe>CED</TipoIdentificacionParticipe> <IdentificacionParticipe>0915005979</IdentificacionParticipe><NumeroOperacionCredito>CAP27927</NumeroOperacionCredito><TipoCredito>QUIROGRAFARIOS</TipoCredito><EstadoOperacion>ORIGINAL</EstadoOperacion><NumeroOperacionAnterior>0</NumeroOperacionAnterior><FechaRenovacion></FechaRenovacion><Provincia>09</Provincia><Canton>0901</Canton><NumeroCuotasCredito>27</NumeroCuotasCredito><FechaConcesion>29/05/2020</FechaConcesion><FechaVencimiento>31/08/2022</FechaVencimiento><ValorConcedido>1500.00</ValorConcedido><TasaInterezNominal>9.00</TasaInterezNominal><PeriodoGracia>1</PeriodoGracia><Tea>9.00</Tea><PeriodicidadPago>MENSUAL30D</PeriodicidadPago><FrecuenciaRevision>30</FrecuenciaRevision><GarantesGarantias>OPERSOLOGARANTREAL</GarantesGarantias><IdentificacionGarante></IdentificacionGarante><Plazo>824</Plazo><TipoTablaAmortizacion>FRANCESA</TipoTablaAmortizacion><FormaCobroCredito>DESCROLPAGPATRONO</FormaCobroCredito><EstadoRegistro>CRNUEVO</EstadoRegistro></Registro><Registro NumeroRegistro="41"> <TipoIdentificacionParticipe>CED</TipoIdentificacionParticipe> <IdentificacionParticipe>0908268626</IdentificacionParticipe><NumeroOperacionCredito>CAP27928</NumeroOperacionCredito><TipoCredito>QUIROGRAFARIOS</TipoCredito><EstadoOperacion>NOVADA</EstadoOperacion><NumeroOperacionAnterior>CAP26915</NumeroOperacionAnterior><FechaRenovacion>27/05/2020</FechaRenovacion><Provincia>09</Provincia><Canton>0901</Canton><NumeroCuotasCredito>45</NumeroCuotasCredito><FechaConcesion>27/05/2020</FechaConcesion><FechaVencimiento>29/02/2024</FechaVencimiento><ValorConcedido>4650.00</ValorConcedido><TasaInterezNominal>9.00</TasaInterezNominal><PeriodoGracia>1</PeriodoGracia><Tea>9.00</Tea><PeriodicidadPago>MENSUAL30D</PeriodicidadPago><FrecuenciaRevision>30</FrecuenciaRevision><GarantesGarantias>OPERSOLOGARANTREAL</GarantesGarantias><IdentificacionGarante></IdentificacionGarante><Plazo>1373</Plazo><TipoTablaAmortizacion>FRANCESA</TipoTablaAmortizacion><FormaCobroCredito>DESCROLPAGPATRONO</FormaCobroCredito><EstadoRegistro>CRNUEVO</EstadoRegistro></Registro><Registro NumeroRegistro="42"> <TipoIdentificacionParticipe>CED</TipoIdentificacionParticipe> <IdentificacionParticipe>0910090984</IdentificacionParticipe><NumeroOperacionCredito>CAP27929</NumeroOperacionCredito><TipoCredito>QUIROGRAFARIOS</TipoCredito><EstadoOperacion>NOVADA</EstadoOperacion><NumeroOperacionAnterior>CAP26337</NumeroOperacionAnterior><FechaRenovacion>27/05/2020</FechaRenovacion><Provincia>09</Provincia><Canton>0901</Canton><NumeroCuotasCredito>72</NumeroCuotasCredito><FechaConcesion>27/05/2020</FechaConcesion><FechaVencimiento>31/05/2026</FechaVencimiento><ValorConcedido>9870.00</ValorConcedido><TasaInterezNominal>9.00</TasaInterezNominal><PeriodoGracia>1</PeriodoGracia><Tea>9.00</Tea><PeriodicidadPago>MENSUAL30D</PeriodicidadPago><FrecuenciaRevision>30</FrecuenciaRevision><GarantesGarantias>OPERSOLOGARANTREAL</GarantesGarantias><IdentificacionGarante></IdentificacionGarante><Plazo>2195</Plazo><TipoTablaAmortizacion>FRANCESA</TipoTablaAmortizacion><FormaCobroCredito>DESCROLPAGPATRONO</FormaCobroCredito><EstadoRegistro>CRNUEVO</EstadoRegistro></Registro><Registro NumeroRegistro="43"> <TipoIdentificacionParticipe>CED</TipoIdentificacionParticipe> <IdentificacionParticipe>0914832373</IdentificacionParticipe><NumeroOperacionCredito>CAP27930</NumeroOperacionCredito><TipoCredito>QUIROGRAFARIOS</TipoCredito><EstadoOperacion>NOVADA</EstadoOperacion><NumeroOperacionAnterior>CAP26941</NumeroOperacionAnterior><FechaRenovacion>27/05/2020</FechaRenovacion><Provincia>09</Provincia><Canton>0901</Canton><NumeroCuotasCredito>84</NumeroCuotasCredito><FechaConcesion>27/05/2020</FechaConcesion><FechaVencimiento>31/05/2027</FechaVencimiento><ValorConcedido>25560.00</ValorConcedido><TasaInterezNominal>9.00</TasaInterezNominal><PeriodoGracia>1</PeriodoGracia><Tea>9.00</Tea><PeriodicidadPago>MENSUAL30D</PeriodicidadPago><FrecuenciaRevision>30</FrecuenciaRevision><GarantesGarantias>OPERSOLOGARANTREAL</GarantesGarantias><IdentificacionGarante></IdentificacionGarante><Plazo>2560</Plazo><TipoTablaAmortizacion>FRANCESA</TipoTablaAmortizacion><FormaCobroCredito>DESCROLPAGPATRONO</FormaCobroCredito><EstadoRegistro>CRNUEVO</EstadoRegistro></Registro><Registro NumeroRegistro="44"> <TipoIdentificacionParticipe>CED</TipoIdentificacionParticipe> <IdentificacionParticipe>1713860599</IdentificacionParticipe><NumeroOperacionCredito>CAP27935</NumeroOperacionCredito><TipoCredito>QUIROGRAFARIOS</TipoCredito><EstadoOperacion>NOVADA</EstadoOperacion><NumeroOperacionAnterior>CAP25726</NumeroOperacionAnterior><FechaRenovacion>29/05/2020</FechaRenovacion><Provincia>17</Provincia><Canton>1701</Canton><NumeroCuotasCredito>48</NumeroCuotasCredito><FechaConcesion>29/05/2020</FechaConcesion><FechaVencimiento>31/05/2024</FechaVencimiento><ValorConcedido>5750.00</ValorConcedido><TasaInterezNominal>9.00</TasaInterezNominal><PeriodoGracia>1</PeriodoGracia><Tea>9.00</Tea><PeriodicidadPago>MENSUAL30D</PeriodicidadPago><FrecuenciaRevision>30</FrecuenciaRevision><GarantesGarantias>OPERSOLOGARANTREAL</GarantesGarantias><IdentificacionGarante></IdentificacionGarante><Plazo>1463</Plazo><TipoTablaAmortizacion>FRANCESA</TipoTablaAmortizacion><FormaCobroCredito>DESCROLPAGPATRONO</FormaCobroCredito><EstadoRegistro>CRNUEVO</EstadoRegistro></Registro><Registro NumeroRegistro="45"> <TipoIdentificacionParticipe>CED</TipoIdentificacionParticipe> <IdentificacionParticipe>0702798117</IdentificacionParticipe><NumeroOperacionCredito>CAP27937</NumeroOperacionCredito><TipoCredito>QUIROGRAFARIOS</TipoCredito><EstadoOperacion>NOVADA</EstadoOperacion><NumeroOperacionAnterior>CAP23834</NumeroOperacionAnterior><FechaRenovacion>29/05/2020</FechaRenovacion><Provincia>07</Provincia><Canton>0701</Canton><NumeroCuotasCredito>84</NumeroCuotasCredito><FechaConcesion>29/05/2020</FechaConcesion><FechaVencimiento>31/05/2027</FechaVencimiento><ValorConcedido>24000.00</ValorConcedido><TasaInterezNominal>9.00</TasaInterezNominal><PeriodoGracia>1</PeriodoGracia><Tea>9.00</Tea><PeriodicidadPago>MENSUAL30D</PeriodicidadPago><FrecuenciaRevision>30</FrecuenciaRevision><GarantesGarantias>OPERSOLOGARANTREAL</GarantesGarantias><IdentificacionGarante></IdentificacionGarante><Plazo>2558</Plazo><TipoTablaAmortizacion>FRANCESA</TipoTablaAmortizacion><FormaCobroCredito>DESCROLPAGPATRONO</FormaCobroCredito><EstadoRegistro>CRNUEVO</EstadoRegistro></Registro><Registro NumeroRegistro="46"> <TipoIdentificacionParticipe>CED</TipoIdentificacionParticipe> <IdentificacionParticipe>0912178621</IdentificacionParticipe><NumeroOperacionCredito>CAP27940</NumeroOperacionCredito><TipoCredito>QUIROGRAFARIOS</TipoCredito><EstadoOperacion>NOVADA</EstadoOperacion><NumeroOperacionAnterior>CAP19453</NumeroOperacionAnterior><FechaRenovacion>29/05/2020</FechaRenovacion><Provincia>09</Provincia><Canton>0901</Canton><NumeroCuotasCredito>84</NumeroCuotasCredito><FechaConcesion>29/05/2020</FechaConcesion><FechaVencimiento>31/05/2027</FechaVencimiento><ValorConcedido>20000.00</ValorConcedido><TasaInterezNominal>9.00</TasaInterezNominal><PeriodoGracia>1</PeriodoGracia><Tea>9.00</Tea><PeriodicidadPago>MENSUAL30D</PeriodicidadPago><FrecuenciaRevision>30</FrecuenciaRevision><GarantesGarantias>OPERSOLOGARANTREAL</GarantesGarantias><IdentificacionGarante></IdentificacionGarante><Plazo>2558</Plazo><TipoTablaAmortizacion>FRANCESA</TipoTablaAmortizacion><FormaCobroCredito>DESCROLPAGPATRONO</FormaCobroCredito><EstadoRegistro>CRNUEVO</EstadoRegistro></Registro><Registro NumeroRegistro="47"> <TipoIdentificacionParticipe>CED</TipoIdentificacionParticipe> <IdentificacionParticipe>1709810616</IdentificacionParticipe><NumeroOperacionCredito>CAP27943</NumeroOperacionCredito><TipoCredito>QUIROGRAFARIOS</TipoCredito><EstadoOperacion>NOVADA</EstadoOperacion><NumeroOperacionAnterior>CAP26814</NumeroOperacionAnterior><FechaRenovacion>29/05/2020</FechaRenovacion><Provincia>17</Provincia><Canton>1701</Canton><NumeroCuotasCredito>75</NumeroCuotasCredito><FechaConcesion>29/05/2020</FechaConcesion><FechaVencimiento>31/08/2026</FechaVencimiento><ValorConcedido>12450.00</ValorConcedido><TasaInterezNominal>9.00</TasaInterezNominal><PeriodoGracia>1</PeriodoGracia><Tea>9.00</Tea><PeriodicidadPago>MENSUAL30D</PeriodicidadPago><FrecuenciaRevision>30</FrecuenciaRevision><GarantesGarantias>OPERSOLOGARANTREAL</GarantesGarantias><IdentificacionGarante></IdentificacionGarante><Plazo>2285</Plazo><TipoTablaAmortizacion>FRANCESA</TipoTablaAmortizacion><FormaCobroCredito>DESCROLPAGPATRONO</FormaCobroCredito><EstadoRegistro>CRNUEVO</EstadoRegistro></Registro><Registro NumeroRegistro="48"> <TipoIdentificacionParticipe>CED</TipoIdentificacionParticipe> <IdentificacionParticipe>1710471978</IdentificacionParticipe><NumeroOperacionCredito>CAP27944</NumeroOperacionCredito><TipoCredito>QUIROGRAFARIOS</TipoCredito><EstadoOperacion>NOVADA</EstadoOperacion><NumeroOperacionAnterior>CAP21993</NumeroOperacionAnterior><FechaRenovacion>29/05/2020</FechaRenovacion><Provincia>05</Provincia><Canton>0501</Canton><NumeroCuotasCredito>84</NumeroCuotasCredito><FechaConcesion>29/05/2020</FechaConcesion><FechaVencimiento>31/05/2027</FechaVencimiento><ValorConcedido>22000.00</ValorConcedido><TasaInterezNominal>9.00</TasaInterezNominal><PeriodoGracia>1</PeriodoGracia><Tea>9.00</Tea><PeriodicidadPago>MENSUAL30D</PeriodicidadPago><FrecuenciaRevision>30</FrecuenciaRevision><GarantesGarantias>OPERGARANTYGARANTIAREAL</GarantesGarantias><IdentificacionGarante>0502966575</IdentificacionGarante><Plazo>2558</Plazo><TipoTablaAmortizacion>FRANCESA</TipoTablaAmortizacion><FormaCobroCredito>DESCROLPAGPATRONO</FormaCobroCredito><EstadoRegistro>CRNUEVO</EstadoRegistro></Registro></Detalle></REGISTROS>