<?xml version="1.0" encoding="UTF-8"?><REGISTROS><DatosEstructura><CodigoEstructura>G45</CodigoEstructura><CodigoEntidad>17</CodigoEntidad><FechaCorte>29/02/2020</FechaCorte><TotalRegistros>67</TotalRegistros></DatosEstructura><Detalle><Registro NumeroRegistro="1"> <TipoIdentificacionParticipe>CED</TipoIdentificacionParticipe> <IdentificacionParticipe>0103073607</IdentificacionParticipe><NumeroOperacionCredito>CAP27410</NumeroOperacionCredito><TipoCredito>QUIROGRAFARIOS</TipoCredito><EstadoOperacion>ORIGINAL</EstadoOperacion><NumeroOperacionAnterior>0</NumeroOperacionAnterior><FechaRenovacion></FechaRenovacion><Provincia>01</Provincia><Canton>0101</Canton><NumeroCuotasCredito>36</NumeroCuotasCredito><FechaConcesion>07/02/2020</FechaConcesion><FechaVencimiento>28/02/2023</FechaVencimiento><ValorConcedido>2200.00</ValorConcedido><TasaInterezNominal>12.00</TasaInterezNominal><PeriodoGracia>1</PeriodoGracia><Tea>12.00</Tea><PeriodicidadPago>MENSUAL30D</PeriodicidadPago><FrecuenciaRevision>30</FrecuenciaRevision><GarantesGarantias>OPERSOLOGARANTREAL</GarantesGarantias><IdentificacionGarante></IdentificacionGarante><Plazo>1117</Plazo><TipoTablaAmortizacion>FRANCESA</TipoTablaAmortizacion><FormaCobroCredito>DESCROLPAGPATRONO</FormaCobroCredito><EstadoRegistro>CRNUEVO</EstadoRegistro></Registro><Registro NumeroRegistro="2"> <TipoIdentificacionParticipe>CED</TipoIdentificacionParticipe> <IdentificacionParticipe>1707873855</IdentificacionParticipe><NumeroOperacionCredito>CAP27416</NumeroOperacionCredito><TipoCredito>QUIROGRAFARIOS</TipoCredito><EstadoOperacion>NOVADA</EstadoOperacion><NumeroOperacionAnterior>CAP24804</NumeroOperacionAnterior><FechaRenovacion>07/02/2020</FechaRenovacion><Provincia>17</Provincia><Canton>1701</Canton><NumeroCuotasCredito>84</NumeroCuotasCredito><FechaConcesion>07/02/2020</FechaConcesion><FechaVencimiento>28/02/2027</FechaVencimiento><ValorConcedido>19480.00</ValorConcedido><TasaInterezNominal>9.00</TasaInterezNominal><PeriodoGracia>1</PeriodoGracia><Tea>9.00</Tea><PeriodicidadPago>MENSUAL30D</PeriodicidadPago><FrecuenciaRevision>30</FrecuenciaRevision><GarantesGarantias>OPERSOLOGARANTREAL</GarantesGarantias><IdentificacionGarante></IdentificacionGarante><Plazo>2578</Plazo><TipoTablaAmortizacion>FRANCESA</TipoTablaAmortizacion><FormaCobroCredito>DESCROLPAGPATRONO</FormaCobroCredito><EstadoRegistro>CRNUEVO</EstadoRegistro></Registro><Registro NumeroRegistro="3"> <TipoIdentificacionParticipe>CED</TipoIdentificacionParticipe> <IdentificacionParticipe>1500517881</IdentificacionParticipe><NumeroOperacionCredito>CAP27417</NumeroOperacionCredito><TipoCredito>QUIROGRAFARIOS</TipoCredito><EstadoOperacion>NOVADA</EstadoOperacion><NumeroOperacionAnterior>CAP17118</NumeroOperacionAnterior><FechaRenovacion>07/02/2020</FechaRenovacion><Provincia>22</Provincia><Canton>2201</Canton><NumeroCuotasCredito>84</NumeroCuotasCredito><FechaConcesion>07/02/2020</FechaConcesion><FechaVencimiento>28/02/2027</FechaVencimiento><ValorConcedido>16700.00</ValorConcedido><TasaInterezNominal>9.00</TasaInterezNominal><PeriodoGracia>1</PeriodoGracia><Tea>9.00</Tea><PeriodicidadPago>MENSUAL30D</PeriodicidadPago><FrecuenciaRevision>30</FrecuenciaRevision><GarantesGarantias>OPERSOLOGARANTREAL</GarantesGarantias><IdentificacionGarante></IdentificacionGarante><Plazo>2578</Plazo><TipoTablaAmortizacion>FRANCESA</TipoTablaAmortizacion><FormaCobroCredito>DESCROLPAGPATRONO</FormaCobroCredito><EstadoRegistro>CRNUEVO</EstadoRegistro></Registro><Registro NumeroRegistro="4"> <TipoIdentificacionParticipe>CED</TipoIdentificacionParticipe> <IdentificacionParticipe>1707204093</IdentificacionParticipe><NumeroOperacionCredito>CAP27424</NumeroOperacionCredito><TipoCredito>QUIROGRAFARIOS</TipoCredito><EstadoOperacion>NOVADA</EstadoOperacion><NumeroOperacionAnterior>CAP21585</NumeroOperacionAnterior><FechaRenovacion>07/02/2020</FechaRenovacion><Provincia>17</Provincia><Canton>1701</Canton><NumeroCuotasCredito>30</NumeroCuotasCredito><FechaConcesion>07/02/2020</FechaConcesion><FechaVencimiento>31/08/2022</FechaVencimiento><ValorConcedido>1780.00</ValorConcedido><TasaInterezNominal>9.00</TasaInterezNominal><PeriodoGracia>1</PeriodoGracia><Tea>9.00</Tea><PeriodicidadPago>MENSUAL30D</PeriodicidadPago><FrecuenciaRevision>30</FrecuenciaRevision><GarantesGarantias>OPERSOLOGARANTREAL</GarantesGarantias><IdentificacionGarante></IdentificacionGarante><Plazo>936</Plazo><TipoTablaAmortizacion>FRANCESA</TipoTablaAmortizacion><FormaCobroCredito>DESCROLPAGPATRONO</FormaCobroCredito><EstadoRegistro>CRNUEVO</EstadoRegistro></Registro><Registro NumeroRegistro="5"> <TipoIdentificacionParticipe>CED</TipoIdentificacionParticipe> <IdentificacionParticipe>1705825915</IdentificacionParticipe><NumeroOperacionCredito>CAP27432</NumeroOperacionCredito><TipoCredito>QUIROGRAFARIOS</TipoCredito><EstadoOperacion>NOVADA</EstadoOperacion><NumeroOperacionAnterior>CAP25728</NumeroOperacionAnterior><FechaRenovacion>10/02/2020</FechaRenovacion><Provincia>17</Provincia><Canton>1701</Canton><NumeroCuotasCredito>72</NumeroCuotasCredito><FechaConcesion>10/02/2020</FechaConcesion><FechaVencimiento>28/02/2026</FechaVencimiento><ValorConcedido>11600.00</ValorConcedido><TasaInterezNominal>9.00</TasaInterezNominal><PeriodoGracia>1</PeriodoGracia><Tea>9.00</Tea><PeriodicidadPago>MENSUAL30D</PeriodicidadPago><FrecuenciaRevision>30</FrecuenciaRevision><GarantesGarantias>OPERSOLOGARANTREAL</GarantesGarantias><IdentificacionGarante></IdentificacionGarante><Plazo>2210</Plazo><TipoTablaAmortizacion>FRANCESA</TipoTablaAmortizacion><FormaCobroCredito>DESCROLPAGPATRONO</FormaCobroCredito><EstadoRegistro>CRNUEVO</EstadoRegistro></Registro><Registro NumeroRegistro="6"> <TipoIdentificacionParticipe>CED</TipoIdentificacionParticipe> <IdentificacionParticipe>1706743729</IdentificacionParticipe><NumeroOperacionCredito>CAP27442</NumeroOperacionCredito><TipoCredito>QUIROGRAFARIOS</TipoCredito><EstadoOperacion>NOVADA</EstadoOperacion><NumeroOperacionAnterior>CAP25007</NumeroOperacionAnterior><FechaRenovacion>07/02/2020</FechaRenovacion><Provincia>17</Provincia><Canton>1701</Canton><NumeroCuotasCredito>48</NumeroCuotasCredito><FechaConcesion>07/02/2020</FechaConcesion><FechaVencimiento>29/02/2024</FechaVencimiento><ValorConcedido>7000.00</ValorConcedido><TasaInterezNominal>12.00</TasaInterezNominal><PeriodoGracia>1</PeriodoGracia><Tea>12.00</Tea><PeriodicidadPago>MENSUAL30D</PeriodicidadPago><FrecuenciaRevision>30</FrecuenciaRevision><GarantesGarantias>OPERSOLOGARANTREAL</GarantesGarantias><IdentificacionGarante></IdentificacionGarante><Plazo>1483</Plazo><TipoTablaAmortizacion>FRANCESA</TipoTablaAmortizacion><FormaCobroCredito>DESCROLPAGPATRONO</FormaCobroCredito><EstadoRegistro>CRNUEVO</EstadoRegistro></Registro><Registro NumeroRegistro="7"> <TipoIdentificacionParticipe>CED</TipoIdentificacionParticipe> <IdentificacionParticipe>0912997574</IdentificacionParticipe><NumeroOperacionCredito>CAP27444</NumeroOperacionCredito><TipoCredito>QUIROGRAFARIOS</TipoCredito><EstadoOperacion>NOVADA</EstadoOperacion><NumeroOperacionAnterior>CAP22962</NumeroOperacionAnterior><FechaRenovacion>06/02/2020</FechaRenovacion><Provincia>24</Provincia><Canton>2401</Canton><NumeroCuotasCredito>45</NumeroCuotasCredito><FechaConcesion>06/02/2020</FechaConcesion><FechaVencimiento>30/11/2023</FechaVencimiento><ValorConcedido>4260.00</ValorConcedido><TasaInterezNominal>9.00</TasaInterezNominal><PeriodoGracia>1</PeriodoGracia><Tea>9.00</Tea><PeriodicidadPago>MENSUAL30D</PeriodicidadPago><FrecuenciaRevision>30</FrecuenciaRevision><GarantesGarantias>OPERSOLOGARANTREAL</GarantesGarantias><IdentificacionGarante></IdentificacionGarante><Plazo>1393</Plazo><TipoTablaAmortizacion>FRANCESA</TipoTablaAmortizacion><FormaCobroCredito>DESCROLPAGPATRONO</FormaCobroCredito><EstadoRegistro>CRNUEVO</EstadoRegistro></Registro><Registro NumeroRegistro="8"> <TipoIdentificacionParticipe>CED</TipoIdentificacionParticipe> <IdentificacionParticipe>1305731091</IdentificacionParticipe><NumeroOperacionCredito>CAP27445</NumeroOperacionCredito><TipoCredito>QUIROGRAFARIOS</TipoCredito><EstadoOperacion>NOVADA</EstadoOperacion><NumeroOperacionAnterior>CAP19368</NumeroOperacionAnterior><FechaRenovacion>06/02/2020</FechaRenovacion><Provincia>13</Provincia><Canton>1301</Canton><NumeroCuotasCredito>42</NumeroCuotasCredito><FechaConcesion>06/02/2020</FechaConcesion><FechaVencimiento>31/08/2023</FechaVencimiento><ValorConcedido>3900.00</ValorConcedido><TasaInterezNominal>9.00</TasaInterezNominal><PeriodoGracia>1</PeriodoGracia><Tea>9.00</Tea><PeriodicidadPago>MENSUAL30D</PeriodicidadPago><FrecuenciaRevision>30</FrecuenciaRevision><GarantesGarantias>OPERSOLOGARANTREAL</GarantesGarantias><IdentificacionGarante></IdentificacionGarante><Plazo>1302</Plazo><TipoTablaAmortizacion>FRANCESA</TipoTablaAmortizacion><FormaCobroCredito>DESCROLPAGPATRONO</FormaCobroCredito><EstadoRegistro>CRNUEVO</EstadoRegistro></Registro><Registro NumeroRegistro="9"> <TipoIdentificacionParticipe>CED</TipoIdentificacionParticipe> <IdentificacionParticipe>0906871249</IdentificacionParticipe><NumeroOperacionCredito>CAP27450</NumeroOperacionCredito><TipoCredito>QUIROGRAFARIOS</TipoCredito><EstadoOperacion>ORIGINAL</EstadoOperacion><NumeroOperacionAnterior>0</NumeroOperacionAnterior><FechaRenovacion></FechaRenovacion><Provincia>13</Provincia><Canton>1301</Canton><NumeroCuotasCredito>36</NumeroCuotasCredito><FechaConcesion>12/02/2020</FechaConcesion><FechaVencimiento>28/02/2023</FechaVencimiento><ValorConcedido>2700.00</ValorConcedido><TasaInterezNominal>12.00</TasaInterezNominal><PeriodoGracia>1</PeriodoGracia><Tea>12.00</Tea><PeriodicidadPago>MENSUAL30D</PeriodicidadPago><FrecuenciaRevision>30</FrecuenciaRevision><GarantesGarantias>OPERSOLOGARANTREAL</GarantesGarantias><IdentificacionGarante></IdentificacionGarante><Plazo>1112</Plazo><TipoTablaAmortizacion>FRANCESA</TipoTablaAmortizacion><FormaCobroCredito>DESCROLPAGPATRONO</FormaCobroCredito><EstadoRegistro>CRNUEVO</EstadoRegistro></Registro><Registro NumeroRegistro="10"> <TipoIdentificacionParticipe>CED</TipoIdentificacionParticipe> <IdentificacionParticipe>0913569646</IdentificacionParticipe><NumeroOperacionCredito>CAP27452</NumeroOperacionCredito><TipoCredito>QUIROGRAFARIOS</TipoCredito><EstadoOperacion>NOVADA</EstadoOperacion><NumeroOperacionAnterior>CAP25433</NumeroOperacionAnterior><FechaRenovacion>10/02/2020</FechaRenovacion><Provincia>24</Provincia><Canton>2401</Canton><NumeroCuotasCredito>45</NumeroCuotasCredito><FechaConcesion>10/02/2020</FechaConcesion><FechaVencimiento>30/11/2023</FechaVencimiento><ValorConcedido>4330.00</ValorConcedido><TasaInterezNominal>9.00</TasaInterezNominal><PeriodoGracia>1</PeriodoGracia><Tea>9.00</Tea><PeriodicidadPago>MENSUAL30D</PeriodicidadPago><FrecuenciaRevision>30</FrecuenciaRevision><GarantesGarantias>OPERSOLOGARANTREAL</GarantesGarantias><IdentificacionGarante></IdentificacionGarante><Plazo>1389</Plazo><TipoTablaAmortizacion>FRANCESA</TipoTablaAmortizacion><FormaCobroCredito>DESCROLPAGPATRONO</FormaCobroCredito><EstadoRegistro>CRNUEVO</EstadoRegistro></Registro><Registro NumeroRegistro="11"> <TipoIdentificacionParticipe>CED</TipoIdentificacionParticipe> <IdentificacionParticipe>1710812056</IdentificacionParticipe><NumeroOperacionCredito>CAP27453</NumeroOperacionCredito><TipoCredito>QUIROGRAFARIOS</TipoCredito><EstadoOperacion>NOVADA</EstadoOperacion><NumeroOperacionAnterior>CAP22670</NumeroOperacionAnterior><FechaRenovacion>10/02/2020</FechaRenovacion><Provincia>17</Provincia><Canton>1701</Canton><NumeroCuotasCredito>63</NumeroCuotasCredito><FechaConcesion>10/02/2020</FechaConcesion><FechaVencimiento>31/05/2025</FechaVencimiento><ValorConcedido>8230.00</ValorConcedido><TasaInterezNominal>9.00</TasaInterezNominal><PeriodoGracia>1</PeriodoGracia><Tea>9.00</Tea><PeriodicidadPago>MENSUAL30D</PeriodicidadPago><FrecuenciaRevision>30</FrecuenciaRevision><GarantesGarantias>OPERSOLOGARANTREAL</GarantesGarantias><IdentificacionGarante></IdentificacionGarante><Plazo>1937</Plazo><TipoTablaAmortizacion>FRANCESA</TipoTablaAmortizacion><FormaCobroCredito>DESCROLPAGPATRONO</FormaCobroCredito><EstadoRegistro>CRNUEVO</EstadoRegistro></Registro><Registro NumeroRegistro="12"> <TipoIdentificacionParticipe>CED</TipoIdentificacionParticipe> <IdentificacionParticipe>1716209026</IdentificacionParticipe><NumeroOperacionCredito>CAP27454</NumeroOperacionCredito><TipoCredito>QUIROGRAFARIOS</TipoCredito><EstadoOperacion>NOVADA</EstadoOperacion><NumeroOperacionAnterior>CAP23271</NumeroOperacionAnterior><FechaRenovacion>07/02/2020</FechaRenovacion><Provincia>21</Provincia><Canton>2101</Canton><NumeroCuotasCredito>84</NumeroCuotasCredito><FechaConcesion>07/02/2020</FechaConcesion><FechaVencimiento>28/02/2027</FechaVencimiento><ValorConcedido>15000.00</ValorConcedido><TasaInterezNominal>9.00</TasaInterezNominal><PeriodoGracia>1</PeriodoGracia><Tea>9.00</Tea><PeriodicidadPago>MENSUAL30D</PeriodicidadPago><FrecuenciaRevision>30</FrecuenciaRevision><GarantesGarantias>OPERSOLOGARANTREAL</GarantesGarantias><IdentificacionGarante></IdentificacionGarante><Plazo>2578</Plazo><TipoTablaAmortizacion>FRANCESA</TipoTablaAmortizacion><FormaCobroCredito>DESCROLPAGPATRONO</FormaCobroCredito><EstadoRegistro>CRNUEVO</EstadoRegistro></Registro><Registro NumeroRegistro="13"> <TipoIdentificacionParticipe>CED</TipoIdentificacionParticipe> <IdentificacionParticipe>0201565942</IdentificacionParticipe><NumeroOperacionCredito>CAP27456</NumeroOperacionCredito><TipoCredito>QUIROGRAFARIOS</TipoCredito><EstadoOperacion>NOVADA</EstadoOperacion><NumeroOperacionAnterior>CAP25550</NumeroOperacionAnterior><FechaRenovacion>07/02/2020</FechaRenovacion><Provincia>17</Provincia><Canton>1701</Canton><NumeroCuotasCredito>45</NumeroCuotasCredito><FechaConcesion>07/02/2020</FechaConcesion><FechaVencimiento>30/11/2023</FechaVencimiento><ValorConcedido>4390.00</ValorConcedido><TasaInterezNominal>9.00</TasaInterezNominal><PeriodoGracia>1</PeriodoGracia><Tea>9.00</Tea><PeriodicidadPago>MENSUAL30D</PeriodicidadPago><FrecuenciaRevision>30</FrecuenciaRevision><GarantesGarantias>OPERSOLOGARANTREAL</GarantesGarantias><IdentificacionGarante></IdentificacionGarante><Plazo>1392</Plazo><TipoTablaAmortizacion>FRANCESA</TipoTablaAmortizacion><FormaCobroCredito>DESCROLPAGPATRONO</FormaCobroCredito><EstadoRegistro>CRNUEVO</EstadoRegistro></Registro><Registro NumeroRegistro="14"> <TipoIdentificacionParticipe>CED</TipoIdentificacionParticipe> <IdentificacionParticipe>1708337256</IdentificacionParticipe><NumeroOperacionCredito>CAP27458</NumeroOperacionCredito><TipoCredito>QUIROGRAFARIOS</TipoCredito><EstadoOperacion>NOVADA</EstadoOperacion><NumeroOperacionAnterior>CAP24508</NumeroOperacionAnterior><FechaRenovacion>10/02/2020</FechaRenovacion><Provincia>17</Provincia><Canton>1701</Canton><NumeroCuotasCredito>75</NumeroCuotasCredito><FechaConcesion>10/02/2020</FechaConcesion><FechaVencimiento>31/05/2026</FechaVencimiento><ValorConcedido>18000.00</ValorConcedido><TasaInterezNominal>9.00</TasaInterezNominal><PeriodoGracia>1</PeriodoGracia><Tea>9.00</Tea><PeriodicidadPago>MENSUAL30D</PeriodicidadPago><FrecuenciaRevision>30</FrecuenciaRevision><GarantesGarantias>OPERSOLOGARANTREAL</GarantesGarantias><IdentificacionGarante></IdentificacionGarante><Plazo>2302</Plazo><TipoTablaAmortizacion>FRANCESA</TipoTablaAmortizacion><FormaCobroCredito>DESCROLPAGPATRONO</FormaCobroCredito><EstadoRegistro>CRNUEVO</EstadoRegistro></Registro><Registro NumeroRegistro="15"> <TipoIdentificacionParticipe>CED</TipoIdentificacionParticipe> <IdentificacionParticipe>0801587361</IdentificacionParticipe><NumeroOperacionCredito>CAP27463</NumeroOperacionCredito><TipoCredito>QUIROGRAFARIOS</TipoCredito><EstadoOperacion>NOVADA</EstadoOperacion><NumeroOperacionAnterior>CAP23552</NumeroOperacionAnterior><FechaRenovacion>11/02/2020</FechaRenovacion><Provincia>08</Provincia><Canton>0801</Canton><NumeroCuotasCredito>84</NumeroCuotasCredito><FechaConcesion>11/02/2020</FechaConcesion><FechaVencimiento>28/02/2027</FechaVencimiento><ValorConcedido>26000.00</ValorConcedido><TasaInterezNominal>9.00</TasaInterezNominal><PeriodoGracia>1</PeriodoGracia><Tea>9.00</Tea><PeriodicidadPago>MENSUAL30D</PeriodicidadPago><FrecuenciaRevision>30</FrecuenciaRevision><GarantesGarantias>OPERSOLOGARANTREAL</GarantesGarantias><IdentificacionGarante></IdentificacionGarante><Plazo>2574</Plazo><TipoTablaAmortizacion>FRANCESA</TipoTablaAmortizacion><FormaCobroCredito>DESCROLPAGPATRONO</FormaCobroCredito><EstadoRegistro>CRNUEVO</EstadoRegistro></Registro><Registro NumeroRegistro="16"> <TipoIdentificacionParticipe>CED</TipoIdentificacionParticipe> <IdentificacionParticipe>0908965114</IdentificacionParticipe><NumeroOperacionCredito>CAP27472</NumeroOperacionCredito><TipoCredito>QUIROGRAFARIOS</TipoCredito><EstadoOperacion>NOVADA</EstadoOperacion><NumeroOperacionAnterior>CAP24877</NumeroOperacionAnterior><FechaRenovacion>13/02/2020</FechaRenovacion><Provincia>09</Provincia><Canton>0901</Canton><NumeroCuotasCredito>60</NumeroCuotasCredito><FechaConcesion>13/02/2020</FechaConcesion><FechaVencimiento>28/02/2025</FechaVencimiento><ValorConcedido>7880.00</ValorConcedido><TasaInterezNominal>9.00</TasaInterezNominal><PeriodoGracia>1</PeriodoGracia><Tea>9.00</Tea><PeriodicidadPago>MENSUAL30D</PeriodicidadPago><FrecuenciaRevision>30</FrecuenciaRevision><GarantesGarantias>OPERSOLOGARANTREAL</GarantesGarantias><IdentificacionGarante></IdentificacionGarante><Plazo>1842</Plazo><TipoTablaAmortizacion>FRANCESA</TipoTablaAmortizacion><FormaCobroCredito>DESCROLPAGPATRONO</FormaCobroCredito><EstadoRegistro>CRNUEVO</EstadoRegistro></Registro><Registro NumeroRegistro="17"> <TipoIdentificacionParticipe>CED</TipoIdentificacionParticipe> <IdentificacionParticipe>0909256729</IdentificacionParticipe><NumeroOperacionCredito>CAP27474</NumeroOperacionCredito><TipoCredito>QUIROGRAFARIOS</TipoCredito><EstadoOperacion>NOVADA</EstadoOperacion><NumeroOperacionAnterior>CAP25304</NumeroOperacionAnterior><FechaRenovacion>11/02/2020</FechaRenovacion><Provincia>09</Provincia><Canton>0901</Canton><NumeroCuotasCredito>63</NumeroCuotasCredito><FechaConcesion>11/02/2020</FechaConcesion><FechaVencimiento>31/05/2025</FechaVencimiento><ValorConcedido>8300.00</ValorConcedido><TasaInterezNominal>9.00</TasaInterezNominal><PeriodoGracia>1</PeriodoGracia><Tea>9.00</Tea><PeriodicidadPago>MENSUAL30D</PeriodicidadPago><FrecuenciaRevision>30</FrecuenciaRevision><GarantesGarantias>OPERSOLOGARANTREAL</GarantesGarantias><IdentificacionGarante></IdentificacionGarante><Plazo>1936</Plazo><TipoTablaAmortizacion>FRANCESA</TipoTablaAmortizacion><FormaCobroCredito>DESCROLPAGPATRONO</FormaCobroCredito><EstadoRegistro>CRNUEVO</EstadoRegistro></Registro><Registro NumeroRegistro="18"> <TipoIdentificacionParticipe>CED</TipoIdentificacionParticipe> <IdentificacionParticipe>1708008634</IdentificacionParticipe><NumeroOperacionCredito>CAP27476</NumeroOperacionCredito><TipoCredito>QUIROGRAFARIOS</TipoCredito><EstadoOperacion>NOVADA</EstadoOperacion><NumeroOperacionAnterior>CAP25607</NumeroOperacionAnterior><FechaRenovacion>10/02/2020</FechaRenovacion><Provincia>17</Provincia><Canton>1701</Canton><NumeroCuotasCredito>84</NumeroCuotasCredito><FechaConcesion>10/02/2020</FechaConcesion><FechaVencimiento>28/02/2027</FechaVencimiento><ValorConcedido>20520.00</ValorConcedido><TasaInterezNominal>9.00</TasaInterezNominal><PeriodoGracia>1</PeriodoGracia><Tea>9.00</Tea><PeriodicidadPago>MENSUAL30D</PeriodicidadPago><FrecuenciaRevision>30</FrecuenciaRevision><GarantesGarantias>OPERSOLOGARANTREAL</GarantesGarantias><IdentificacionGarante></IdentificacionGarante><Plazo>2575</Plazo><TipoTablaAmortizacion>FRANCESA</TipoTablaAmortizacion><FormaCobroCredito>DESCROLPAGPATRONO</FormaCobroCredito><EstadoRegistro>CRNUEVO</EstadoRegistro></Registro><Registro NumeroRegistro="19"> <TipoIdentificacionParticipe>CED</TipoIdentificacionParticipe> <IdentificacionParticipe>1801979921</IdentificacionParticipe><NumeroOperacionCredito>CAP27483</NumeroOperacionCredito><TipoCredito>QUIROGRAFARIOS</TipoCredito><EstadoOperacion>NOVADA</EstadoOperacion><NumeroOperacionAnterior>CAP16533</NumeroOperacionAnterior><FechaRenovacion>07/02/2020</FechaRenovacion><Provincia>05</Provincia><Canton>0501</Canton><NumeroCuotasCredito>84</NumeroCuotasCredito><FechaConcesion>07/02/2020</FechaConcesion><FechaVencimiento>28/02/2027</FechaVencimiento><ValorConcedido>20010.00</ValorConcedido><TasaInterezNominal>9.00</TasaInterezNominal><PeriodoGracia>1</PeriodoGracia><Tea>9.00</Tea><PeriodicidadPago>MENSUAL30D</PeriodicidadPago><FrecuenciaRevision>30</FrecuenciaRevision><GarantesGarantias>OPERSOLOGARANTREAL</GarantesGarantias><IdentificacionGarante></IdentificacionGarante><Plazo>2578</Plazo><TipoTablaAmortizacion>FRANCESA</TipoTablaAmortizacion><FormaCobroCredito>DESCROLPAGPATRONO</FormaCobroCredito><EstadoRegistro>CRNUEVO</EstadoRegistro></Registro><Registro NumeroRegistro="20"> <TipoIdentificacionParticipe>CED</TipoIdentificacionParticipe> <IdentificacionParticipe>0922532999</IdentificacionParticipe><NumeroOperacionCredito>CAP27494</NumeroOperacionCredito><TipoCredito>QUIROGRAFARIOS</TipoCredito><EstadoOperacion>NOVADA</EstadoOperacion><NumeroOperacionAnterior>CAP25926</NumeroOperacionAnterior><FechaRenovacion>11/02/2020</FechaRenovacion><Provincia>09</Provincia><Canton>0901</Canton><NumeroCuotasCredito>84</NumeroCuotasCredito><FechaConcesion>11/02/2020</FechaConcesion><FechaVencimiento>28/02/2027</FechaVencimiento><ValorConcedido>20630.00</ValorConcedido><TasaInterezNominal>9.00</TasaInterezNominal><PeriodoGracia>1</PeriodoGracia><Tea>9.00</Tea><PeriodicidadPago>MENSUAL30D</PeriodicidadPago><FrecuenciaRevision>30</FrecuenciaRevision><GarantesGarantias>OPERSOLOGARANTREAL</GarantesGarantias><IdentificacionGarante></IdentificacionGarante><Plazo>2574</Plazo><TipoTablaAmortizacion>FRANCESA</TipoTablaAmortizacion><FormaCobroCredito>DESCROLPAGPATRONO</FormaCobroCredito><EstadoRegistro>CRNUEVO</EstadoRegistro></Registro><Registro NumeroRegistro="21"> <TipoIdentificacionParticipe>CED</TipoIdentificacionParticipe> <IdentificacionParticipe>1705045712</IdentificacionParticipe><NumeroOperacionCredito>CAP27499</NumeroOperacionCredito><TipoCredito>QUIROGRAFARIOS</TipoCredito><EstadoOperacion>NOVADA</EstadoOperacion><NumeroOperacionAnterior>CAP24374</NumeroOperacionAnterior><FechaRenovacion>10/02/2020</FechaRenovacion><Provincia>20</Provincia><Canton>2001</Canton><NumeroCuotasCredito>84</NumeroCuotasCredito><FechaConcesion>10/02/2020</FechaConcesion><FechaVencimiento>28/02/2027</FechaVencimiento><ValorConcedido>26000.00</ValorConcedido><TasaInterezNominal>9.00</TasaInterezNominal><PeriodoGracia>1</PeriodoGracia><Tea>9.00</Tea><PeriodicidadPago>MENSUAL30D</PeriodicidadPago><FrecuenciaRevision>30</FrecuenciaRevision><GarantesGarantias>OPERSOLOGARANTREAL</GarantesGarantias><IdentificacionGarante></IdentificacionGarante><Plazo>2575</Plazo><TipoTablaAmortizacion>FRANCESA</TipoTablaAmortizacion><FormaCobroCredito>DESCROLPAGPATRONO</FormaCobroCredito><EstadoRegistro>CRNUEVO</EstadoRegistro></Registro><Registro NumeroRegistro="22"> <TipoIdentificacionParticipe>CED</TipoIdentificacionParticipe> <IdentificacionParticipe>1001478484</IdentificacionParticipe><NumeroOperacionCredito>CAP27504</NumeroOperacionCredito><TipoCredito>QUIROGRAFARIOS</TipoCredito><EstadoOperacion>NOVADA</EstadoOperacion><NumeroOperacionAnterior>CAP23129</NumeroOperacionAnterior><FechaRenovacion>10/02/2020</FechaRenovacion><Provincia>17</Provincia><Canton>1701</Canton><NumeroCuotasCredito>72</NumeroCuotasCredito><FechaConcesion>10/02/2020</FechaConcesion><FechaVencimiento>28/02/2026</FechaVencimiento><ValorConcedido>11300.00</ValorConcedido><TasaInterezNominal>9.00</TasaInterezNominal><PeriodoGracia>1</PeriodoGracia><Tea>9.00</Tea><PeriodicidadPago>MENSUAL30D</PeriodicidadPago><FrecuenciaRevision>30</FrecuenciaRevision><GarantesGarantias>OPERSOLOGARANTREAL</GarantesGarantias><IdentificacionGarante></IdentificacionGarante><Plazo>2210</Plazo><TipoTablaAmortizacion>FRANCESA</TipoTablaAmortizacion><FormaCobroCredito>DESCROLPAGPATRONO</FormaCobroCredito><EstadoRegistro>CRNUEVO</EstadoRegistro></Registro><Registro NumeroRegistro="23"> <TipoIdentificacionParticipe>CED</TipoIdentificacionParticipe> <IdentificacionParticipe>0909212300</IdentificacionParticipe><NumeroOperacionCredito>CAP27505</NumeroOperacionCredito><TipoCredito>QUIROGRAFARIOS</TipoCredito><EstadoOperacion>NOVADA</EstadoOperacion><NumeroOperacionAnterior>CAP26264</NumeroOperacionAnterior><FechaRenovacion>13/02/2020</FechaRenovacion><Provincia>09</Provincia><Canton>0901</Canton><NumeroCuotasCredito>72</NumeroCuotasCredito><FechaConcesion>13/02/2020</FechaConcesion><FechaVencimiento>28/02/2026</FechaVencimiento><ValorConcedido>9610.00</ValorConcedido><TasaInterezNominal>9.00</TasaInterezNominal><PeriodoGracia>1</PeriodoGracia><Tea>9.00</Tea><PeriodicidadPago>MENSUAL30D</PeriodicidadPago><FrecuenciaRevision>30</FrecuenciaRevision><GarantesGarantias>OPERSOLOGARANTREAL</GarantesGarantias><IdentificacionGarante></IdentificacionGarante><Plazo>2207</Plazo><TipoTablaAmortizacion>FRANCESA</TipoTablaAmortizacion><FormaCobroCredito>DESCROLPAGPATRONO</FormaCobroCredito><EstadoRegistro>CRNUEVO</EstadoRegistro></Registro><Registro NumeroRegistro="24"> <TipoIdentificacionParticipe>CED</TipoIdentificacionParticipe> <IdentificacionParticipe>1101384780</IdentificacionParticipe><NumeroOperacionCredito>CAP27507</NumeroOperacionCredito><TipoCredito>QUIROGRAFARIOS</TipoCredito><EstadoOperacion>NOVADA</EstadoOperacion><NumeroOperacionAnterior>CAP26296</NumeroOperacionAnterior><FechaRenovacion>10/02/2020</FechaRenovacion><Provincia>17</Provincia><Canton>1701</Canton><NumeroCuotasCredito>84</NumeroCuotasCredito><FechaConcesion>10/02/2020</FechaConcesion><FechaVencimiento>30/04/2027</FechaVencimiento><ValorConcedido>26000.00</ValorConcedido><TasaInterezNominal>9.00</TasaInterezNominal><PeriodoGracia>1</PeriodoGracia><Tea>9.00</Tea><PeriodicidadPago>MENSUAL30D</PeriodicidadPago><FrecuenciaRevision>30</FrecuenciaRevision><GarantesGarantias>OPERSOLOGARANTREAL</GarantesGarantias><IdentificacionGarante></IdentificacionGarante><Plazo>2636</Plazo><TipoTablaAmortizacion>FRANCESA</TipoTablaAmortizacion><FormaCobroCredito>DESCROLPAGPATRONO</FormaCobroCredito><EstadoRegistro>CRNUEVO</EstadoRegistro></Registro><Registro NumeroRegistro="25"> <TipoIdentificacionParticipe>CED</TipoIdentificacionParticipe> <IdentificacionParticipe>0400887683</IdentificacionParticipe><NumeroOperacionCredito>CAP27512</NumeroOperacionCredito><TipoCredito>QUIROGRAFARIOS</TipoCredito><EstadoOperacion>NOVADA</EstadoOperacion><NumeroOperacionAnterior>CAP26053</NumeroOperacionAnterior><FechaRenovacion>21/02/2020</FechaRenovacion><Provincia>04</Provincia><Canton>0401</Canton><NumeroCuotasCredito>72</NumeroCuotasCredito><FechaConcesion>21/02/2020</FechaConcesion><FechaVencimiento>28/02/2026</FechaVencimiento><ValorConcedido>10640.00</ValorConcedido><TasaInterezNominal>9.00</TasaInterezNominal><PeriodoGracia>1</PeriodoGracia><Tea>9.00</Tea><PeriodicidadPago>MENSUAL30D</PeriodicidadPago><FrecuenciaRevision>30</FrecuenciaRevision><GarantesGarantias>OPERSOLOGARANTREAL</GarantesGarantias><IdentificacionGarante></IdentificacionGarante><Plazo>2199</Plazo><TipoTablaAmortizacion>FRANCESA</TipoTablaAmortizacion><FormaCobroCredito>DESCROLPAGPATRONO</FormaCobroCredito><EstadoRegistro>CRNUEVO</EstadoRegistro></Registro><Registro NumeroRegistro="26"> <TipoIdentificacionParticipe>CED</TipoIdentificacionParticipe> <IdentificacionParticipe>1706944186</IdentificacionParticipe><NumeroOperacionCredito>CAP27515</NumeroOperacionCredito><TipoCredito>QUIROGRAFARIOS</TipoCredito><EstadoOperacion>NOVADA</EstadoOperacion><NumeroOperacionAnterior>CAP20727</NumeroOperacionAnterior><FechaRenovacion>12/02/2020</FechaRenovacion><Provincia>17</Provincia><Canton>1701</Canton><NumeroCuotasCredito>84</NumeroCuotasCredito><FechaConcesion>12/02/2020</FechaConcesion><FechaVencimiento>30/04/2027</FechaVencimiento><ValorConcedido>26000.00</ValorConcedido><TasaInterezNominal>9.00</TasaInterezNominal><PeriodoGracia>1</PeriodoGracia><Tea>9.00</Tea><PeriodicidadPago>MENSUAL30D</PeriodicidadPago><FrecuenciaRevision>30</FrecuenciaRevision><GarantesGarantias>OPERSOLOGARANTREAL</GarantesGarantias><IdentificacionGarante></IdentificacionGarante><Plazo>2634</Plazo><TipoTablaAmortizacion>FRANCESA</TipoTablaAmortizacion><FormaCobroCredito>DESCROLPAGPATRONO</FormaCobroCredito><EstadoRegistro>CRNUEVO</EstadoRegistro></Registro><Registro NumeroRegistro="27"> <TipoIdentificacionParticipe>CED</TipoIdentificacionParticipe> <IdentificacionParticipe>0910858273</IdentificacionParticipe><NumeroOperacionCredito>CAP27517</NumeroOperacionCredito><TipoCredito>QUIROGRAFARIOS</TipoCredito><EstadoOperacion>NOVADA</EstadoOperacion><NumeroOperacionAnterior>CAP26166</NumeroOperacionAnterior><FechaRenovacion>11/02/2020</FechaRenovacion><Provincia>09</Provincia><Canton>0901</Canton><NumeroCuotasCredito>30</NumeroCuotasCredito><FechaConcesion>11/02/2020</FechaConcesion><FechaVencimiento>31/08/2022</FechaVencimiento><ValorConcedido>5710.00</ValorConcedido><TasaInterezNominal>9.00</TasaInterezNominal><PeriodoGracia>1</PeriodoGracia><Tea>9.00</Tea><PeriodicidadPago>MENSUAL30D</PeriodicidadPago><FrecuenciaRevision>30</FrecuenciaRevision><GarantesGarantias>OPERSOLOGARANTREAL</GarantesGarantias><IdentificacionGarante></IdentificacionGarante><Plazo>932</Plazo><TipoTablaAmortizacion>FRANCESA</TipoTablaAmortizacion><FormaCobroCredito>DESCROLPAGPATRONO</FormaCobroCredito><EstadoRegistro>CRNUEVO</EstadoRegistro></Registro><Registro NumeroRegistro="28"> <TipoIdentificacionParticipe>CED</TipoIdentificacionParticipe> <IdentificacionParticipe>0601459324</IdentificacionParticipe><NumeroOperacionCredito>CAP27518</NumeroOperacionCredito><TipoCredito>QUIROGRAFARIOS</TipoCredito><EstadoOperacion>NOVADA</EstadoOperacion><NumeroOperacionAnterior>CAP23604</NumeroOperacionAnterior><FechaRenovacion>14/02/2020</FechaRenovacion><Provincia>06</Provincia><Canton>0601</Canton><NumeroCuotasCredito>84</NumeroCuotasCredito><FechaConcesion>14/02/2020</FechaConcesion><FechaVencimiento>28/02/2027</FechaVencimiento><ValorConcedido>22140.00</ValorConcedido><TasaInterezNominal>9.00</TasaInterezNominal><PeriodoGracia>1</PeriodoGracia><Tea>9.00</Tea><PeriodicidadPago>MENSUAL30D</PeriodicidadPago><FrecuenciaRevision>30</FrecuenciaRevision><GarantesGarantias>OPERSOLOGARANTREAL</GarantesGarantias><IdentificacionGarante></IdentificacionGarante><Plazo>2571</Plazo><TipoTablaAmortizacion>FRANCESA</TipoTablaAmortizacion><FormaCobroCredito>DESCROLPAGPATRONO</FormaCobroCredito><EstadoRegistro>CRNUEVO</EstadoRegistro></Registro><Registro NumeroRegistro="29"> <TipoIdentificacionParticipe>CED</TipoIdentificacionParticipe> <IdentificacionParticipe>1717471419</IdentificacionParticipe><NumeroOperacionCredito>CAP27520</NumeroOperacionCredito><TipoCredito>QUIROGRAFARIOS</TipoCredito><EstadoOperacion>NOVADA</EstadoOperacion><NumeroOperacionAnterior>CAP25884</NumeroOperacionAnterior><FechaRenovacion>12/02/2020</FechaRenovacion><Provincia>17</Provincia><Canton>1701</Canton><NumeroCuotasCredito>36</NumeroCuotasCredito><FechaConcesion>12/02/2020</FechaConcesion><FechaVencimiento>28/02/2023</FechaVencimiento><ValorConcedido>2000.00</ValorConcedido><TasaInterezNominal>12.00</TasaInterezNominal><PeriodoGracia>1</PeriodoGracia><Tea>12.00</Tea><PeriodicidadPago>MENSUAL30D</PeriodicidadPago><FrecuenciaRevision>30</FrecuenciaRevision><GarantesGarantias>OPERSOLOGARANTREAL</GarantesGarantias><IdentificacionGarante></IdentificacionGarante><Plazo>1112</Plazo><TipoTablaAmortizacion>FRANCESA</TipoTablaAmortizacion><FormaCobroCredito>DESCROLPAGPATRONO</FormaCobroCredito><EstadoRegistro>CRNUEVO</EstadoRegistro></Registro><Registro NumeroRegistro="30"> <TipoIdentificacionParticipe>CED</TipoIdentificacionParticipe> <IdentificacionParticipe>1001158474</IdentificacionParticipe><NumeroOperacionCredito>CAP27521</NumeroOperacionCredito><TipoCredito>QUIROGRAFARIOS</TipoCredito><EstadoOperacion>NOVADA</EstadoOperacion><NumeroOperacionAnterior>CAP23963</NumeroOperacionAnterior><FechaRenovacion>12/02/2020</FechaRenovacion><Provincia>17</Provincia><Canton>1701</Canton><NumeroCuotasCredito>84</NumeroCuotasCredito><FechaConcesion>12/02/2020</FechaConcesion><FechaVencimiento>28/02/2027</FechaVencimiento><ValorConcedido>15300.00</ValorConcedido><TasaInterezNominal>9.00</TasaInterezNominal><PeriodoGracia>1</PeriodoGracia><Tea>9.00</Tea><PeriodicidadPago>MENSUAL30D</PeriodicidadPago><FrecuenciaRevision>30</FrecuenciaRevision><GarantesGarantias>OPERSOLOGARANTREAL</GarantesGarantias><IdentificacionGarante></IdentificacionGarante><Plazo>2573</Plazo><TipoTablaAmortizacion>FRANCESA</TipoTablaAmortizacion><FormaCobroCredito>DESCROLPAGPATRONO</FormaCobroCredito><EstadoRegistro>CRNUEVO</EstadoRegistro></Registro><Registro NumeroRegistro="31"> <TipoIdentificacionParticipe>CED</TipoIdentificacionParticipe> <IdentificacionParticipe>1713594438</IdentificacionParticipe><NumeroOperacionCredito>CAP27522</NumeroOperacionCredito><TipoCredito>QUIROGRAFARIOS</TipoCredito><EstadoOperacion>NOVADA</EstadoOperacion><NumeroOperacionAnterior>CAP25207</NumeroOperacionAnterior><FechaRenovacion>13/02/2020</FechaRenovacion><Provincia>24</Provincia><Canton>2401</Canton><NumeroCuotasCredito>72</NumeroCuotasCredito><FechaConcesion>13/02/2020</FechaConcesion><FechaVencimiento>31/03/2026</FechaVencimiento><ValorConcedido>10010.00</ValorConcedido><TasaInterezNominal>9.00</TasaInterezNominal><PeriodoGracia>1</PeriodoGracia><Tea>9.00</Tea><PeriodicidadPago>MENSUAL30D</PeriodicidadPago><FrecuenciaRevision>30</FrecuenciaRevision><GarantesGarantias>OPERSOLOGARANTREAL</GarantesGarantias><IdentificacionGarante></IdentificacionGarante><Plazo>2238</Plazo><TipoTablaAmortizacion>FRANCESA</TipoTablaAmortizacion><FormaCobroCredito>DESCROLPAGPATRONO</FormaCobroCredito><EstadoRegistro>CRNUEVO</EstadoRegistro></Registro><Registro NumeroRegistro="32"> <TipoIdentificacionParticipe>CED</TipoIdentificacionParticipe> <IdentificacionParticipe>0906448329</IdentificacionParticipe><NumeroOperacionCredito>CAP27525</NumeroOperacionCredito><TipoCredito>QUIROGRAFARIOS</TipoCredito><EstadoOperacion>ORIGINAL</EstadoOperacion><NumeroOperacionAnterior>0</NumeroOperacionAnterior><FechaRenovacion></FechaRenovacion><Provincia>09</Provincia><Canton>0901</Canton><NumeroCuotasCredito>36</NumeroCuotasCredito><FechaConcesion>13/02/2020</FechaConcesion><FechaVencimiento>28/02/2023</FechaVencimiento><ValorConcedido>2200.00</ValorConcedido><TasaInterezNominal>12.00</TasaInterezNominal><PeriodoGracia>1</PeriodoGracia><Tea>12.00</Tea><PeriodicidadPago>MENSUAL30D</PeriodicidadPago><FrecuenciaRevision>30</FrecuenciaRevision><GarantesGarantias>OPERSOLOGARANTREAL</GarantesGarantias><IdentificacionGarante></IdentificacionGarante><Plazo>1111</Plazo><TipoTablaAmortizacion>FRANCESA</TipoTablaAmortizacion><FormaCobroCredito>DESCROLPAGPATRONO</FormaCobroCredito><EstadoRegistro>CRNUEVO</EstadoRegistro></Registro><Registro NumeroRegistro="33"> <TipoIdentificacionParticipe>CED</TipoIdentificacionParticipe> <IdentificacionParticipe>0915081905</IdentificacionParticipe><NumeroOperacionCredito>CAP27528</NumeroOperacionCredito><TipoCredito>QUIROGRAFARIOS</TipoCredito><EstadoOperacion>ORIGINAL</EstadoOperacion><NumeroOperacionAnterior>0</NumeroOperacionAnterior><FechaRenovacion></FechaRenovacion><Provincia>09</Provincia><Canton>0901</Canton><NumeroCuotasCredito>12</NumeroCuotasCredito><FechaConcesion>13/02/2020</FechaConcesion><FechaVencimiento>28/02/2021</FechaVencimiento><ValorConcedido>450.00</ValorConcedido><TasaInterezNominal>12.00</TasaInterezNominal><PeriodoGracia>1</PeriodoGracia><Tea>12.00</Tea><PeriodicidadPago>MENSUAL30D</PeriodicidadPago><FrecuenciaRevision>30</FrecuenciaRevision><GarantesGarantias>OPERSOLOGARANTREAL</GarantesGarantias><IdentificacionGarante></IdentificacionGarante><Plazo>381</Plazo><TipoTablaAmortizacion>FRANCESA</TipoTablaAmortizacion><FormaCobroCredito>DESCROLPAGPATRONO</FormaCobroCredito><EstadoRegistro>CRNUEVO</EstadoRegistro></Registro><Registro NumeroRegistro="34"> <TipoIdentificacionParticipe>CED</TipoIdentificacionParticipe> <IdentificacionParticipe>1718484015</IdentificacionParticipe><NumeroOperacionCredito>CAP27537</NumeroOperacionCredito><TipoCredito>QUIROGRAFARIOS</TipoCredito><EstadoOperacion>NOVADA</EstadoOperacion><NumeroOperacionAnterior>CAP23429</NumeroOperacionAnterior><FechaRenovacion>17/02/2020</FechaRenovacion><Provincia>17</Provincia><Canton>1701</Canton><NumeroCuotasCredito>78</NumeroCuotasCredito><FechaConcesion>17/02/2020</FechaConcesion><FechaVencimiento>31/08/2026</FechaVencimiento><ValorConcedido>13360.00</ValorConcedido><TasaInterezNominal>9.00</TasaInterezNominal><PeriodoGracia>1</PeriodoGracia><Tea>9.00</Tea><PeriodicidadPago>MENSUAL30D</PeriodicidadPago><FrecuenciaRevision>30</FrecuenciaRevision><GarantesGarantias>OPERSOLOGARANTREAL</GarantesGarantias><IdentificacionGarante></IdentificacionGarante><Plazo>2387</Plazo><TipoTablaAmortizacion>FRANCESA</TipoTablaAmortizacion><FormaCobroCredito>DESCROLPAGPATRONO</FormaCobroCredito><EstadoRegistro>CRNUEVO</EstadoRegistro></Registro><Registro NumeroRegistro="35"> <TipoIdentificacionParticipe>CED</TipoIdentificacionParticipe> <IdentificacionParticipe>1712442969</IdentificacionParticipe><NumeroOperacionCredito>CAP27542</NumeroOperacionCredito><TipoCredito>QUIROGRAFARIOS</TipoCredito><EstadoOperacion>NOVADA</EstadoOperacion><NumeroOperacionAnterior>CAP24054</NumeroOperacionAnterior><FechaRenovacion>14/02/2020</FechaRenovacion><Provincia>05</Provincia><Canton>0501</Canton><NumeroCuotasCredito>84</NumeroCuotasCredito><FechaConcesion>14/02/2020</FechaConcesion><FechaVencimiento>28/02/2027</FechaVencimiento><ValorConcedido>24800.00</ValorConcedido><TasaInterezNominal>9.00</TasaInterezNominal><PeriodoGracia>1</PeriodoGracia><Tea>9.00</Tea><PeriodicidadPago>MENSUAL30D</PeriodicidadPago><FrecuenciaRevision>30</FrecuenciaRevision><GarantesGarantias>OPERSOLOGARANTREAL</GarantesGarantias><IdentificacionGarante></IdentificacionGarante><Plazo>2571</Plazo><TipoTablaAmortizacion>FRANCESA</TipoTablaAmortizacion><FormaCobroCredito>DESCROLPAGPATRONO</FormaCobroCredito><EstadoRegistro>CRNUEVO</EstadoRegistro></Registro><Registro NumeroRegistro="36"> <TipoIdentificacionParticipe>CED</TipoIdentificacionParticipe> <IdentificacionParticipe>1711478667</IdentificacionParticipe><NumeroOperacionCredito>CAP27543</NumeroOperacionCredito><TipoCredito>QUIROGRAFARIOS</TipoCredito><EstadoOperacion>NOVADA</EstadoOperacion><NumeroOperacionAnterior>CAP10945</NumeroOperacionAnterior><FechaRenovacion>14/02/2020</FechaRenovacion><Provincia>17</Provincia><Canton>1701</Canton><NumeroCuotasCredito>84</NumeroCuotasCredito><FechaConcesion>14/02/2020</FechaConcesion><FechaVencimiento>28/02/2027</FechaVencimiento><ValorConcedido>16670.00</ValorConcedido><TasaInterezNominal>9.00</TasaInterezNominal><PeriodoGracia>1</PeriodoGracia><Tea>9.00</Tea><PeriodicidadPago>MENSUAL30D</PeriodicidadPago><FrecuenciaRevision>30</FrecuenciaRevision><GarantesGarantias>OPERSOLOGARANTREAL</GarantesGarantias><IdentificacionGarante></IdentificacionGarante><Plazo>2571</Plazo><TipoTablaAmortizacion>FRANCESA</TipoTablaAmortizacion><FormaCobroCredito>DESCROLPAGPATRONO</FormaCobroCredito><EstadoRegistro>CRNUEVO</EstadoRegistro></Registro><Registro NumeroRegistro="37"> <TipoIdentificacionParticipe>CED</TipoIdentificacionParticipe> <IdentificacionParticipe>1706352117</IdentificacionParticipe><NumeroOperacionCredito>CAP27546</NumeroOperacionCredito><TipoCredito>QUIROGRAFARIOS</TipoCredito><EstadoOperacion>NOVADA</EstadoOperacion><NumeroOperacionAnterior>CAP24699</NumeroOperacionAnterior><FechaRenovacion>14/02/2020</FechaRenovacion><Provincia>17</Provincia><Canton>1701</Canton><NumeroCuotasCredito>84</NumeroCuotasCredito><FechaConcesion>14/02/2020</FechaConcesion><FechaVencimiento>28/02/2027</FechaVencimiento><ValorConcedido>26000.00</ValorConcedido><TasaInterezNominal>9.00</TasaInterezNominal><PeriodoGracia>1</PeriodoGracia><Tea>9.00</Tea><PeriodicidadPago>MENSUAL30D</PeriodicidadPago><FrecuenciaRevision>30</FrecuenciaRevision><GarantesGarantias>OPERSOLOGARANTREAL</GarantesGarantias><IdentificacionGarante></IdentificacionGarante><Plazo>2571</Plazo><TipoTablaAmortizacion>FRANCESA</TipoTablaAmortizacion><FormaCobroCredito>DESCROLPAGPATRONO</FormaCobroCredito><EstadoRegistro>CRNUEVO</EstadoRegistro></Registro><Registro NumeroRegistro="38"> <TipoIdentificacionParticipe>CED</TipoIdentificacionParticipe> <IdentificacionParticipe>1714839337</IdentificacionParticipe><NumeroOperacionCredito>CAP27551</NumeroOperacionCredito><TipoCredito>QUIROGRAFARIOS</TipoCredito><EstadoOperacion>NOVADA</EstadoOperacion><NumeroOperacionAnterior>CAP25766</NumeroOperacionAnterior><FechaRenovacion>17/02/2020</FechaRenovacion><Provincia>17</Provincia><Canton>1701</Canton><NumeroCuotasCredito>84</NumeroCuotasCredito><FechaConcesion>17/02/2020</FechaConcesion><FechaVencimiento>28/02/2027</FechaVencimiento><ValorConcedido>20550.00</ValorConcedido><TasaInterezNominal>9.00</TasaInterezNominal><PeriodoGracia>1</PeriodoGracia><Tea>9.00</Tea><PeriodicidadPago>MENSUAL30D</PeriodicidadPago><FrecuenciaRevision>30</FrecuenciaRevision><GarantesGarantias>OPERGARANTYGARANTIAREAL</GarantesGarantias><IdentificacionGarante>1708664998</IdentificacionGarante><Plazo>2568</Plazo><TipoTablaAmortizacion>FRANCESA</TipoTablaAmortizacion><FormaCobroCredito>DESCROLPAGPATRONO</FormaCobroCredito><EstadoRegistro>CRNUEVO</EstadoRegistro></Registro><Registro NumeroRegistro="39"> <TipoIdentificacionParticipe>CED</TipoIdentificacionParticipe> <IdentificacionParticipe>0909192858</IdentificacionParticipe><NumeroOperacionCredito>CAP27552</NumeroOperacionCredito><TipoCredito>QUIROGRAFARIOS</TipoCredito><EstadoOperacion>NOVADA</EstadoOperacion><NumeroOperacionAnterior>CAP20795</NumeroOperacionAnterior><FechaRenovacion>18/02/2020</FechaRenovacion><Provincia>09</Provincia><Canton>0901</Canton><NumeroCuotasCredito>45</NumeroCuotasCredito><FechaConcesion>18/02/2020</FechaConcesion><FechaVencimiento>30/11/2023</FechaVencimiento><ValorConcedido>4680.00</ValorConcedido><TasaInterezNominal>9.00</TasaInterezNominal><PeriodoGracia>1</PeriodoGracia><Tea>9.00</Tea><PeriodicidadPago>MENSUAL30D</PeriodicidadPago><FrecuenciaRevision>30</FrecuenciaRevision><GarantesGarantias>OPERSOLOGARANTREAL</GarantesGarantias><IdentificacionGarante></IdentificacionGarante><Plazo>1381</Plazo><TipoTablaAmortizacion>FRANCESA</TipoTablaAmortizacion><FormaCobroCredito>DESCROLPAGPATRONO</FormaCobroCredito><EstadoRegistro>CRNUEVO</EstadoRegistro></Registro><Registro NumeroRegistro="40"> <TipoIdentificacionParticipe>CED</TipoIdentificacionParticipe> <IdentificacionParticipe>1102957204</IdentificacionParticipe><NumeroOperacionCredito>CAP27554</NumeroOperacionCredito><TipoCredito>QUIROGRAFARIOS</TipoCredito><EstadoOperacion>NOVADA</EstadoOperacion><NumeroOperacionAnterior>CAP24688</NumeroOperacionAnterior><FechaRenovacion>19/02/2020</FechaRenovacion><Provincia>11</Provincia><Canton>1101</Canton><NumeroCuotasCredito>84</NumeroCuotasCredito><FechaConcesion>19/02/2020</FechaConcesion><FechaVencimiento>28/02/2027</FechaVencimiento><ValorConcedido>22040.00</ValorConcedido><TasaInterezNominal>9.00</TasaInterezNominal><PeriodoGracia>1</PeriodoGracia><Tea>9.00</Tea><PeriodicidadPago>MENSUAL30D</PeriodicidadPago><FrecuenciaRevision>30</FrecuenciaRevision><GarantesGarantias>OPERSOLOGARANTREAL</GarantesGarantias><IdentificacionGarante></IdentificacionGarante><Plazo>2566</Plazo><TipoTablaAmortizacion>FRANCESA</TipoTablaAmortizacion><FormaCobroCredito>DESCROLPAGPATRONO</FormaCobroCredito><EstadoRegistro>CRNUEVO</EstadoRegistro></Registro><Registro NumeroRegistro="41"> <TipoIdentificacionParticipe>CED</TipoIdentificacionParticipe> <IdentificacionParticipe>0916731276</IdentificacionParticipe><NumeroOperacionCredito>CAP27561</NumeroOperacionCredito><TipoCredito>QUIROGRAFARIOS</TipoCredito><EstadoOperacion>ORIGINAL</EstadoOperacion><NumeroOperacionAnterior>0</NumeroOperacionAnterior><FechaRenovacion></FechaRenovacion><Provincia>09</Provincia><Canton>0901</Canton><NumeroCuotasCredito>36</NumeroCuotasCredito><FechaConcesion>18/02/2020</FechaConcesion><FechaVencimiento>28/02/2023</FechaVencimiento><ValorConcedido>3520.00</ValorConcedido><TasaInterezNominal>9.00</TasaInterezNominal><PeriodoGracia>1</PeriodoGracia><Tea>9.00</Tea><PeriodicidadPago>MENSUAL30D</PeriodicidadPago><FrecuenciaRevision>30</FrecuenciaRevision><GarantesGarantias>OPERSOLOGARANTREAL</GarantesGarantias><IdentificacionGarante></IdentificacionGarante><Plazo>1106</Plazo><TipoTablaAmortizacion>FRANCESA</TipoTablaAmortizacion><FormaCobroCredito>DESCROLPAGPATRONO</FormaCobroCredito><EstadoRegistro>CRNUEVO</EstadoRegistro></Registro><Registro NumeroRegistro="42"> <TipoIdentificacionParticipe>CED</TipoIdentificacionParticipe> <IdentificacionParticipe>1706772553</IdentificacionParticipe><NumeroOperacionCredito>CAP27564</NumeroOperacionCredito><TipoCredito>QUIROGRAFARIOS</TipoCredito><EstadoOperacion>ORIGINAL</EstadoOperacion><NumeroOperacionAnterior>0</NumeroOperacionAnterior><FechaRenovacion></FechaRenovacion><Provincia>17</Provincia><Canton>1701</Canton><NumeroCuotasCredito>48</NumeroCuotasCredito><FechaConcesion>19/02/2020</FechaConcesion><FechaVencimiento>29/02/2024</FechaVencimiento><ValorConcedido>5000.00</ValorConcedido><TasaInterezNominal>12.00</TasaInterezNominal><PeriodoGracia>1</PeriodoGracia><Tea>12.00</Tea><PeriodicidadPago>MENSUAL30D</PeriodicidadPago><FrecuenciaRevision>30</FrecuenciaRevision><GarantesGarantias>OPERSOLOGARANTREAL</GarantesGarantias><IdentificacionGarante></IdentificacionGarante><Plazo>1471</Plazo><TipoTablaAmortizacion>FRANCESA</TipoTablaAmortizacion><FormaCobroCredito>DESCROLPAGPATRONO</FormaCobroCredito><EstadoRegistro>CRNUEVO</EstadoRegistro></Registro><Registro NumeroRegistro="43"> <TipoIdentificacionParticipe>CED</TipoIdentificacionParticipe> <IdentificacionParticipe>0500893144</IdentificacionParticipe><NumeroOperacionCredito>CAP27569</NumeroOperacionCredito><TipoCredito>QUIROGRAFARIOS</TipoCredito><EstadoOperacion>NOVADA</EstadoOperacion><NumeroOperacionAnterior>CAP22500</NumeroOperacionAnterior><FechaRenovacion>21/02/2020</FechaRenovacion><Provincia>17</Provincia><Canton>1701</Canton><NumeroCuotasCredito>57</NumeroCuotasCredito><FechaConcesion>21/02/2020</FechaConcesion><FechaVencimiento>30/11/2024</FechaVencimiento><ValorConcedido>15000.00</ValorConcedido><TasaInterezNominal>9.00</TasaInterezNominal><PeriodoGracia>1</PeriodoGracia><Tea>9.00</Tea><PeriodicidadPago>MENSUAL30D</PeriodicidadPago><FrecuenciaRevision>30</FrecuenciaRevision><GarantesGarantias>OPERSOLOGARANTREAL</GarantesGarantias><IdentificacionGarante></IdentificacionGarante><Plazo>1744</Plazo><TipoTablaAmortizacion>FRANCESA</TipoTablaAmortizacion><FormaCobroCredito>DESCROLPAGPATRONO</FormaCobroCredito><EstadoRegistro>CRNUEVO</EstadoRegistro></Registro><Registro NumeroRegistro="44"> <TipoIdentificacionParticipe>CED</TipoIdentificacionParticipe> <IdentificacionParticipe>0906562640</IdentificacionParticipe><NumeroOperacionCredito>CAP27570</NumeroOperacionCredito><TipoCredito>QUIROGRAFARIOS</TipoCredito><EstadoOperacion>NOVADA</EstadoOperacion><NumeroOperacionAnterior>CAP23887</NumeroOperacionAnterior><FechaRenovacion>20/02/2020</FechaRenovacion><Provincia>09</Provincia><Canton>0901</Canton><NumeroCuotasCredito>48</NumeroCuotasCredito><FechaConcesion>20/02/2020</FechaConcesion><FechaVencimiento>29/02/2024</FechaVencimiento><ValorConcedido>5000.00</ValorConcedido><TasaInterezNominal>9.00</TasaInterezNominal><PeriodoGracia>1</PeriodoGracia><Tea>9.00</Tea><PeriodicidadPago>MENSUAL30D</PeriodicidadPago><FrecuenciaRevision>30</FrecuenciaRevision><GarantesGarantias>OPERSOLOGARANTREAL</GarantesGarantias><IdentificacionGarante></IdentificacionGarante><Plazo>1470</Plazo><TipoTablaAmortizacion>FRANCESA</TipoTablaAmortizacion><FormaCobroCredito>DESCROLPAGPATRONO</FormaCobroCredito><EstadoRegistro>CRNUEVO</EstadoRegistro></Registro><Registro NumeroRegistro="45"> <TipoIdentificacionParticipe>CED</TipoIdentificacionParticipe> <IdentificacionParticipe>1102539101</IdentificacionParticipe><NumeroOperacionCredito>CAP27571</NumeroOperacionCredito><TipoCredito>QUIROGRAFARIOS</TipoCredito><EstadoOperacion>NOVADA</EstadoOperacion><NumeroOperacionAnterior>CAP24113</NumeroOperacionAnterior><FechaRenovacion>21/02/2020</FechaRenovacion><Provincia>17</Provincia><Canton>1701</Canton><NumeroCuotasCredito>84</NumeroCuotasCredito><FechaConcesion>21/02/2020</FechaConcesion><FechaVencimiento>31/03/2027</FechaVencimiento><ValorConcedido>20400.00</ValorConcedido><TasaInterezNominal>9.00</TasaInterezNominal><PeriodoGracia>1</PeriodoGracia><Tea>9.00</Tea><PeriodicidadPago>MENSUAL30D</PeriodicidadPago><FrecuenciaRevision>30</FrecuenciaRevision><GarantesGarantias>OPERSOLOGARANTREAL</GarantesGarantias><IdentificacionGarante></IdentificacionGarante><Plazo>2595</Plazo><TipoTablaAmortizacion>FRANCESA</TipoTablaAmortizacion><FormaCobroCredito>DESCROLPAGPATRONO</FormaCobroCredito><EstadoRegistro>CRNUEVO</EstadoRegistro></Registro><Registro NumeroRegistro="46"> <TipoIdentificacionParticipe>CED</TipoIdentificacionParticipe> <IdentificacionParticipe>0502045396</IdentificacionParticipe><NumeroOperacionCredito>CAP27576</NumeroOperacionCredito><TipoCredito>QUIROGRAFARIOS</TipoCredito><EstadoOperacion>NOVADA</EstadoOperacion><NumeroOperacionAnterior>CAP25792</NumeroOperacionAnterior><FechaRenovacion>19/02/2020</FechaRenovacion><Provincia>17</Provincia><Canton>1701</Canton><NumeroCuotasCredito>81</NumeroCuotasCredito><FechaConcesion>19/02/2020</FechaConcesion><FechaVencimiento>30/11/2026</FechaVencimiento><ValorConcedido>14990.00</ValorConcedido><TasaInterezNominal>9.00</TasaInterezNominal><PeriodoGracia>1</PeriodoGracia><Tea>9.00</Tea><PeriodicidadPago>MENSUAL30D</PeriodicidadPago><FrecuenciaRevision>30</FrecuenciaRevision><GarantesGarantias>OPERSOLOGARANTREAL</GarantesGarantias><IdentificacionGarante></IdentificacionGarante><Plazo>2476</Plazo><TipoTablaAmortizacion>FRANCESA</TipoTablaAmortizacion><FormaCobroCredito>DESCROLPAGPATRONO</FormaCobroCredito><EstadoRegistro>CRNUEVO</EstadoRegistro></Registro><Registro NumeroRegistro="47"> <TipoIdentificacionParticipe>CED</TipoIdentificacionParticipe> <IdentificacionParticipe>1708662075</IdentificacionParticipe><NumeroOperacionCredito>CAP27579</NumeroOperacionCredito><TipoCredito>QUIROGRAFARIOS</TipoCredito><EstadoOperacion>NOVADA</EstadoOperacion><NumeroOperacionAnterior>CAP25103</NumeroOperacionAnterior><FechaRenovacion>21/02/2020</FechaRenovacion><Provincia>17</Provincia><Canton>1701</Canton><NumeroCuotasCredito>51</NumeroCuotasCredito><FechaConcesion>21/02/2020</FechaConcesion><FechaVencimiento>31/05/2024</FechaVencimiento><ValorConcedido>6310.00</ValorConcedido><TasaInterezNominal>9.00</TasaInterezNominal><PeriodoGracia>1</PeriodoGracia><Tea>9.00</Tea><PeriodicidadPago>MENSUAL30D</PeriodicidadPago><FrecuenciaRevision>30</FrecuenciaRevision><GarantesGarantias>OPERSOLOGARANTREAL</GarantesGarantias><IdentificacionGarante></IdentificacionGarante><Plazo>1561</Plazo><TipoTablaAmortizacion>FRANCESA</TipoTablaAmortizacion><FormaCobroCredito>DESCROLPAGPATRONO</FormaCobroCredito><EstadoRegistro>CRNUEVO</EstadoRegistro></Registro><Registro NumeroRegistro="48"> <TipoIdentificacionParticipe>CED</TipoIdentificacionParticipe> <IdentificacionParticipe>1307131803</IdentificacionParticipe><NumeroOperacionCredito>CAP27580</NumeroOperacionCredito><TipoCredito>QUIROGRAFARIOS</TipoCredito><EstadoOperacion>NOVADA</EstadoOperacion><NumeroOperacionAnterior>CAP23893</NumeroOperacionAnterior><FechaRenovacion>20/02/2020</FechaRenovacion><Provincia>09</Provincia><Canton>0901</Canton><NumeroCuotasCredito>78</NumeroCuotasCredito><FechaConcesion>20/02/2020</FechaConcesion><FechaVencimiento>31/08/2026</FechaVencimiento><ValorConcedido>13350.00</ValorConcedido><TasaInterezNominal>9.00</TasaInterezNominal><PeriodoGracia>1</PeriodoGracia><Tea>9.00</Tea><PeriodicidadPago>MENSUAL30D</PeriodicidadPago><FrecuenciaRevision>30</FrecuenciaRevision><GarantesGarantias>OPERSOLOGARANTREAL</GarantesGarantias><IdentificacionGarante></IdentificacionGarante><Plazo>2384</Plazo><TipoTablaAmortizacion>FRANCESA</TipoTablaAmortizacion><FormaCobroCredito>DESCROLPAGPATRONO</FormaCobroCredito><EstadoRegistro>CRNUEVO</EstadoRegistro></Registro><Registro NumeroRegistro="49"> <TipoIdentificacionParticipe>CED</TipoIdentificacionParticipe> <IdentificacionParticipe>1002009411</IdentificacionParticipe><NumeroOperacionCredito>CAP27583</NumeroOperacionCredito><TipoCredito>QUIROGRAFARIOS</TipoCredito><EstadoOperacion>NOVADA</EstadoOperacion><NumeroOperacionAnterior>CAP25705</NumeroOperacionAnterior><FechaRenovacion>21/02/2020</FechaRenovacion><Provincia>17</Provincia><Canton>1701</Canton><NumeroCuotasCredito>42</NumeroCuotasCredito><FechaConcesion>21/02/2020</FechaConcesion><FechaVencimiento>31/10/2023</FechaVencimiento><ValorConcedido>3880.00</ValorConcedido><TasaInterezNominal>9.00</TasaInterezNominal><PeriodoGracia>1</PeriodoGracia><Tea>9.00</Tea><PeriodicidadPago>MENSUAL30D</PeriodicidadPago><FrecuenciaRevision>30</FrecuenciaRevision><GarantesGarantias>OPERSOLOGARANTREAL</GarantesGarantias><IdentificacionGarante></IdentificacionGarante><Plazo>1348</Plazo><TipoTablaAmortizacion>FRANCESA</TipoTablaAmortizacion><FormaCobroCredito>DESCROLPAGPATRONO</FormaCobroCredito><EstadoRegistro>CRNUEVO</EstadoRegistro></Registro><Registro NumeroRegistro="50"> <TipoIdentificacionParticipe>CED</TipoIdentificacionParticipe> <IdentificacionParticipe>1706194741</IdentificacionParticipe><NumeroOperacionCredito>CAP27584</NumeroOperacionCredito><TipoCredito>QUIROGRAFARIOS</TipoCredito><EstadoOperacion>NOVADA</EstadoOperacion><NumeroOperacionAnterior>CAP16193</NumeroOperacionAnterior><FechaRenovacion>26/02/2020</FechaRenovacion><Provincia>08</Provincia><Canton>0801</Canton><NumeroCuotasCredito>84</NumeroCuotasCredito><FechaConcesion>26/02/2020</FechaConcesion><FechaVencimiento>28/02/2027</FechaVencimiento><ValorConcedido>20050.00</ValorConcedido><TasaInterezNominal>9.00</TasaInterezNominal><PeriodoGracia>1</PeriodoGracia><Tea>9.00</Tea><PeriodicidadPago>MENSUAL30D</PeriodicidadPago><FrecuenciaRevision>30</FrecuenciaRevision><GarantesGarantias>OPERSOLOGARANTREAL</GarantesGarantias><IdentificacionGarante></IdentificacionGarante><Plazo>2559</Plazo><TipoTablaAmortizacion>FRANCESA</TipoTablaAmortizacion><FormaCobroCredito>DESCROLPAGPATRONO</FormaCobroCredito><EstadoRegistro>CRNUEVO</EstadoRegistro></Registro><Registro NumeroRegistro="51"> <TipoIdentificacionParticipe>CED</TipoIdentificacionParticipe> <IdentificacionParticipe>0905987368</IdentificacionParticipe><NumeroOperacionCredito>CAP27585</NumeroOperacionCredito><TipoCredito>QUIROGRAFARIOS</TipoCredito><EstadoOperacion>ORIGINAL</EstadoOperacion><NumeroOperacionAnterior>0</NumeroOperacionAnterior><FechaRenovacion></FechaRenovacion><Provincia>09</Provincia><Canton>0901</Canton><NumeroCuotasCredito>18</NumeroCuotasCredito><FechaConcesion>20/02/2020</FechaConcesion><FechaVencimiento>31/08/2021</FechaVencimiento><ValorConcedido>3010.00</ValorConcedido><TasaInterezNominal>9.00</TasaInterezNominal><PeriodoGracia>1</PeriodoGracia><Tea>9.00</Tea><PeriodicidadPago>MENSUAL30D</PeriodicidadPago><FrecuenciaRevision>30</FrecuenciaRevision><GarantesGarantias>OPERSOLOGARANTREAL</GarantesGarantias><IdentificacionGarante></IdentificacionGarante><Plazo>558</Plazo><TipoTablaAmortizacion>FRANCESA</TipoTablaAmortizacion><FormaCobroCredito>DESCROLPAGPATRONO</FormaCobroCredito><EstadoRegistro>CRNUEVO</EstadoRegistro></Registro><Registro NumeroRegistro="52"> <TipoIdentificacionParticipe>CED</TipoIdentificacionParticipe> <IdentificacionParticipe>1720082450</IdentificacionParticipe><NumeroOperacionCredito>CAP27587</NumeroOperacionCredito><TipoCredito>QUIROGRAFARIOS</TipoCredito><EstadoOperacion>ORIGINAL</EstadoOperacion><NumeroOperacionAnterior>0</NumeroOperacionAnterior><FechaRenovacion></FechaRenovacion><Provincia>17</Provincia><Canton>1701</Canton><NumeroCuotasCredito>78</NumeroCuotasCredito><FechaConcesion>21/02/2020</FechaConcesion><FechaVencimiento>31/08/2026</FechaVencimiento><ValorConcedido>13100.00</ValorConcedido><TasaInterezNominal>9.00</TasaInterezNominal><PeriodoGracia>1</PeriodoGracia><Tea>9.00</Tea><PeriodicidadPago>MENSUAL30D</PeriodicidadPago><FrecuenciaRevision>30</FrecuenciaRevision><GarantesGarantias>OPERGARANTYGARANTIAREAL</GarantesGarantias><IdentificacionGarante>0201415734</IdentificacionGarante><Plazo>2383</Plazo><TipoTablaAmortizacion>FRANCESA</TipoTablaAmortizacion><FormaCobroCredito>DESCROLPAGPATRONO</FormaCobroCredito><EstadoRegistro>CRNUEVO</EstadoRegistro></Registro><Registro NumeroRegistro="53"> <TipoIdentificacionParticipe>CED</TipoIdentificacionParticipe> <IdentificacionParticipe>1202799993</IdentificacionParticipe><NumeroOperacionCredito>CAP27589</NumeroOperacionCredito><TipoCredito>QUIROGRAFARIOS</TipoCredito><EstadoOperacion>NOVADA</EstadoOperacion><NumeroOperacionAnterior>CAP25509</NumeroOperacionAnterior><FechaRenovacion>20/02/2020</FechaRenovacion><Provincia>09</Provincia><Canton>0901</Canton><NumeroCuotasCredito>48</NumeroCuotasCredito><FechaConcesion>20/02/2020</FechaConcesion><FechaVencimiento>29/02/2024</FechaVencimiento><ValorConcedido>5990.00</ValorConcedido><TasaInterezNominal>12.00</TasaInterezNominal><PeriodoGracia>1</PeriodoGracia><Tea>12.00</Tea><PeriodicidadPago>MENSUAL30D</PeriodicidadPago><FrecuenciaRevision>30</FrecuenciaRevision><GarantesGarantias>OPERSOLOGARANTREAL</GarantesGarantias><IdentificacionGarante></IdentificacionGarante><Plazo>1470</Plazo><TipoTablaAmortizacion>FRANCESA</TipoTablaAmortizacion><FormaCobroCredito>DESCROLPAGPATRONO</FormaCobroCredito><EstadoRegistro>CRNUEVO</EstadoRegistro></Registro><Registro NumeroRegistro="54"> <TipoIdentificacionParticipe>CED</TipoIdentificacionParticipe> <IdentificacionParticipe>0907582696</IdentificacionParticipe><NumeroOperacionCredito>CAP27590</NumeroOperacionCredito><TipoCredito>QUIROGRAFARIOS</TipoCredito><EstadoOperacion>NOVADA</EstadoOperacion><NumeroOperacionAnterior>CAP18982</NumeroOperacionAnterior><FechaRenovacion>20/02/2020</FechaRenovacion><Provincia>09</Provincia><Canton>0901</Canton><NumeroCuotasCredito>48</NumeroCuotasCredito><FechaConcesion>20/02/2020</FechaConcesion><FechaVencimiento>29/02/2024</FechaVencimiento><ValorConcedido>7000.00</ValorConcedido><TasaInterezNominal>12.00</TasaInterezNominal><PeriodoGracia>1</PeriodoGracia><Tea>12.00</Tea><PeriodicidadPago>MENSUAL30D</PeriodicidadPago><FrecuenciaRevision>30</FrecuenciaRevision><GarantesGarantias>OPERSOLOGARANTREAL</GarantesGarantias><IdentificacionGarante></IdentificacionGarante><Plazo>1470</Plazo><TipoTablaAmortizacion>FRANCESA</TipoTablaAmortizacion><FormaCobroCredito>DESCROLPAGPATRONO</FormaCobroCredito><EstadoRegistro>CRNUEVO</EstadoRegistro></Registro><Registro NumeroRegistro="55"> <TipoIdentificacionParticipe>CED</TipoIdentificacionParticipe> <IdentificacionParticipe>0910655760</IdentificacionParticipe><NumeroOperacionCredito>CAP27591</NumeroOperacionCredito><TipoCredito>QUIROGRAFARIOS</TipoCredito><EstadoOperacion>NOVADA</EstadoOperacion><NumeroOperacionAnterior>CAP21340</NumeroOperacionAnterior><FechaRenovacion>21/02/2020</FechaRenovacion><Provincia>17</Provincia><Canton>1701</Canton><NumeroCuotasCredito>84</NumeroCuotasCredito><FechaConcesion>21/02/2020</FechaConcesion><FechaVencimiento>28/02/2027</FechaVencimiento><ValorConcedido>21000.00</ValorConcedido><TasaInterezNominal>9.00</TasaInterezNominal><PeriodoGracia>1</PeriodoGracia><Tea>9.00</Tea><PeriodicidadPago>MENSUAL30D</PeriodicidadPago><FrecuenciaRevision>30</FrecuenciaRevision><GarantesGarantias>OPERSOLOGARANTREAL</GarantesGarantias><IdentificacionGarante></IdentificacionGarante><Plazo>2564</Plazo><TipoTablaAmortizacion>FRANCESA</TipoTablaAmortizacion><FormaCobroCredito>DESCROLPAGPATRONO</FormaCobroCredito><EstadoRegistro>CRNUEVO</EstadoRegistro></Registro><Registro NumeroRegistro="56"> <TipoIdentificacionParticipe>CED</TipoIdentificacionParticipe> <IdentificacionParticipe>1707841183</IdentificacionParticipe><NumeroOperacionCredito>CAP27592</NumeroOperacionCredito><TipoCredito>QUIROGRAFARIOS</TipoCredito><EstadoOperacion>NOVADA</EstadoOperacion><NumeroOperacionAnterior>CAP20237</NumeroOperacionAnterior><FechaRenovacion>21/02/2020</FechaRenovacion><Provincia>17</Provincia><Canton>1701</Canton><NumeroCuotasCredito>48</NumeroCuotasCredito><FechaConcesion>21/02/2020</FechaConcesion><FechaVencimiento>29/02/2024</FechaVencimiento><ValorConcedido>5820.00</ValorConcedido><TasaInterezNominal>9.00</TasaInterezNominal><PeriodoGracia>1</PeriodoGracia><Tea>9.00</Tea><PeriodicidadPago>MENSUAL30D</PeriodicidadPago><FrecuenciaRevision>30</FrecuenciaRevision><GarantesGarantias>OPERSOLOGARANTREAL</GarantesGarantias><IdentificacionGarante></IdentificacionGarante><Plazo>1469</Plazo><TipoTablaAmortizacion>FRANCESA</TipoTablaAmortizacion><FormaCobroCredito>DESCROLPAGPATRONO</FormaCobroCredito><EstadoRegistro>CRNUEVO</EstadoRegistro></Registro><Registro NumeroRegistro="57"> <TipoIdentificacionParticipe>CED</TipoIdentificacionParticipe> <IdentificacionParticipe>0501899900</IdentificacionParticipe><NumeroOperacionCredito>CAP27594</NumeroOperacionCredito><TipoCredito>QUIROGRAFARIOS</TipoCredito><EstadoOperacion>ORIGINAL</EstadoOperacion><NumeroOperacionAnterior>0</NumeroOperacionAnterior><FechaRenovacion></FechaRenovacion><Provincia>05</Provincia><Canton>0501</Canton><NumeroCuotasCredito>36</NumeroCuotasCredito><FechaConcesion>28/02/2020</FechaConcesion><FechaVencimiento>28/02/2023</FechaVencimiento><ValorConcedido>2190.00</ValorConcedido><TasaInterezNominal>9.00</TasaInterezNominal><PeriodoGracia>1</PeriodoGracia><Tea>9.00</Tea><PeriodicidadPago>MENSUAL30D</PeriodicidadPago><FrecuenciaRevision>30</FrecuenciaRevision><GarantesGarantias>OPERSOLOGARANTREAL</GarantesGarantias><IdentificacionGarante></IdentificacionGarante><Plazo>1096</Plazo><TipoTablaAmortizacion>FRANCESA</TipoTablaAmortizacion><FormaCobroCredito>DESCROLPAGPATRONO</FormaCobroCredito><EstadoRegistro>CRNUEVO</EstadoRegistro></Registro><Registro NumeroRegistro="58"> <TipoIdentificacionParticipe>CED</TipoIdentificacionParticipe> <IdentificacionParticipe>0702192485</IdentificacionParticipe><NumeroOperacionCredito>CAP27595</NumeroOperacionCredito><TipoCredito>QUIROGRAFARIOS</TipoCredito><EstadoOperacion>NOVADA</EstadoOperacion><NumeroOperacionAnterior>CAP18438</NumeroOperacionAnterior><FechaRenovacion>27/02/2020</FechaRenovacion><Provincia>09</Provincia><Canton>0901</Canton><NumeroCuotasCredito>84</NumeroCuotasCredito><FechaConcesion>27/02/2020</FechaConcesion><FechaVencimiento>28/02/2027</FechaVencimiento><ValorConcedido>26000.00</ValorConcedido><TasaInterezNominal>9.00</TasaInterezNominal><PeriodoGracia>1</PeriodoGracia><Tea>9.00</Tea><PeriodicidadPago>MENSUAL30D</PeriodicidadPago><FrecuenciaRevision>30</FrecuenciaRevision><GarantesGarantias>OPERSOLOGARANTREAL</GarantesGarantias><IdentificacionGarante></IdentificacionGarante><Plazo>2558</Plazo><TipoTablaAmortizacion>FRANCESA</TipoTablaAmortizacion><FormaCobroCredito>DESCROLPAGPATRONO</FormaCobroCredito><EstadoRegistro>CRNUEVO</EstadoRegistro></Registro><Registro NumeroRegistro="59"> <TipoIdentificacionParticipe>CED</TipoIdentificacionParticipe> <IdentificacionParticipe>0911948008</IdentificacionParticipe><NumeroOperacionCredito>CAP27596</NumeroOperacionCredito><TipoCredito>QUIROGRAFARIOS</TipoCredito><EstadoOperacion>NOVADA</EstadoOperacion><NumeroOperacionAnterior>CAP12980</NumeroOperacionAnterior><FechaRenovacion>27/02/2020</FechaRenovacion><Provincia>09</Provincia><Canton>0901</Canton><NumeroCuotasCredito>84</NumeroCuotasCredito><FechaConcesion>27/02/2020</FechaConcesion><FechaVencimiento>28/02/2027</FechaVencimiento><ValorConcedido>18200.00</ValorConcedido><TasaInterezNominal>9.00</TasaInterezNominal><PeriodoGracia>1</PeriodoGracia><Tea>9.00</Tea><PeriodicidadPago>MENSUAL30D</PeriodicidadPago><FrecuenciaRevision>30</FrecuenciaRevision><GarantesGarantias>OPERSOLOGARANTREAL</GarantesGarantias><IdentificacionGarante></IdentificacionGarante><Plazo>2558</Plazo><TipoTablaAmortizacion>FRANCESA</TipoTablaAmortizacion><FormaCobroCredito>DESCROLPAGPATRONO</FormaCobroCredito><EstadoRegistro>CRNUEVO</EstadoRegistro></Registro><Registro NumeroRegistro="60"> <TipoIdentificacionParticipe>CED</TipoIdentificacionParticipe> <IdentificacionParticipe>0602176695</IdentificacionParticipe><NumeroOperacionCredito>CAP27597</NumeroOperacionCredito><TipoCredito>QUIROGRAFARIOS</TipoCredito><EstadoOperacion>NOVADA</EstadoOperacion><NumeroOperacionAnterior>CAP26020</NumeroOperacionAnterior><FechaRenovacion>28/02/2020</FechaRenovacion><Provincia>04</Provincia><Canton>0401</Canton><NumeroCuotasCredito>72</NumeroCuotasCredito><FechaConcesion>28/02/2020</FechaConcesion><FechaVencimiento>28/02/2026</FechaVencimiento><ValorConcedido>10000.00</ValorConcedido><TasaInterezNominal>9.00</TasaInterezNominal><PeriodoGracia>1</PeriodoGracia><Tea>9.00</Tea><PeriodicidadPago>MENSUAL30D</PeriodicidadPago><FrecuenciaRevision>30</FrecuenciaRevision><GarantesGarantias>OPERSOLOGARANTREAL</GarantesGarantias><IdentificacionGarante></IdentificacionGarante><Plazo>2192</Plazo><TipoTablaAmortizacion>FRANCESA</TipoTablaAmortizacion><FormaCobroCredito>DESCROLPAGPATRONO</FormaCobroCredito><EstadoRegistro>CRNUEVO</EstadoRegistro></Registro><Registro NumeroRegistro="61"> <TipoIdentificacionParticipe>CED</TipoIdentificacionParticipe> <IdentificacionParticipe>1708478720</IdentificacionParticipe><NumeroOperacionCredito>CAP27599</NumeroOperacionCredito><TipoCredito>QUIROGRAFARIOS</TipoCredito><EstadoOperacion>NOVADA</EstadoOperacion><NumeroOperacionAnterior>CAP9642</NumeroOperacionAnterior><FechaRenovacion>26/02/2020</FechaRenovacion><Provincia>17</Provincia><Canton>1701</Canton><NumeroCuotasCredito>84</NumeroCuotasCredito><FechaConcesion>26/02/2020</FechaConcesion><FechaVencimiento>28/02/2027</FechaVencimiento><ValorConcedido>18070.00</ValorConcedido><TasaInterezNominal>9.00</TasaInterezNominal><PeriodoGracia>1</PeriodoGracia><Tea>9.00</Tea><PeriodicidadPago>MENSUAL30D</PeriodicidadPago><FrecuenciaRevision>30</FrecuenciaRevision><GarantesGarantias>OPERSOLOGARANTREAL</GarantesGarantias><IdentificacionGarante></IdentificacionGarante><Plazo>2559</Plazo><TipoTablaAmortizacion>FRANCESA</TipoTablaAmortizacion><FormaCobroCredito>DESCROLPAGPATRONO</FormaCobroCredito><EstadoRegistro>CRNUEVO</EstadoRegistro></Registro><Registro NumeroRegistro="62"> <TipoIdentificacionParticipe>CED</TipoIdentificacionParticipe> <IdentificacionParticipe>0906917174</IdentificacionParticipe><NumeroOperacionCredito>CAP27604</NumeroOperacionCredito><TipoCredito>QUIROGRAFARIOS</TipoCredito><EstadoOperacion>NOVADA</EstadoOperacion><NumeroOperacionAnterior>CAP16958</NumeroOperacionAnterior><FechaRenovacion>27/02/2020</FechaRenovacion><Provincia>09</Provincia><Canton>0901</Canton><NumeroCuotasCredito>36</NumeroCuotasCredito><FechaConcesion>27/02/2020</FechaConcesion><FechaVencimiento>28/02/2023</FechaVencimiento><ValorConcedido>2650.00</ValorConcedido><TasaInterezNominal>9.00</TasaInterezNominal><PeriodoGracia>1</PeriodoGracia><Tea>9.00</Tea><PeriodicidadPago>MENSUAL30D</PeriodicidadPago><FrecuenciaRevision>30</FrecuenciaRevision><GarantesGarantias>OPERSOLOGARANTREAL</GarantesGarantias><IdentificacionGarante></IdentificacionGarante><Plazo>1097</Plazo><TipoTablaAmortizacion>FRANCESA</TipoTablaAmortizacion><FormaCobroCredito>DESCROLPAGPATRONO</FormaCobroCredito><EstadoRegistro>CRNUEVO</EstadoRegistro></Registro><Registro NumeroRegistro="63"> <TipoIdentificacionParticipe>CED</TipoIdentificacionParticipe> <IdentificacionParticipe>1708598873</IdentificacionParticipe><NumeroOperacionCredito>CAP27606</NumeroOperacionCredito><TipoCredito>QUIROGRAFARIOS</TipoCredito><EstadoOperacion>NOVADA</EstadoOperacion><NumeroOperacionAnterior>CAP20349</NumeroOperacionAnterior><FechaRenovacion>28/02/2020</FechaRenovacion><Provincia>17</Provincia><Canton>1701</Canton><NumeroCuotasCredito>45</NumeroCuotasCredito><FechaConcesion>28/02/2020</FechaConcesion><FechaVencimiento>30/11/2023</FechaVencimiento><ValorConcedido>4350.00</ValorConcedido><TasaInterezNominal>9.00</TasaInterezNominal><PeriodoGracia>1</PeriodoGracia><Tea>9.00</Tea><PeriodicidadPago>MENSUAL30D</PeriodicidadPago><FrecuenciaRevision>30</FrecuenciaRevision><GarantesGarantias>OPERSOLOGARANTREAL</GarantesGarantias><IdentificacionGarante></IdentificacionGarante><Plazo>1371</Plazo><TipoTablaAmortizacion>FRANCESA</TipoTablaAmortizacion><FormaCobroCredito>DESCROLPAGPATRONO</FormaCobroCredito><EstadoRegistro>CRNUEVO</EstadoRegistro></Registro><Registro NumeroRegistro="64"> <TipoIdentificacionParticipe>CED</TipoIdentificacionParticipe> <IdentificacionParticipe>1710218239</IdentificacionParticipe><NumeroOperacionCredito>CAP27607</NumeroOperacionCredito><TipoCredito>QUIROGRAFARIOS</TipoCredito><EstadoOperacion>ORIGINAL</EstadoOperacion><NumeroOperacionAnterior>0</NumeroOperacionAnterior><FechaRenovacion></FechaRenovacion><Provincia>17</Provincia><Canton>1701</Canton><NumeroCuotasCredito>39</NumeroCuotasCredito><FechaConcesion>28/02/2020</FechaConcesion><FechaVencimiento>31/05/2023</FechaVencimiento><ValorConcedido>3050.00</ValorConcedido><TasaInterezNominal>12.00</TasaInterezNominal><PeriodoGracia>1</PeriodoGracia><Tea>12.00</Tea><PeriodicidadPago>MENSUAL30D</PeriodicidadPago><FrecuenciaRevision>30</FrecuenciaRevision><GarantesGarantias>OPERSOLOGARANTREAL</GarantesGarantias><IdentificacionGarante></IdentificacionGarante><Plazo>1188</Plazo><TipoTablaAmortizacion>FRANCESA</TipoTablaAmortizacion><FormaCobroCredito>DESCROLPAGPATRONO</FormaCobroCredito><EstadoRegistro>CRNUEVO</EstadoRegistro></Registro><Registro NumeroRegistro="65"> <TipoIdentificacionParticipe>CED</TipoIdentificacionParticipe> <IdentificacionParticipe>1400327654</IdentificacionParticipe><NumeroOperacionCredito>CAP27609</NumeroOperacionCredito><TipoCredito>QUIROGRAFARIOS</TipoCredito><EstadoOperacion>NOVADA</EstadoOperacion><NumeroOperacionAnterior>CAP16276</NumeroOperacionAnterior><FechaRenovacion>27/02/2020</FechaRenovacion><Provincia>16</Provincia><Canton>1601</Canton><NumeroCuotasCredito>21</NumeroCuotasCredito><FechaConcesion>27/02/2020</FechaConcesion><FechaVencimiento>30/11/2021</FechaVencimiento><ValorConcedido>2200.00</ValorConcedido><TasaInterezNominal>9.00</TasaInterezNominal><PeriodoGracia>1</PeriodoGracia><Tea>9.00</Tea><PeriodicidadPago>MENSUAL30D</PeriodicidadPago><FrecuenciaRevision>30</FrecuenciaRevision><GarantesGarantias>OPERSOLOGARANTREAL</GarantesGarantias><IdentificacionGarante></IdentificacionGarante><Plazo>642</Plazo><TipoTablaAmortizacion>FRANCESA</TipoTablaAmortizacion><FormaCobroCredito>DESCROLPAGPATRONO</FormaCobroCredito><EstadoRegistro>CRNUEVO</EstadoRegistro></Registro><Registro NumeroRegistro="66"> <TipoIdentificacionParticipe>CED</TipoIdentificacionParticipe> <IdentificacionParticipe>1712041084</IdentificacionParticipe><NumeroOperacionCredito>CAP27614</NumeroOperacionCredito><TipoCredito>QUIROGRAFARIOS</TipoCredito><EstadoOperacion>NOVADA</EstadoOperacion><NumeroOperacionAnterior>CAP25010</NumeroOperacionAnterior><FechaRenovacion>28/02/2020</FechaRenovacion><Provincia>17</Provincia><Canton>1701</Canton><NumeroCuotasCredito>69</NumeroCuotasCredito><FechaConcesion>28/02/2020</FechaConcesion><FechaVencimiento>30/11/2025</FechaVencimiento><ValorConcedido>9050.00</ValorConcedido><TasaInterezNominal>9.00</TasaInterezNominal><PeriodoGracia>1</PeriodoGracia><Tea>9.00</Tea><PeriodicidadPago>MENSUAL30D</PeriodicidadPago><FrecuenciaRevision>30</FrecuenciaRevision><GarantesGarantias>OPERSOLOGARANTREAL</GarantesGarantias><IdentificacionGarante></IdentificacionGarante><Plazo>2102</Plazo><TipoTablaAmortizacion>FRANCESA</TipoTablaAmortizacion><FormaCobroCredito>DESCROLPAGPATRONO</FormaCobroCredito><EstadoRegistro>CRNUEVO</EstadoRegistro></Registro></Detalle></REGISTROS>