<?xml version="1.0" encoding="UTF-8" standalone="yes"?>
<REGISTROS>
	<DatosEstructura>
		<CodigoEstructura>G02</CodigoEstructura>
		<CodigoEntidad>17</CodigoEntidad>
		<FechaCorte>30/09/2020</FechaCorte>
		<TotalRegistros>7</TotalRegistros>
	</DatosEstructura>
	<Detalle>
		<Registro NumeroRegistro="1">
			<Tipoidentificacionemisor>RUC</Tipoidentificacionemisor>
			<Identificaciondelemisor>1790098354001</Identificaciondelemisor>
			<NumerodelInstrumento>8333 BSD13</NumerodelInstrumento>
			<Tipodeinstrumento>CERTIFICADEPOSITO</Tipodeinstrumento>
			<TipodeRenta>RENTAFIJA</TipodeRenta>
			<Fechadeemision>11/09/2020</Fechadeemision>
			<Fechadecompra>11/09/2020</Fechadecompra>
			<Fechadevencimiento>09/06/2021</Fechadevencimiento>
			<Tasanominal>7.00</Tasanominal>
			<Plazopactado>271</Plazopactado>
			<Valornominal>643551</Valornominal>
			<Numeroaccionescompradas>0</Numeroaccionescompradas>
			<Preciocompraaccion>0</Preciocompraaccion>
			<Valordecompra>643551</Valordecompra>
			<Periodopago>271</Periodopago>
			<Amortizacioncapital>271</Amortizacioncapital>
			<Amortizacioninteres>271</Amortizacioninteres>
			<Basetasacapital>360</Basetasacapital>
			<Basetasainteres>360</Basetasainteres>
			<Periodogracia>NO</Periodogracia>
			<EstadoRegistro>I</EstadoRegistro>
		</Registro>
		<Registro NumeroRegistro="2">
			<Tipoidentificacionemisor>RUC</Tipoidentificacionemisor>
			<Identificaciondelemisor>1790451801001</Identificaciondelemisor>
			<NumerodelInstrumento>8332 BSD12</NumerodelInstrumento>
			<Tipodeinstrumento>CERTIFICADEPOSITO</Tipodeinstrumento>
			<TipodeRenta>RENTAFIJA</TipodeRenta>
			<Fechadeemision>11/09/2020</Fechadeemision>
			<Fechadecompra>11/09/2020</Fechadecompra>
			<Fechadevencimiento>11/03/2021</Fechadevencimiento>
			<Tasanominal>8.00</Tasanominal>
			<Plazopactado>181</Plazopactado>
			<Valornominal>643551</Valornominal>
			<Numeroaccionescompradas>0</Numeroaccionescompradas>
			<Preciocompraaccion>0</Preciocompraaccion>
			<Valordecompra>643551</Valordecompra>
			<Periodopago>181</Periodopago>
			<Amortizacioncapital>181</Amortizacioncapital>
			<Amortizacioninteres>181</Amortizacioninteres>
			<Basetasacapital>360</Basetasacapital>
			<Basetasainteres>360</Basetasainteres>
			<Periodogracia>NO</Periodogracia>
			<EstadoRegistro>I</EstadoRegistro>
		</Registro>
		<Registro NumeroRegistro="3">
			<Tipoidentificacionemisor>RUC</Tipoidentificacionemisor>
			<Identificaciondelemisor>1790501469001</Identificaciondelemisor>
			<NumerodelInstrumento>DPF 18896</NumerodelInstrumento>
			<Tipodeinstrumento>CERTIFICADEPOSITO</Tipodeinstrumento>
			<TipodeRenta>RENTAFIJA</TipodeRenta>
			<Fechadeemision>11/09/2020</Fechadeemision>
			<Fechadecompra>11/09/2020</Fechadecompra>
			<Fechadevencimiento>11/03/2021</Fechadevencimiento>
			<Tasanominal>8.15</Tasanominal>
			<Plazopactado>181</Plazopactado>
			<Valornominal>643551</Valornominal>
			<Numeroaccionescompradas>0</Numeroaccionescompradas>
			<Preciocompraaccion>0</Preciocompraaccion>
			<Valordecompra>643551</Valordecompra>
			<Periodopago>181</Periodopago>
			<Amortizacioncapital>181</Amortizacioncapital>
			<Amortizacioninteres>181</Amortizacioninteres>
			<Basetasacapital>360</Basetasacapital>
			<Basetasainteres>360</Basetasainteres>
			<Periodogracia>NO</Periodogracia>
			<EstadoRegistro>I</EstadoRegistro>
		</Registro>
		<Registro NumeroRegistro="4">
			<Tipoidentificacionemisor>RUC</Tipoidentificacionemisor>
			<Identificaciondelemisor>0190115798001</Identificaciondelemisor>
			<NumerodelInstrumento>282339</NumerodelInstrumento>
			<Tipodeinstrumento>CERTIFICADEPOSITO</Tipodeinstrumento>
			<TipodeRenta>RENTAFIJA</TipodeRenta>
			<Fechadeemision>22/09/2020</Fechadeemision>
			<Fechadecompra>22/09/2020</Fechadecompra>
			<Fechadevencimiento>22/03/2021</Fechadevencimiento>
			<Tasanominal>8.20</Tasanominal>
			<Plazopactado>181</Plazopactado>
			<Valornominal>1800000</Valornominal>
			<Numeroaccionescompradas>0</Numeroaccionescompradas>
			<Preciocompraaccion>0</Preciocompraaccion>
			<Valordecompra>1800000</Valordecompra>
			<Periodopago>181</Periodopago>
			<Amortizacioncapital>181</Amortizacioncapital>
			<Amortizacioninteres>181</Amortizacioninteres>
			<Basetasacapital>360</Basetasacapital>
			<Basetasainteres>360</Basetasainteres>
			<Periodogracia>NO</Periodogracia>
			<EstadoRegistro>I</EstadoRegistro>
		</Registro>
		<Registro NumeroRegistro="5">
			<Tipoidentificacionemisor>RUC</Tipoidentificacionemisor>
			<Identificaciondelemisor>1760000900001</Identificaciondelemisor>
			<NumerodelInstrumento>282418</NumerodelInstrumento>
			<Tipodeinstrumento>CERTIFICATESO</Tipodeinstrumento>
			<TipodeRenta>RENTAFIJA</TipodeRenta>
			<Fechadeemision>23/09/2020</Fechadeemision>
			<Fechadecompra>23/09/2020</Fechadecompra>
			<Fechadevencimiento>23/10/2020</Fechadevencimiento>
			<Tasanominal>1.87</Tasanominal>
			<Plazopactado>30</Plazopactado>
			<Valornominal>4006233.33</Valornominal>
			<Numeroaccionescompradas>0</Numeroaccionescompradas>
			<Preciocompraaccion>0</Preciocompraaccion>
			<Valordecompra>4000000</Valordecompra>
			<Periodopago>30</Periodopago>
			<Amortizacioncapital>30</Amortizacioncapital>
			<Amortizacioninteres>30</Amortizacioninteres>
			<Basetasacapital>360</Basetasacapital>
			<Basetasainteres>360</Basetasainteres>
			<Periodogracia>NO</Periodogracia>
			<EstadoRegistro>I</EstadoRegistro>
		</Registro>
		<Registro NumeroRegistro="6">
			<Tipoidentificacionemisor>RUC</Tipoidentificacionemisor>
			<Identificaciondelemisor>1760000900001</Identificaciondelemisor>
			<NumerodelInstrumento>8707 BSO12</NumerodelInstrumento>
			<Tipodeinstrumento>CERTIFICATESO</Tipodeinstrumento>
			<TipodeRenta>RENTAFIJA</TipodeRenta>
			<Fechadeemision>23/09/2020</Fechadeemision>
			<Fechadecompra>23/09/2020</Fechadecompra>
			<Fechadevencimiento>23/10/2020</Fechadevencimiento>
			<Tasanominal>1.87</Tasanominal>
			<Plazopactado>30</Plazopactado>
			<Valornominal>4006233.33</Valornominal>
			<Numeroaccionescompradas>0</Numeroaccionescompradas>
			<Preciocompraaccion>0</Preciocompraaccion>
			<Valordecompra>4000000</Valordecompra>
			<Periodopago>30</Periodopago>
			<Amortizacioncapital>30</Amortizacioncapital>
			<Amortizacioninteres>30</Amortizacioninteres>
			<Basetasacapital>360</Basetasacapital>
			<Basetasainteres>360</Basetasainteres>
			<Periodogracia>NO</Periodogracia>
			<EstadoRegistro>I</EstadoRegistro>
		</Registro>
	</Detalle>
</REGISTROS>