<?xml version="1.0" encoding="UTF-8" standalone="yes"?>
<REGISTROS>
	<DatosEstructura>
		<CodigoEstructura>G03</CodigoEstructura>
		<CodigoEntidad>17</CodigoEntidad>
		<FechaCorte>31/10/2020</FechaCorte>
		<TotalRegistros>3</TotalRegistros>
	</DatosEstructura>
	<Detalle>
		
		<Registro NumeroRegistro="1">
			<Tipoidentificacionemisor>RUC</Tipoidentificacionemisor>
			<Identificaciondelemisor>1760000900001</Identificaciondelemisor>
			<NumeroInstrumento>282418</NumeroInstrumento>
			<Tipoinstrumento>CERTIFICATESO</Tipoinstrumento>
			<EstadoInversion>INVVENCIDA</EstadoInversion>
			<Tipoderenta>RENTAFIJA</Tipoderenta>
			<Fechadecompra>23/09/2020</Fechadecompra>
			<Rangodevencimiento>1A30DIAS</Rangodevencimiento>
			<ValorContable>4000000</ValorContable>
			<TasaNominal>1.87</TasaNominal>
			<TasaCupon>0</TasaCupon>
			<Fechaultimocuponpagado>23/10/2020</Fechaultimocuponpagado>
			<Preciocompraporc>4000000</Preciocompraporc>
			<Valorefectivocompra>4000000</Valorefectivocompra>
			<Yieldporcentaje>0</Yieldporcentaje>
			<PreciohaceañoRF>4000000</PreciohaceañoRF>
			<Interesesacumulaxcobrar>4000000</Interesesacumulaxcobrar>
			<Montointeresesgenerdolares>4000000</Montointeresesgenerdolares>
			<Valormercado>4000000</Valormercado>
			<Numeroaccionesfechacorte>0</Numeroaccionesfechacorte>
			<Preciomercadoactualxaccion>4000000</Preciomercadoactualxaccion>
			<Preciomercadohaceaño>4000000</Preciomercadohaceaño>
			<Divixaccionrecibidos>4000000</Divixaccionrecibidos>
			<Codvectorprecio>0</Codvectorprecio>
			<Calificacionemisor>AAMAS</Calificacionemisor>
			<Calificadoraderiesgo>OTRASCALIFICA</Calificadoraderiesgo>
			<Fechaultimacalificacion>31/10/2020</Fechaultimacalificacion>
			<Provisionconstituida>0</Provisionconstituida>
			<EstadoVencimientoliquidacion>TOTALLIQUIDADO</EstadoVencimientoliquidacion>
			<ValornominalVencido>0</ValornominalVencido>
			<InteresAcumxcobrarvenc>0</InteresAcumxcobrarvenc>
			<NumeroCuotasvenc>0</NumeroCuotasvenc>
			<CCCapitalKvenc6dig>120105</CCCapitalKvenc6dig>
			<ValorUSD1>0</ValorUSD1>
			<CCRendimientosvenc6digusd>140105</CCRendimientosvenc6digusd>
			<ValorUSD2>0</ValorUSD2>
			<CCProviAcumKvenc6digusd>120105</CCProviAcumKvenc6digusd>
			<ValorUSD3>0</ValorUSD3>
			<CodCCProvAcumrendVenc6dig>120105</CodCCProvAcumrendVenc6dig>
			<ValorUSD4>0</ValorUSD4>
			<ValorliquiovendidoUSD>0</ValorliquiovendidoUSD>
			<Fechaliquidacionoventa>23/10/2020</Fechaliquidacionoventa>
			<Precioliquidacionoventa>0</Precioliquidacionoventa>
			<Valorliquidacionovent>0</Valorliquidacionovent>
			<MotivoLiquidacion>PLAZOCUMPLIDO</MotivoLiquidacion>
		</Registro>
		<Registro NumeroRegistro="2">
			<Tipoidentificacionemisor>RUC</Tipoidentificacionemisor>
			<Identificaciondelemisor>1760000900001</Identificaciondelemisor>
			<NumeroInstrumento>8707 BSO12</NumeroInstrumento>
			<Tipoinstrumento>CERTIFICATESO</Tipoinstrumento>
			<EstadoInversion>INVVENCIDA</EstadoInversion>
			<Tipoderenta>RENTAFIJA</Tipoderenta>
			<Fechadecompra>23/09/2020</Fechadecompra>
			<Rangodevencimiento>1A30DIAS</Rangodevencimiento>
			<ValorContable>4000000</ValorContable>
			<TasaNominal>1.87</TasaNominal>
			<TasaCupon>0</TasaCupon>
			<Fechaultimocuponpagado>23/10/2020</Fechaultimocuponpagado>
			<Preciocompraporc>4000000</Preciocompraporc>
			<Valorefectivocompra>4000000</Valorefectivocompra>
			<Yieldporcentaje>0</Yieldporcentaje>
			<PreciohaceañoRF>4000000</PreciohaceañoRF>
			<Interesesacumulaxcobrar>4000000</Interesesacumulaxcobrar>
			<Montointeresesgenerdolares>4000000</Montointeresesgenerdolares>
			<Valormercado>4000000</Valormercado>
			<Numeroaccionesfechacorte>0</Numeroaccionesfechacorte>
			<Preciomercadoactualxaccion>4000000</Preciomercadoactualxaccion>
			<Preciomercadohaceaño>4000000</Preciomercadohaceaño>
			<Divixaccionrecibidos>4000000</Divixaccionrecibidos>
			<Codvectorprecio>0</Codvectorprecio>
			<Calificacionemisor>AAMAS</Calificacionemisor>
			<Calificadoraderiesgo>OTRASCALIFICA</Calificadoraderiesgo>
			<Fechaultimacalificacion>43704</Fechaultimacalificacion>
			<Provisionconstituida>0</Provisionconstituida>
			<EstadoVencimientoliquidacion>TOTALLIQUIDADO</EstadoVencimientoliquidacion>
			<ValornominalVencido>0</ValornominalVencido>
			<InteresAcumxcobrarvenc>0</InteresAcumxcobrarvenc>
			<NumeroCuotasvenc>0</NumeroCuotasvenc>
			<CCCapitalKvenc6dig>120105</CCCapitalKvenc6dig>
			<ValorUSD1>0</ValorUSD1>
			<CCRendimientosvenc6digusd>140105</CCRendimientosvenc6digusd>
			<ValorUSD2>0</ValorUSD2>
			<CCProviAcumKvenc6digusd>120105</CCProviAcumKvenc6digusd>
			<ValorUSD3>0</ValorUSD3>
			<CodCCProvAcumrendVenc6dig>120105</CodCCProvAcumrendVenc6dig>
			<ValorUSD4>0</ValorUSD4>
			<ValorliquiovendidoUSD>0</ValorliquiovendidoUSD>
			<Fechaliquidacionoventa>23/10/2020</Fechaliquidacionoventa>
			<Precioliquidacionoventa>0</Precioliquidacionoventa>
			<Valorliquidacionovent>0</Valorliquidacionovent>
			<MotivoLiquidacion>PLAZOCUMPLIDO</MotivoLiquidacion>
		</Registro>
	
	</Detalle>
</REGISTROS>