<?xml version="1.0" encoding="UTF-8"?><REGISTROS><DatosEstructura><CodigoEstructura>G41</CodigoEstructura><CodigoEntidad>17</CodigoEntidad><FechaCorte>31/08/2020</FechaCorte><TotalRegistros>2</TotalRegistros></DatosEstructura><Detalle><Registro NumeroRegistro="1"><TipoIdentificacionParticipe>CED</TipoIdentificacionParticipe><IdentificacionParticipe>1719271643</IdentificacionParticipe><CorreoElectronico>f2_baq@hotmail.com</CorreoElectronico><NombreParticipe>FABRICIO FERNANDO BAQUERO LOPEZ</NombreParticipe><SexoParticipe>M</SexoParticipe><EstadoCivilParticipe>S</EstadoCivilParticipe><FechaIngresoParticipe>26/08/2020</FechaIngresoParticipe><TipoRegistro>CUENTAINDIVIDUAL</TipoRegistro><BaseCalculoAportacion>SUELDO</BaseCalculoAportacion><RelacionLaboral>NOMBRAMIENTO</RelacionLaboral><EstadoRegistro>ING</EstadoRegistro><TipoPrestacion>CESANTIA</TipoPrestacion></Registro></Detalle></REGISTROS>