<?xml version="1.0" encoding="UTF-8" standalone="yes"?>
<REGISTROS>
	<DatosEstructura>
		<CodigoEstructura>G03</CodigoEstructura>
		<CodigoEntidad>17</CodigoEntidad>
		<FechaCorte>31/12/2020</FechaCorte>
		<TotalRegistros>3</TotalRegistros>
	</DatosEstructura>
	<Detalle>
		<Registro NumeroRegistro="1">
			<Tipoidentificacionemisor>RUC</Tipoidentificacionemisor>
			<Identificaciondelemisor>1790864316001</Identificaciondelemisor>
			<NumeroInstrumento>839731670</NumeroInstrumento>
			<Tipoinstrumento>CERTIFICADEPOSITO</Tipoinstrumento>
			<EstadoInversion>INVVENCIDA</EstadoInversion>
			<Tipoderenta>RENTAFIJA</Tipoderenta>
			<Fechadecompra>03/06/2020</Fechadecompra>
			<Rangodevencimiento>181A360DIAS</Rangodevencimiento>
			<ValorContable>37268.25</ValorContable>
			<TasaNominal>4.75</TasaNominal>
			<TasaCupon>0</TasaCupon>
			<Fechaultimocuponpagado>03/06/2020</Fechaultimocuponpagado>
			<Preciocompraporc>1</Preciocompraporc>
			<Valorefectivocompra>37268.25</Valorefectivocompra>
			<Yieldporcentaje>0</Yieldporcentaje>
			<PreciohaceañoRF>37268.25</PreciohaceañoRF>
			<Interesesacumulaxcobrar>0</Interesesacumulaxcobrar>
			<Montointeresesgenerdolares>894.96</Montointeresesgenerdolares>
			<Valormercado>37268.25</Valormercado>
			<Numeroaccionesfechacorte>0</Numeroaccionesfechacorte>
			<Preciomercadoactualxaccion>0</Preciomercadoactualxaccion>
			<Preciomercadohaceaño>0</Preciomercadohaceaño>
			<Divixaccionrecibidos>0</Divixaccionrecibidos>
			<Codvectorprecio>0</Codvectorprecio>
			<Calificacionemisor>AAAMENOS</Calificacionemisor>
			<Calificadoraderiesgo>PCRPACIFIC</Calificadoraderiesgo>
			<Fechaultimacalificacion>10/06/2019</Fechaultimacalificacion>
			<Provisionconstituida>0</Provisionconstituida>
			<EstadoVencimientoliquidacion>TOTALLIQUIDADO</EstadoVencimientoliquidacion>
			<ValornominalVencido>0</ValornominalVencido>
			<InteresAcumxcobrarvenc>0</InteresAcumxcobrarvenc>
			<NumeroCuotasvenc>0</NumeroCuotasvenc>
			<CCCapitalKvenc6dig>120105</CCCapitalKvenc6dig>
			<ValorUSD1>0</ValorUSD1>
			<CCRendimientosvenc6digusd>140105</CCRendimientosvenc6digusd>
			<ValorUSD2>0</ValorUSD2>
			<CCProviAcumKvenc6digusd>140105</CCProviAcumKvenc6digusd>
			<ValorUSD3>0</ValorUSD3>
			<CodCCProvAcumrendVenc6dig>140105</CodCCProvAcumrendVenc6dig>
			<ValorUSD4>0</ValorUSD4>
			<ValorliquiovendidoUSD>0</ValorliquiovendidoUSD>
			<Fechaliquidacionoventa>02/12/2020</Fechaliquidacionoventa>
			<Precioliquidacionoventa>0</Precioliquidacionoventa>
			<Valorliquidacionovent>0</Valorliquidacionovent>
			<MotivoLiquidacion>PLAZOCUMPLIDO</MotivoLiquidacion>
		</Registro>
		<Registro NumeroRegistro="2">
			<Tipoidentificacionemisor>RUC</Tipoidentificacionemisor>
			<Identificaciondelemisor>0990129428001</Identificaciondelemisor>
			<NumeroInstrumento>269906</NumeroInstrumento>
			<Tipoinstrumento>PAPEL COMERCIAL</Tipoinstrumento>
			<EstadoInversion>INVVENCIDA</EstadoInversion>
			<Tipoderenta>RENTAFIJA</Tipoderenta>
			<Fechadecompra>24/12/2019</Fechadecompra>
			<Rangodevencimiento>181A360DIAS</Rangodevencimiento>
			<ValorContable>1500308.71</ValorContable>
			<TasaNominal>8</TasaNominal>
			<TasaCupon>0</TasaCupon>
			<Fechaultimocuponpagado>24/12/2019</Fechaultimocuponpagado>
			<Preciocompraporc>1</Preciocompraporc>
			<Valorefectivocompra>1500308.71</Valorefectivocompra>
			<Yieldporcentaje>0</Yieldporcentaje>
			<PreciohaceañoRF>1500308.71</PreciohaceañoRF>
			<Interesesacumulaxcobrar>0</Interesesacumulaxcobrar>
			<Montointeresesgenerdolares>119691.29</Montointeresesgenerdolares>
			<Valormercado>1500308.71</Valormercado>
			<Numeroaccionesfechacorte>0</Numeroaccionesfechacorte>
			<Preciomercadoactualxaccion>0</Preciomercadoactualxaccion>
			<Preciomercadohaceaño>0</Preciomercadohaceaño>
			<Divixaccionrecibidos>0</Divixaccionrecibidos>
			<Codvectorprecio>0</Codvectorprecio>
			<Calificacionemisor>AAAMENOS</Calificacionemisor>
			<Calificadoraderiesgo>OTRASCALIFICA</Calificadoraderiesgo>
			<Fechaultimacalificacion>21/08/2019</Fechaultimacalificacion>
			<Provisionconstituida>0</Provisionconstituida>
			<EstadoVencimientoliquidacion>TOTALLIQUIDADO</EstadoVencimientoliquidacion>
			<ValornominalVencido>0</ValornominalVencido>
			<InteresAcumxcobrarvenc>0</InteresAcumxcobrarvenc>
			<NumeroCuotasvenc>0</NumeroCuotasvenc>
			<CCCapitalKvenc6dig>120105</CCCapitalKvenc6dig>
			<ValorUSD1>0</ValorUSD1>
			<CCRendimientosvenc6digusd>140105</CCRendimientosvenc6digusd>
			<ValorUSD2>0</ValorUSD2>
			<CCProviAcumKvenc6digusd>140105</CCProviAcumKvenc6digusd>
			<ValorUSD3>0</ValorUSD3>
			<CodCCProvAcumrendVenc6dig>140105</CodCCProvAcumrendVenc6dig>
			<ValorUSD4>0</ValorUSD4>
			<ValorliquiovendidoUSD>0</ValorliquiovendidoUSD>
			<Fechaliquidacionoventa>17/12/2020</Fechaliquidacionoventa>
			<Precioliquidacionoventa>0</Precioliquidacionoventa>
			<Valorliquidacionovent>0</Valorliquidacionovent>
			<MotivoLiquidacion>PLAZOCUMPLIDO</MotivoLiquidacion>
		</Registro>
	</Detalle>
</REGISTROS>