<?xml version="1.0" encoding="UTF-8" standalone="yes"?>
<REGISTROS>
	<DatosEstructura>
		<CodigoEstructura>G5M</CodigoEstructura>
		<CodigoEntidad>17</CodigoEntidad>
		<FechaCorte>30/04/2020</FechaCorte>
		<TotalRegistros>4</TotalRegistros>
	</DatosEstructura>
	<Detalle>
		<Registro NumeroRegistro="1">
			<TipoIdentificacionEmisor>RUC</TipoIdentificacionEmisor>
			<IdentificacionEmisor>1790864316001</IdentificacionEmisor>
			<TipoCuenta>CORRIENTE</TipoCuenta>
			<NumeroCuenta>8000589904</NumeroCuenta>
			<CuentaContable>110205</CuentaContable>
			<DenominacionMoneda>USD</DenominacionMoneda>
			<ValorMonedaDenominacion>1640216.83</ValorMonedaDenominacion>
			<ValorLibrosDolares>1640216.83</ValorLibrosDolares>
			<CalificacionRiesgoEmisor>AAAMENOS</CalificacionRiesgoEmisor>
			<CalificadoraRiesgo>PCRPACIFIC</CalificadoraRiesgo>
			<FechaUltimaCalificacion>31/12/2017</FechaUltimaCalificacion>
			<TasaInteresCuenta>2.25</TasaInteresCuenta>
		</Registro>
		<Registro NumeroRegistro="2">
			<TipoIdentificacionEmisor>RUC</TipoIdentificacionEmisor>
			<IdentificacionEmisor>1790010937001</IdentificacionEmisor>
			<TipoCuenta>CORRIENTE</TipoCuenta>
			<NumeroCuenta>3343660504</NumeroCuenta>
			<CuentaContable>110205</CuentaContable>
			<DenominacionMoneda>USD</DenominacionMoneda>
			<ValorMonedaDenominacion>576306.21</ValorMonedaDenominacion>
			<ValorLibrosDolares>576306.21</ValorLibrosDolares>
			<CalificacionRiesgoEmisor>AAAMENOS</CalificacionRiesgoEmisor>
			<CalificadoraRiesgo>BANKWATCHRATINGS</CalificadoraRiesgo>
			<FechaUltimaCalificacion>31/03/2018</FechaUltimaCalificacion>
			<TasaInteresCuenta>1.25</TasaInteresCuenta>
		</Registro>
		<Registro NumeroRegistro="3">
			<TipoIdentificacionEmisor>RUC</TipoIdentificacionEmisor>
			<IdentificacionEmisor>1790098354001</IdentificacionEmisor>
			<TipoCuenta>CORRIENTE</TipoCuenta>
			<NumeroCuenta>0520607232</NumeroCuenta>
			<CuentaContable>110205</CuentaContable>
			<DenominacionMoneda>USD</DenominacionMoneda>
			<ValorMonedaDenominacion>9023849.16</ValorMonedaDenominacion>
			<ValorLibrosDolares>9023849.16</ValorLibrosDolares>
			<CalificacionRiesgoEmisor>AAAMENOS</CalificacionRiesgoEmisor>
			<CalificadoraRiesgo>BANKWATCHRATINGS</CalificadoraRiesgo>
			<FechaUltimaCalificacion>31/12/2017</FechaUltimaCalificacion>
			<TasaInteresCuenta>4.25</TasaInteresCuenta>
		</Registro>
	</Detalle>
</REGISTROS>