<?xml version="1.0" encoding="UTF-8" standalone="yes"?>
<REGISTROS>
	<DatosEstructura>
		<CodigoEstructura>G02</CodigoEstructura>
		<CodigoEntidad>17</CodigoEntidad>
		<FechaCorte>31/08/2020</FechaCorte>
		<TotalRegistros>5</TotalRegistros>
	</DatosEstructura>
	<Detalle>
		<Registro NumeroRegistro="1">
			<Tipoidentificacionemisor>RUC</Tipoidentificacionemisor>
			<Identificaciondelemisor>1790864316001</Identificaciondelemisor>
			<NumerodelInstrumento>281324</NumerodelInstrumento>
			<Tipodeinstrumento>CERTIFICADEPOSITO</Tipodeinstrumento>
			<TipodeRenta>RENTAFIJA</TipodeRenta>
			<Fechadeemision>28/08/2020</Fechadeemision>
			<Fechadecompra>28/08/2020</Fechadecompra>
			<Fechadevencimiento>25/02/2021</Fechadevencimiento>
			<Tasanominal>6.25</Tasanominal>
			<Plazopactado>181</Plazopactado>
			<Valornominal>1572548.14</Valornominal>
			<Numeroaccionescompradas>0</Numeroaccionescompradas>
			<Preciocompraaccion>0</Preciocompraaccion>
			<Valordecompra>1572548.14</Valordecompra>
			<Periodopago>181</Periodopago>
			<Amortizacioncapital>181</Amortizacioncapital>
			<Amortizacioninteres>181</Amortizacioninteres>
			<Basetasacapital>360</Basetasacapital>
			<Basetasainteres>360</Basetasainteres>
			<Periodogracia>NO</Periodogracia>
			<EstadoRegistro>I</EstadoRegistro>
		</Registro>
		<Registro NumeroRegistro="2">
			<Tipoidentificacionemisor>RUC</Tipoidentificacionemisor>
			<Identificaciondelemisor>1790864316001</Identificaciondelemisor>
			<NumerodelInstrumento>8396810310</NumerodelInstrumento>
			<Tipodeinstrumento>CERTIFICADEPOSITO</Tipodeinstrumento>
			<TipodeRenta>RENTAFIJA</TipodeRenta>
			<Fechadeemision>05/08/2020</Fechadeemision>
			<Fechadecompra>05/08/2020</Fechadecompra>
			<Fechadevencimiento>05/11/2020</Fechadevencimiento>
			<Tasanominal>3.25</Tasanominal>
			<Plazopactado>92</Plazopactado>
			<Valornominal>48132.63</Valornominal>
			<Numeroaccionescompradas>0</Numeroaccionescompradas>
			<Preciocompraaccion>0</Preciocompraaccion>
			<Valordecompra>48132.63</Valordecompra>
			<Periodopago>92</Periodopago>
			<Amortizacioncapital>92</Amortizacioncapital>
			<Amortizacioninteres>92</Amortizacioninteres>
			<Basetasacapital>360</Basetasacapital>
			<Basetasainteres>360</Basetasainteres>
			<Periodogracia>NO</Periodogracia>
			<EstadoRegistro>I</EstadoRegistro>
		</Registro>
		<Registro NumeroRegistro="3">
			<Tipoidentificacionemisor>RUC</Tipoidentificacionemisor>
			<Identificaciondelemisor>0990049459001</Identificaciondelemisor>
			<NumerodelInstrumento>281323</NumerodelInstrumento>
			<Tipodeinstrumento>CERTIFICADEPOSITO</Tipodeinstrumento>
			<TipodeRenta>RENTAFIJA</TipodeRenta>
			<Fechadeemision>28/08/2020</Fechadeemision>
			<Fechadecompra>28/08/2020</Fechadecompra>
			<Fechadevencimiento>25/02/2021</Fechadevencimiento>
			<Tasanominal>6.75</Tasanominal>
			<Plazopactado>181</Plazopactado>
			<Valornominal>1800000</Valornominal>
			<Numeroaccionescompradas>0</Numeroaccionescompradas>
			<Preciocompraaccion>0</Preciocompraaccion>
			<Valordecompra>1800000</Valordecompra>
			<Periodopago>181</Periodopago>
			<Amortizacioncapital>181</Amortizacioncapital>
			<Amortizacioninteres>181</Amortizacioninteres>
			<Basetasacapital>360</Basetasacapital>
			<Basetasainteres>360</Basetasainteres>
			<Periodogracia>NO</Periodogracia>
			<EstadoRegistro>I</EstadoRegistro>
		</Registro>
		<Registro NumeroRegistro="4">
			<Tipoidentificacionemisor>RUC</Tipoidentificacionemisor>
			<Identificaciondelemisor>1790098354001</Identificaciondelemisor>
			<NumerodelInstrumento>7878 BSD11</NumerodelInstrumento>
			<Tipodeinstrumento>CERTIFICADEPOSITO</Tipodeinstrumento>
			<TipodeRenta>RENTAFIJA</TipodeRenta>
			<Fechadeemision>28/08/2020</Fechadeemision>
			<Fechadecompra>28/08/2020</Fechadecompra>
			<Fechadevencimiento>25/02/2021</Fechadevencimiento>
			<Tasanominal>6.60</Tasanominal>
			<Plazopactado>181</Plazopactado>
			<Valornominal>1500392.2</Valornominal>
			<Numeroaccionescompradas>0</Numeroaccionescompradas>
			<Preciocompraaccion>0</Preciocompraaccion>
			<Valordecompra>1500392.2</Valordecompra>
			<Periodopago>181</Periodopago>
			<Amortizacioncapital>181</Amortizacioncapital>
			<Amortizacioninteres>181</Amortizacioninteres>
			<Basetasacapital>360</Basetasacapital>
			<Basetasainteres>360</Basetasainteres>
			<Periodogracia>NO</Periodogracia>
			<EstadoRegistro>I</EstadoRegistro>
		</Registro>
	</Detalle>
</REGISTROS>