<?xml version="1.0" encoding="UTF-8" standalone="yes"?>
<REGISTROS>
	<DatosEstructura>
		<CodigoEstructura>G02</CodigoEstructura>
		<CodigoEntidad>17</CodigoEntidad>
		<FechaCorte>31/01/2020</FechaCorte>
		<TotalRegistros>33</TotalRegistros>
	</DatosEstructura>
	<Detalle>
		<Registro NumeroRegistro="1">
			<Tipoidentificacionemisor>RUC</Tipoidentificacionemisor>
			<Identificaciondelemisor>1790864316001</Identificaciondelemisor>
			<NumerodelInstrumento>8368900510</NumerodelInstrumento>
			<Tipodeinstrumento>CERTIFICADEPOSITO</Tipodeinstrumento>
			<TipodeRenta>RENTAFIJA</TipodeRenta>
			<Fechadeemision>06/11/2019</Fechadeemision>
			<Fechadecompra>06/11/2019</Fechadecompra>
			<Fechadevencimiento>05/02/2020</Fechadevencimiento>
			<Tasanominal>3.25</Tasanominal>
			<Plazopactado>91</Plazopactado>
			<Valornominal>46965.58</Valornominal>
			<Numeroaccionescompradas>0</Numeroaccionescompradas>
			<Preciocompraaccion>0</Preciocompraaccion>
			<Valordecompra>46965.58</Valordecompra>
			<Periodopago>91</Periodopago>
			<Amortizacioncapital>91</Amortizacioncapital>
			<Amortizacioninteres>91</Amortizacioninteres>
			<Basetasacapital>360</Basetasacapital>
			<Basetasainteres>360</Basetasainteres>
			<Periodogracia>NO</Periodogracia>
			<EstadoRegistro>I</EstadoRegistro>
		</Registro>
		<Registro NumeroRegistro="2">
			<Tipoidentificacionemisor>RUC</Tipoidentificacionemisor>
			<Identificaciondelemisor>1790864316001</Identificaciondelemisor>
			<NumerodelInstrumento>8371388110</NumerodelInstrumento>
			<Tipodeinstrumento>CERTIFICADEPOSITO</Tipodeinstrumento>
			<TipodeRenta>RENTAFIJA</TipodeRenta>
			<Fechadeemision>03/12/2019</Fechadeemision>
			<Fechadecompra>03/12/2019</Fechadecompra>
			<Fechadevencimiento>03/06/2020</Fechadevencimiento>
			<Tasanominal>4.75</Tasanominal>
			<Plazopactado>183</Plazopactado>
			<Valornominal>36389.59</Valornominal>
			<Numeroaccionescompradas>0</Numeroaccionescompradas>
			<Preciocompraaccion>0</Preciocompraaccion>
			<Valordecompra>36389.59</Valordecompra>
			<Periodopago>183</Periodopago>
			<Amortizacioncapital>183</Amortizacioncapital>
			<Amortizacioninteres>183</Amortizacioninteres>
			<Basetasacapital>360</Basetasacapital>
			<Basetasainteres>360</Basetasainteres>
			<Periodogracia>NO</Periodogracia>
			<EstadoRegistro>I</EstadoRegistro>
		</Registro>
		<Registro NumeroRegistro="3">
			<Tipoidentificacionemisor>RUC</Tipoidentificacionemisor>
			<Identificaciondelemisor>1790098354001</Identificaciondelemisor>
			<NumerodelInstrumento>445608</NumerodelInstrumento>
			<Tipodeinstrumento>CERTIFICADEPOSITO</Tipodeinstrumento>
			<TipodeRenta>RENTAFIJA</TipodeRenta>
			<Fechadeemision>19/08/2019</Fechadeemision>
			<Fechadecompra>19/08/2019</Fechadecompra>
			<Fechadevencimiento>17/02/2020</Fechadevencimiento>
			<Tasanominal>7.35</Tasanominal>
			<Plazopactado>182</Plazopactado>
			<Valornominal>1244092.16</Valornominal>
			<Numeroaccionescompradas>0</Numeroaccionescompradas>
			<Preciocompraaccion>0</Preciocompraaccion>
			<Valordecompra>1244092.16</Valordecompra>
			<Periodopago>182</Periodopago>
			<Amortizacioncapital>182</Amortizacioncapital>
			<Amortizacioninteres>182</Amortizacioninteres>
			<Basetasacapital>360</Basetasacapital>
			<Basetasainteres>360</Basetasainteres>
			<Periodogracia>NO</Periodogracia>
			<EstadoRegistro>I</EstadoRegistro>
		</Registro>
		<Registro NumeroRegistro="4">
			<Tipoidentificacionemisor>RUC</Tipoidentificacionemisor>
			<Identificaciondelemisor>1790098354001</Identificaciondelemisor>
			<NumerodelInstrumento>446052</NumerodelInstrumento>
			<Tipodeinstrumento>CERTIFICADEPOSITO</Tipodeinstrumento>
			<TipodeRenta>RENTAFIJA</TipodeRenta>
			<Fechadeemision>03/09/2019</Fechadeemision>
			<Fechadecompra>03/09/2019</Fechadecompra>
			<Fechadevencimiento>02/03/2020</Fechadevencimiento>
			<Tasanominal>7.35</Tasanominal>
			<Plazopactado>181</Plazopactado>
			<Valornominal>1818061.2</Valornominal>
			<Numeroaccionescompradas>0</Numeroaccionescompradas>
			<Preciocompraaccion>0</Preciocompraaccion>
			<Valordecompra>1818061.2</Valordecompra>
			<Periodopago>181</Periodopago>
			<Amortizacioncapital>181</Amortizacioncapital>
			<Amortizacioninteres>181</Amortizacioninteres>
			<Basetasacapital>360</Basetasacapital>
			<Basetasainteres>360</Basetasainteres>
			<Periodogracia>NO</Periodogracia>
			<EstadoRegistro>I</EstadoRegistro>
		</Registro>
		<Registro NumeroRegistro="5">
			<Tipoidentificacionemisor>RUC</Tipoidentificacionemisor>
			<Identificaciondelemisor>1790098354001</Identificaciondelemisor>
			<NumerodelInstrumento>446071</NumerodelInstrumento>
			<Tipodeinstrumento>CERTIFICADEPOSITO</Tipodeinstrumento>
			<TipodeRenta>RENTAFIJA</TipodeRenta>
			<Fechadeemision>09/09/2019</Fechadeemision>
			<Fechadecompra>09/09/2019</Fechadecompra>
			<Fechadevencimiento>09/03/2020</Fechadevencimiento>
			<Tasanominal>7.35</Tasanominal>
			<Plazopactado>182</Plazopactado>
			<Valornominal>1443559.23</Valornominal>
			<Numeroaccionescompradas>0</Numeroaccionescompradas>
			<Preciocompraaccion>0</Preciocompraaccion>
			<Valordecompra>1443559.23</Valordecompra>
			<Periodopago>182</Periodopago>
			<Amortizacioncapital>182</Amortizacioncapital>
			<Amortizacioninteres>182</Amortizacioninteres>
			<Basetasacapital>360</Basetasacapital>
			<Basetasainteres>360</Basetasainteres>
			<Periodogracia>NO</Periodogracia>
			<EstadoRegistro>I</EstadoRegistro>
		</Registro>
		<Registro NumeroRegistro="6">
			<Tipoidentificacionemisor>RUC</Tipoidentificacionemisor>
			<Identificaciondelemisor>0790002350001</Identificaciondelemisor>
			<NumerodelInstrumento>228582</NumerodelInstrumento>
			<Tipodeinstrumento>CERTIFICADEPOSITO</Tipodeinstrumento>
			<TipodeRenta>RENTAFIJA</TipodeRenta>
			<Fechadeemision>20/08/2019</Fechadeemision>
			<Fechadecompra>20/08/2019</Fechadecompra>
			<Fechadevencimiento>17/02/2020</Fechadevencimiento>
			<Tasanominal>7.75</Tasanominal>
			<Plazopactado>181</Plazopactado>
			<Valornominal>1546841.8</Valornominal>
			<Numeroaccionescompradas>0</Numeroaccionescompradas>
			<Preciocompraaccion>0</Preciocompraaccion>
			<Valordecompra>1546841.8</Valordecompra>
			<Periodopago>181</Periodopago>
			<Amortizacioncapital>181</Amortizacioncapital>
			<Amortizacioninteres>181</Amortizacioninteres>
			<Basetasacapital>360</Basetasacapital>
			<Basetasainteres>360</Basetasainteres>
			<Periodogracia>NO</Periodogracia>
			<EstadoRegistro>I</EstadoRegistro>
		</Registro>
		<Registro NumeroRegistro="7">
			<Tipoidentificacionemisor>RUC</Tipoidentificacionemisor>
			<Identificaciondelemisor>0790002350001</Identificaciondelemisor>
			<NumerodelInstrumento>228583</NumerodelInstrumento>
			<Tipodeinstrumento>CERTIFICADEPOSITO</Tipodeinstrumento>
			<TipodeRenta>RENTAFIJA</TipodeRenta>
			<Fechadeemision>20/08/2019</Fechadeemision>
			<Fechadecompra>20/08/2019</Fechadecompra>
			<Fechadevencimiento>17/02/2020</Fechadevencimiento>
			<Tasanominal>7.75</Tasanominal>
			<Plazopactado>181</Plazopactado>
			<Valornominal>331962.42</Valornominal>
			<Numeroaccionescompradas>0</Numeroaccionescompradas>
			<Preciocompraaccion>0</Preciocompraaccion>
			<Valordecompra>331962.42</Valordecompra>
			<Periodopago>181</Periodopago>
			<Amortizacioncapital>181</Amortizacioncapital>
			<Amortizacioninteres>181</Amortizacioninteres>
			<Basetasacapital>360</Basetasacapital>
			<Basetasainteres>360</Basetasainteres>
			<Periodogracia>NO</Periodogracia>
			<EstadoRegistro>I</EstadoRegistro>
		</Registro>
		<Registro NumeroRegistro="8">
			<Tipoidentificacionemisor>RUC</Tipoidentificacionemisor>
			<Identificaciondelemisor>0790002350001</Identificaciondelemisor>
			<NumerodelInstrumento>228604</NumerodelInstrumento>
			<Tipodeinstrumento>CERTIFICADEPOSITO</Tipodeinstrumento>
			<TipodeRenta>RENTAFIJA</TipodeRenta>
			<Fechadeemision>22/08/2019</Fechadeemision>
			<Fechadecompra>22/08/2019</Fechadecompra>
			<Fechadevencimiento>19/02/2020</Fechadevencimiento>
			<Tasanominal>7.75</Tasanominal>
			<Plazopactado>181</Plazopactado>
			<Valornominal>137197.66</Valornominal>
			<Numeroaccionescompradas>0</Numeroaccionescompradas>
			<Preciocompraaccion>0</Preciocompraaccion>
			<Valordecompra>137197.66</Valordecompra>
			<Periodopago>181</Periodopago>
			<Amortizacioncapital>181</Amortizacioncapital>
			<Amortizacioninteres>181</Amortizacioninteres>
			<Basetasacapital>360</Basetasacapital>
			<Basetasainteres>360</Basetasainteres>
			<Periodogracia>NO</Periodogracia>
			<EstadoRegistro>I</EstadoRegistro>
		</Registro>
		<Registro NumeroRegistro="9">
			<Tipoidentificacionemisor>RUC</Tipoidentificacionemisor>
			<Identificaciondelemisor>0990379017001</Identificaciondelemisor>
			<NumerodelInstrumento>05001DPV0463032</NumerodelInstrumento>
			<Tipodeinstrumento>CERTIFICADEPOSITO</Tipodeinstrumento>
			<TipodeRenta>RENTAFIJA</TipodeRenta>
			<Fechadeemision>03/09/2019</Fechadeemision>
			<Fechadecompra>03/09/2019</Fechadecompra>
			<Fechadevencimiento>02/03/2020</Fechadevencimiento>
			<Tasanominal>7.50</Tasanominal>
			<Plazopactado>181</Plazopactado>
			<Valornominal>1494200.38</Valornominal>
			<Numeroaccionescompradas>0</Numeroaccionescompradas>
			<Preciocompraaccion>0</Preciocompraaccion>
			<Valordecompra>1494200.38</Valordecompra>
			<Periodopago>181</Periodopago>
			<Amortizacioncapital>181</Amortizacioncapital>
			<Amortizacioninteres>181</Amortizacioninteres>
			<Basetasacapital>360</Basetasacapital>
			<Basetasainteres>360</Basetasainteres>
			<Periodogracia>NO</Periodogracia>
			<EstadoRegistro>I</EstadoRegistro>
		</Registro>
		<Registro NumeroRegistro="10">
			<Tipoidentificacionemisor>RUC</Tipoidentificacionemisor>
			<Identificaciondelemisor>0990379017001</Identificaciondelemisor>
			<NumerodelInstrumento>05001DPV0463692</NumerodelInstrumento>
			<Tipodeinstrumento>CERTIFICADEPOSITO</Tipodeinstrumento>
			<TipodeRenta>RENTAFIJA</TipodeRenta>
			<Fechadeemision>16/09/2019</Fechadeemision>
			<Fechadecompra>16/09/2019</Fechadecompra>
			<Fechadevencimiento>16/03/2020</Fechadevencimiento>
			<Tasanominal>7.50</Tasanominal>
			<Plazopactado>182</Plazopactado>
			<Valornominal>1065841.86</Valornominal>
			<Numeroaccionescompradas>0</Numeroaccionescompradas>
			<Preciocompraaccion>0</Preciocompraaccion>
			<Valordecompra>1065841.86</Valordecompra>
			<Periodopago>182</Periodopago>
			<Amortizacioncapital>182</Amortizacioncapital>
			<Amortizacioninteres>182</Amortizacioninteres>
			<Basetasacapital>360</Basetasacapital>
			<Basetasainteres>360</Basetasainteres>
			<Periodogracia>NO</Periodogracia>
			<EstadoRegistro>I</EstadoRegistro>
		</Registro>
		<Registro NumeroRegistro="11">
			<Tipoidentificacionemisor>RUC</Tipoidentificacionemisor>
			<Identificaciondelemisor>0190115798001</Identificaciondelemisor>
			<NumerodelInstrumento>55091292999</NumerodelInstrumento>
			<Tipodeinstrumento>CERTIFICADEPOSITO</Tipodeinstrumento>
			<TipodeRenta>RENTAFIJA</TipodeRenta>
			<Fechadeemision>19/08/2019</Fechadeemision>
			<Fechadecompra>19/08/2019</Fechadecompra>
			<Fechadevencimiento>17/02/2020</Fechadevencimiento>
			<Tasanominal>8.25</Tasanominal>
			<Plazopactado>182</Plazopactado>
			<Valornominal>1546841.8</Valornominal>
			<Numeroaccionescompradas>0</Numeroaccionescompradas>
			<Preciocompraaccion>0</Preciocompraaccion>
			<Valordecompra>1546841.8</Valordecompra>
			<Periodopago>182</Periodopago>
			<Amortizacioncapital>182</Amortizacioncapital>
			<Amortizacioninteres>182</Amortizacioninteres>
			<Basetasacapital>360</Basetasacapital>
			<Basetasainteres>360</Basetasainteres>
			<Periodogracia>NO</Periodogracia>
			<EstadoRegistro>I</EstadoRegistro>
		</Registro>
		<Registro NumeroRegistro="12">
			<Tipoidentificacionemisor>RUC</Tipoidentificacionemisor>
			<Identificaciondelemisor>0190115798001</Identificaciondelemisor>
			<NumerodelInstrumento>55091293638</NumerodelInstrumento>
			<Tipodeinstrumento>CERTIFICADEPOSITO</Tipodeinstrumento>
			<TipodeRenta>RENTAFIJA</TipodeRenta>
			<Fechadeemision>20/08/2019</Fechadeemision>
			<Fechadecompra>20/08/2019</Fechadecompra>
			<Fechadevencimiento>18/02/2020</Fechadevencimiento>
			<Tasanominal>8.25</Tasanominal>
			<Plazopactado>182</Plazopactado>
			<Valornominal>587446.05</Valornominal>
			<Numeroaccionescompradas>0</Numeroaccionescompradas>
			<Preciocompraaccion>0</Preciocompraaccion>
			<Valordecompra>587446.05</Valordecompra>
			<Periodopago>182</Periodopago>
			<Amortizacioncapital>182</Amortizacioncapital>
			<Amortizacioninteres>182</Amortizacioninteres>
			<Basetasacapital>360</Basetasacapital>
			<Basetasainteres>360</Basetasainteres>
			<Periodogracia>NO</Periodogracia>
			<EstadoRegistro>I</EstadoRegistro>
		</Registro>
		<Registro NumeroRegistro="13">
			<Tipoidentificacionemisor>RUC</Tipoidentificacionemisor>
			<Identificaciondelemisor>1790010937001</Identificaciondelemisor>
			<NumerodelInstrumento>139642</NumerodelInstrumento>
			<Tipodeinstrumento>CERTIFICADEPOSITO</Tipodeinstrumento>
			<TipodeRenta>RENTAFIJA</TipodeRenta>
			<Fechadeemision>04/09/2019</Fechadeemision>
			<Fechadecompra>04/09/2019</Fechadecompra>
			<Fechadevencimiento>03/03/2020</Fechadevencimiento>
			<Tasanominal>7.50</Tasanominal>
			<Plazopactado>181</Plazopactado>
			<Valornominal>1173824.71</Valornominal>
			<Numeroaccionescompradas>0</Numeroaccionescompradas>
			<Preciocompraaccion>0</Preciocompraaccion>
			<Valordecompra>1173824.71</Valordecompra>
			<Periodopago>181</Periodopago>
			<Amortizacioncapital>181</Amortizacioncapital>
			<Amortizacioninteres>181</Amortizacioninteres>
			<Basetasacapital>360</Basetasacapital>
			<Basetasainteres>360</Basetasainteres>
			<Periodogracia>NO</Periodogracia>
			<EstadoRegistro>I</EstadoRegistro>
		</Registro>
		<Registro NumeroRegistro="14">
			<Tipoidentificacionemisor>RUC</Tipoidentificacionemisor>
			<Identificaciondelemisor>1790010937001</Identificaciondelemisor>
			<NumerodelInstrumento>139704</NumerodelInstrumento>
			<Tipodeinstrumento>CERTIFICADEPOSITO</Tipodeinstrumento>
			<TipodeRenta>RENTAFIJA</TipodeRenta>
			<Fechadeemision>10/09/2019</Fechadeemision>
			<Fechadecompra>10/09/2019</Fechadecompra>
			<Fechadevencimiento>09/03/2020</Fechadevencimiento>
			<Tasanominal>7.50</Tasanominal>
			<Plazopactado>181</Plazopactado>
			<Valornominal>1783421.09</Valornominal>
			<Numeroaccionescompradas>0</Numeroaccionescompradas>
			<Preciocompraaccion>0</Preciocompraaccion>
			<Valordecompra>1783421.09</Valordecompra>
			<Periodopago>181</Periodopago>
			<Amortizacioncapital>181</Amortizacioncapital>
			<Amortizacioninteres>181</Amortizacioninteres>
			<Basetasacapital>360</Basetasacapital>
			<Basetasainteres>360</Basetasainteres>
			<Periodogracia>NO</Periodogracia>
			<EstadoRegistro>I</EstadoRegistro>
		</Registro>
		<Registro NumeroRegistro="15">
			<Tipoidentificacionemisor>RUC</Tipoidentificacionemisor>
			<Identificaciondelemisor>1790477142001</Identificaciondelemisor>
			<NumerodelInstrumento>PAV101000182757003</NumerodelInstrumento>
			<Tipodeinstrumento>CERTIFICADEPOSITO</Tipodeinstrumento>
			<TipodeRenta>RENTAFIJA</TipodeRenta>
			<Fechadeemision>09/09/2019</Fechadeemision>
			<Fechadecompra>09/09/2019</Fechadecompra>
			<Fechadevencimiento>09/03/2020</Fechadevencimiento>
			<Tasanominal>7.35</Tasanominal>
			<Plazopactado>182</Plazopactado>
			<Valornominal>667752.69</Valornominal>
			<Numeroaccionescompradas>0</Numeroaccionescompradas>
			<Preciocompraaccion>0</Preciocompraaccion>
			<Valordecompra>1476183.32</Valordecompra>
			<Periodopago>182</Periodopago>
			<Amortizacioncapital>182</Amortizacioncapital>
			<Amortizacioninteres>182</Amortizacioninteres>
			<Basetasacapital>360</Basetasacapital>
			<Basetasainteres>360</Basetasainteres>
			<Periodogracia>NO</Periodogracia>
			<EstadoRegistro>I</EstadoRegistro>
		</Registro>
		<Registro NumeroRegistro="16">
			<Tipoidentificacionemisor>RUC</Tipoidentificacionemisor>
			<Identificaciondelemisor>1790477142001</Identificaciondelemisor>
			<NumerodelInstrumento>PAV101000189449002</NumerodelInstrumento>
			<Tipodeinstrumento>CERTIFICADEPOSITO</Tipodeinstrumento>
			<TipodeRenta>RENTAFIJA</TipodeRenta>
			<Fechadeemision>19/08/2019</Fechadeemision>
			<Fechadecompra>19/08/2019</Fechadecompra>
			<Fechadevencimiento>17/02/2020</Fechadevencimiento>
			<Tasanominal>7.35</Tasanominal>
			<Plazopactado>182</Plazopactado>
			<Valornominal>1181781.24</Valornominal>
			<Numeroaccionescompradas>0</Numeroaccionescompradas>
			<Preciocompraaccion>0</Preciocompraaccion>
			<Valordecompra>667752.69</Valordecompra>
			<Periodopago>182</Periodopago>
			<Amortizacioncapital>182</Amortizacioncapital>
			<Amortizacioninteres>182</Amortizacioninteres>
			<Basetasacapital>360</Basetasacapital>
			<Basetasainteres>360</Basetasainteres>
			<Periodogracia>NO</Periodogracia>
			<EstadoRegistro>I</EstadoRegistro>
		</Registro>
		<Registro NumeroRegistro="17">
			<Tipoidentificacionemisor>RUC</Tipoidentificacionemisor>
			<Identificaciondelemisor>1790477142001</Identificaciondelemisor>
			<NumerodelInstrumento>PAV101000182727003</NumerodelInstrumento>
			<Tipodeinstrumento>CERTIFICADEPOSITO</Tipodeinstrumento>
			<TipodeRenta>RENTAFIJA</TipodeRenta>
			<Fechadeemision>09/09/2019</Fechadeemision>
			<Fechadecompra>09/09/2019</Fechadecompra>
			<Fechadevencimiento>09/03/2020</Fechadevencimiento>
			<Tasanominal>7.35</Tasanominal>
			<Plazopactado>182</Plazopactado>
			<Valornominal>1476183.32</Valornominal>
			<Numeroaccionescompradas>0</Numeroaccionescompradas>
			<Preciocompraaccion>0</Preciocompraaccion>
			<Valordecompra>1181781.24</Valordecompra>
			<Periodopago>182</Periodopago>
			<Amortizacioncapital>182</Amortizacioncapital>
			<Amortizacioninteres>182</Amortizacioninteres>
			<Basetasacapital>360</Basetasacapital>
			<Basetasainteres>360</Basetasainteres>
			<Periodogracia>NO</Periodogracia>
			<EstadoRegistro>I</EstadoRegistro>
		</Registro>
		<Registro NumeroRegistro="18">
			<Tipoidentificacionemisor>RUC</Tipoidentificacionemisor>
			<Identificaciondelemisor>1790283380001</Identificaciondelemisor>
			<NumerodelInstrumento>C0024513</NumerodelInstrumento>
			<Tipodeinstrumento>CERTIFICADEPOSITO</Tipodeinstrumento>
			<TipodeRenta>RENTAFIJA</TipodeRenta>
			<Fechadeemision>09/09/2019</Fechadeemision>
			<Fechadecompra>09/09/2019</Fechadecompra>
			<Fechadevencimiento>09/03/2020</Fechadevencimiento>
			<Tasanominal>7.35</Tasanominal>
			<Plazopactado>182</Plazopactado>
			<Valornominal>1470891.86</Valornominal>
			<Numeroaccionescompradas>0</Numeroaccionescompradas>
			<Preciocompraaccion>0</Preciocompraaccion>
			<Valordecompra>1470891.86</Valordecompra>
			<Periodopago>182</Periodopago>
			<Amortizacioncapital>182</Amortizacioncapital>
			<Amortizacioninteres>182</Amortizacioninteres>
			<Basetasacapital>360</Basetasacapital>
			<Basetasainteres>360</Basetasainteres>
			<Periodogracia>NO</Periodogracia>
			<EstadoRegistro>I</EstadoRegistro>
		</Registro>
		<Registro NumeroRegistro="19">
			<Tipoidentificacionemisor>RUC</Tipoidentificacionemisor>
			<Identificaciondelemisor>1790283380001</Identificaciondelemisor>
			<NumerodelInstrumento>C0090861</NumerodelInstrumento>
			<Tipodeinstrumento>CERTIFICADEPOSITO</Tipodeinstrumento>
			<TipodeRenta>RENTAFIJA</TipodeRenta>
			<Fechadeemision>22/08/2019</Fechadeemision>
			<Fechadecompra>22/08/2019</Fechadecompra>
			<Fechadevencimiento>19/02/2020</Fechadevencimiento>
			<Tasanominal>7.50</Tasanominal>
			<Plazopactado>181</Plazopactado>
			<Valornominal>590634</Valornominal>
			<Numeroaccionescompradas>0</Numeroaccionescompradas>
			<Preciocompraaccion>0</Preciocompraaccion>
			<Valordecompra>590634</Valordecompra>
			<Periodopago>181</Periodopago>
			<Amortizacioncapital>181</Amortizacioncapital>
			<Amortizacioninteres>181</Amortizacioninteres>
			<Basetasacapital>360</Basetasacapital>
			<Basetasainteres>360</Basetasainteres>
			<Periodogracia>NO</Periodogracia>
			<EstadoRegistro>I</EstadoRegistro>
		</Registro>
		<Registro NumeroRegistro="20">
			<Tipoidentificacionemisor>RUC</Tipoidentificacionemisor>
			<Identificaciondelemisor>1790283380001</Identificaciondelemisor>
			<NumerodelInstrumento>C013009</NumerodelInstrumento>
			<Tipodeinstrumento>CERTIFICADEPOSITO</Tipodeinstrumento>
			<TipodeRenta>RENTAFIJA</TipodeRenta>
			<Fechadeemision>22/08/2019</Fechadeemision>
			<Fechadecompra>22/08/2019</Fechadecompra>
			<Fechadevencimiento>19/02/2020</Fechadevencimiento>
			<Tasanominal>7.50</Tasanominal>
			<Plazopactado>181</Plazopactado>
			<Valornominal>1441652.06</Valornominal>
			<Numeroaccionescompradas>0</Numeroaccionescompradas>
			<Preciocompraaccion>0</Preciocompraaccion>
			<Valordecompra>1441652.06</Valordecompra>
			<Periodopago>181</Periodopago>
			<Amortizacioncapital>181</Amortizacioncapital>
			<Amortizacioninteres>181</Amortizacioninteres>
			<Basetasacapital>360</Basetasacapital>
			<Basetasainteres>360</Basetasainteres>
			<Periodogracia>NO</Periodogracia>
			<EstadoRegistro>I</EstadoRegistro>
		</Registro>
		<Registro NumeroRegistro="21">
			<Tipoidentificacionemisor>RUC</Tipoidentificacionemisor>
			<Identificaciondelemisor>1790283380001</Identificaciondelemisor>
			<NumerodelInstrumento>C013007</NumerodelInstrumento>
			<Tipodeinstrumento>CERTIFICADEPOSITO</Tipodeinstrumento>
			<TipodeRenta>RENTAFIJA</TipodeRenta>
			<Fechadeemision>20/08/2019</Fechadeemision>
			<Fechadecompra>20/08/2019</Fechadecompra>
			<Fechadevencimiento>17/02/2020</Fechadevencimiento>
			<Tasanominal>7.50</Tasanominal>
			<Plazopactado>181</Plazopactado>
			<Valornominal>1110553.89</Valornominal>
			<Numeroaccionescompradas>0</Numeroaccionescompradas>
			<Preciocompraaccion>0</Preciocompraaccion>
			<Valordecompra>1110553.89</Valordecompra>
			<Periodopago>181</Periodopago>
			<Amortizacioncapital>181</Amortizacioncapital>
			<Amortizacioninteres>181</Amortizacioninteres>
			<Basetasacapital>360</Basetasacapital>
			<Basetasainteres>360</Basetasainteres>
			<Periodogracia>NO</Periodogracia>
			<EstadoRegistro>I</EstadoRegistro>
		</Registro>
		<Registro NumeroRegistro="22">
			<Tipoidentificacionemisor>RUC</Tipoidentificacionemisor>
			<Identificaciondelemisor>1790075494001</Identificaciondelemisor>
			<NumerodelInstrumento>543941</NumerodelInstrumento>
			<Tipodeinstrumento>CERTIFICADEPOSITO</Tipodeinstrumento>
			<TipodeRenta>RENTAFIJA</TipodeRenta>
			<Fechadeemision>11/09/2019</Fechadeemision>
			<Fechadecompra>11/09/2019</Fechadecompra>
			<Fechadevencimiento>10/03/2020</Fechadevencimiento>
			<Tasanominal>7.85</Tasanominal>
			<Plazopactado>181</Plazopactado>
			<Valornominal>517848.61</Valornominal>
			<Numeroaccionescompradas>0</Numeroaccionescompradas>
			<Preciocompraaccion>0</Preciocompraaccion>
			<Valordecompra>517848.61</Valordecompra>
			<Periodopago>181</Periodopago>
			<Amortizacioncapital>181</Amortizacioncapital>
			<Amortizacioninteres>181</Amortizacioninteres>
			<Basetasacapital>360</Basetasacapital>
			<Basetasainteres>360</Basetasainteres>
			<Periodogracia>NO</Periodogracia>
			<EstadoRegistro>I</EstadoRegistro>
		</Registro>
		<Registro NumeroRegistro="23">
			<Tipoidentificacionemisor>RUC</Tipoidentificacionemisor>
			<Identificaciondelemisor>0990553963001</Identificaciondelemisor>
			<NumerodelInstrumento>267805</NumerodelInstrumento>
			<Tipodeinstrumento>PAPEL COMERCIAL</Tipodeinstrumento>
			<TipodeRenta>RENTAFIJA</TipodeRenta>
			<Fechadeemision>22/11/2019</Fechadeemision>
			<Fechadecompra>22/11/2019</Fechadecompra>
			<Fechadevencimiento>20/02/2020</Fechadevencimiento>
			<Tasanominal>7.30</Tasanominal>
			<Plazopactado>90</Plazopactado>
			<Valornominal>191279.16</Valornominal>
			<Numeroaccionescompradas>0</Numeroaccionescompradas>
			<Preciocompraaccion>0</Preciocompraaccion>
			<Valordecompra>194770</Valordecompra>
			<Periodopago>90</Periodopago>
			<Amortizacioncapital>90</Amortizacioncapital>
			<Amortizacioninteres>90</Amortizacioninteres>
			<Basetasacapital>360</Basetasacapital>
			<Basetasainteres>360</Basetasainteres>
			<Periodogracia>NO</Periodogracia>
			<EstadoRegistro>I</EstadoRegistro>
		</Registro>
		<Registro NumeroRegistro="24">
			<Tipoidentificacionemisor>RUC</Tipoidentificacionemisor>
			<Identificaciondelemisor>0990553963001</Identificaciondelemisor>
			<NumerodelInstrumento>267806</NumerodelInstrumento>
			<Tipodeinstrumento>PAPEL COMERCIAL</Tipodeinstrumento>
			<TipodeRenta>RENTAFIJA</TipodeRenta>
			<Fechadeemision>22/11/2019</Fechadeemision>
			<Fechadecompra>22/11/2019</Fechadecompra>
			<Fechadevencimiento>20/02/2020</Fechadevencimiento>
			<Tasanominal>7.30</Tasanominal>
			<Plazopactado>90</Plazopactado>
			<Valornominal>9918.98</Valornominal>
			<Numeroaccionescompradas>0</Numeroaccionescompradas>
			<Preciocompraaccion>0</Preciocompraaccion>
			<Valordecompra>10100</Valordecompra>
			<Periodopago>90</Periodopago>
			<Amortizacioncapital>90</Amortizacioncapital>
			<Amortizacioninteres>90</Amortizacioninteres>
			<Basetasacapital>360</Basetasacapital>
			<Basetasainteres>360</Basetasainteres>
			<Periodogracia>NO</Periodogracia>
			<EstadoRegistro>I</EstadoRegistro>
		</Registro>
		<Registro NumeroRegistro="25">
			<Tipoidentificacionemisor>RUC</Tipoidentificacionemisor>
			<Identificaciondelemisor>0990553963001</Identificaciondelemisor>
			<NumerodelInstrumento>267755</NumerodelInstrumento>
			<Tipodeinstrumento>PAPEL COMERCIAL</Tipodeinstrumento>
			<TipodeRenta>RENTAFIJA</TipodeRenta>
			<Fechadeemision>22/11/2019</Fechadeemision>
			<Fechadecompra>22/11/2019</Fechadecompra>
			<Fechadevencimiento>23/02/2020</Fechadevencimiento>
			<Tasanominal>7.55</Tasanominal>
			<Plazopactado>122</Plazopactado>
			<Valornominal>487526.1</Valornominal>
			<Numeroaccionescompradas>0</Numeroaccionescompradas>
			<Preciocompraaccion>0</Preciocompraaccion>
			<Valordecompra>500000</Valordecompra>
			<Periodopago>122</Periodopago>
			<Amortizacioncapital>122</Amortizacioncapital>
			<Amortizacioninteres>122</Amortizacioninteres>
			<Basetasacapital>360</Basetasacapital>
			<Basetasainteres>360</Basetasainteres>
			<Periodogracia>NO</Periodogracia>
			<EstadoRegistro>I</EstadoRegistro>
		</Registro>
		<Registro NumeroRegistro="26">
			<Tipoidentificacionemisor>RUC</Tipoidentificacionemisor>
			<Identificaciondelemisor>0990553963001</Identificaciondelemisor>
			<NumerodelInstrumento>267754</NumerodelInstrumento>
			<Tipodeinstrumento>PAPEL COMERCIAL</Tipodeinstrumento>
			<TipodeRenta>RENTAFIJA</TipodeRenta>
			<Fechadeemision>22/11/2019</Fechadeemision>
			<Fechadecompra>22/11/2019</Fechadecompra>
			<Fechadevencimiento>20/02/2020</Fechadevencimiento>
			<Tasanominal>7.30</Tasanominal>
			<Plazopactado>90</Plazopactado>
			<Valornominal>294623.13</Valornominal>
			<Numeroaccionescompradas>0</Numeroaccionescompradas>
			<Preciocompraaccion>0</Preciocompraaccion>
			<Valordecompra>300000</Valordecompra>
			<Periodopago>90</Periodopago>
			<Amortizacioncapital>90</Amortizacioncapital>
			<Amortizacioninteres>90</Amortizacioninteres>
			<Basetasacapital>360</Basetasacapital>
			<Basetasainteres>360</Basetasainteres>
			<Periodogracia>NO</Periodogracia>
			<EstadoRegistro>I</EstadoRegistro>
		</Registro>
		<Registro NumeroRegistro="27">
			<Tipoidentificacionemisor>RUC</Tipoidentificacionemisor>
			<Identificaciondelemisor>0990553963001</Identificaciondelemisor>
			<NumerodelInstrumento>268106</NumerodelInstrumento>
			<Tipodeinstrumento>PAPEL COMERCIAL</Tipodeinstrumento>
			<TipodeRenta>RENTAFIJA</TipodeRenta>
			<Fechadeemision>27/11/2019</Fechadeemision>
			<Fechadecompra>27/11/2019</Fechadecompra>
			<Fechadevencimiento>26/02/2020</Fechadevencimiento>
			<Tasanominal>7.30</Tasanominal>
			<Plazopactado>91</Plazopactado>
			<Valornominal>231920.42</Valornominal>
			<Numeroaccionescompradas>0</Numeroaccionescompradas>
			<Preciocompraaccion>0</Preciocompraaccion>
			<Valordecompra>236200</Valordecompra>
			<Periodopago>91</Periodopago>
			<Amortizacioncapital>91</Amortizacioncapital>
			<Amortizacioninteres>91</Amortizacioninteres>
			<Basetasacapital>360</Basetasacapital>
			<Basetasainteres>360</Basetasainteres>
			<Periodogracia>NO</Periodogracia>
			<EstadoRegistro>I</EstadoRegistro>
		</Registro>
		<Registro NumeroRegistro="28">
			<Tipoidentificacionemisor>RUC</Tipoidentificacionemisor>
			<Identificaciondelemisor>0990553963001</Identificaciondelemisor>
			<NumerodelInstrumento>268107</NumerodelInstrumento>
			<Tipodeinstrumento>PAPEL COMERCIAL</Tipodeinstrumento>
			<TipodeRenta>RENTAFIJA</TipodeRenta>
			<Fechadeemision>27/11/2019</Fechadeemision>
			<Fechadecompra>27/11/2019</Fechadecompra>
			<Fechadevencimiento>26/02/2020</Fechadevencimiento>
			<Tasanominal>7.30</Tasanominal>
			<Plazopactado>91</Plazopactado>
			<Valornominal>86336.85</Valornominal>
			<Numeroaccionescompradas>0</Numeroaccionescompradas>
			<Preciocompraaccion>0</Preciocompraaccion>
			<Valordecompra>87930</Valordecompra>
			<Periodopago>91</Periodopago>
			<Amortizacioncapital>91</Amortizacioncapital>
			<Amortizacioninteres>91</Amortizacioninteres>
			<Basetasacapital>360</Basetasacapital>
			<Basetasainteres>360</Basetasainteres>
			<Periodogracia>NO</Periodogracia>
			<EstadoRegistro>I</EstadoRegistro>
		</Registro>
		<Registro NumeroRegistro="29">
			<Tipoidentificacionemisor>RUC</Tipoidentificacionemisor>
			<Identificaciondelemisor>0990041105001</Identificaciondelemisor>
			<NumerodelInstrumento>12399</NumerodelInstrumento>
			<Tipodeinstrumento>PAPEL COMERCIAL</Tipodeinstrumento>
			<TipodeRenta>RENTAFIJA</TipodeRenta>
			<Fechadeemision>26/11/2019</Fechadeemision>
			<Fechadecompra>26/11/2019</Fechadecompra>
			<Fechadevencimiento>09/04/2020</Fechadevencimiento>
			<Tasanominal>7.25</Tasanominal>
			<Plazopactado>135</Plazopactado>
			<Valornominal>486766.05</Valornominal>
			<Numeroaccionescompradas>0</Numeroaccionescompradas>
			<Preciocompraaccion>0</Preciocompraaccion>
			<Valordecompra>500000</Valordecompra>
			<Periodopago>135</Periodopago>
			<Amortizacioncapital>135</Amortizacioncapital>
			<Amortizacioninteres>135</Amortizacioninteres>
			<Basetasacapital>360</Basetasacapital>
			<Basetasainteres>360</Basetasainteres>
			<Periodogracia>NO</Periodogracia>
			<EstadoRegistro>I</EstadoRegistro>
		</Registro>
		<Registro NumeroRegistro="30">
			<Tipoidentificacionemisor>RUC</Tipoidentificacionemisor>
			<Identificaciondelemisor>0990001626001</Identificaciondelemisor>
			<NumerodelInstrumento>12400</NumerodelInstrumento>
			<Tipodeinstrumento>PAPEL COMERCIAL</Tipodeinstrumento>
			<TipodeRenta>RENTAFIJA</TipodeRenta>
			<Fechadeemision>26/11/2019</Fechadeemision>
			<Fechadecompra>26/11/2019</Fechadecompra>
			<Fechadevencimiento>25/03/2020</Fechadevencimiento>
			<Tasanominal>7.00</Tasanominal>
			<Plazopactado>120</Plazopactado>
			<Valornominal>850205.86</Valornominal>
			<Numeroaccionescompradas>0</Numeroaccionescompradas>
			<Preciocompraaccion>0</Preciocompraaccion>
			<Valordecompra>870044</Valordecompra>
			<Periodopago>120</Periodopago>
			<Amortizacioncapital>120</Amortizacioncapital>
			<Amortizacioninteres>120</Amortizacioninteres>
			<Basetasacapital>360</Basetasacapital>
			<Basetasainteres>360</Basetasainteres>
			<Periodogracia>NO</Periodogracia>
			<EstadoRegistro>I</EstadoRegistro>
		</Registro>
		<Registro NumeroRegistro="31">
			<Tipoidentificacionemisor>RUC</Tipoidentificacionemisor>
			<Identificaciondelemisor>0990129428001</Identificaciondelemisor>
			<NumerodelInstrumento>269906</NumerodelInstrumento>
			<Tipodeinstrumento>PAPEL COMERCIAL</Tipodeinstrumento>
			<TipodeRenta>RENTAFIJA</TipodeRenta>
			<Fechadeemision>24/12/2019</Fechadeemision>
			<Fechadecompra>24/12/2019</Fechadecompra>
			<Fechadevencimiento>17/12/2020</Fechadevencimiento>
			<Tasanominal>8.00</Tasanominal>
			<Plazopactado>359</Plazopactado>
			<Valornominal>1500308.71</Valornominal>
			<Numeroaccionescompradas>0</Numeroaccionescompradas>
			<Preciocompraaccion>0</Preciocompraaccion>
			<Valordecompra>1620000</Valordecompra>
			<Periodopago>359</Periodopago>
			<Amortizacioncapital>359</Amortizacioncapital>
			<Amortizacioninteres>359</Amortizacioninteres>
			<Basetasacapital>360</Basetasacapital>
			<Basetasainteres>360</Basetasainteres>
			<Periodogracia>NO</Periodogracia>
			<EstadoRegistro>I</EstadoRegistro>
		</Registro>
		<Registro NumeroRegistro="32">
			<Tipoidentificacionemisor>RUC</Tipoidentificacionemisor>
			<Identificaciondelemisor>0991028544001</Identificaciondelemisor>
			<NumerodelInstrumento>269905</NumerodelInstrumento>
			<Tipodeinstrumento>PAPEL COMERCIAL</Tipodeinstrumento>
			<TipodeRenta>RENTAFIJA</TipodeRenta>
			<Fechadeemision>24/12/2019</Fechadeemision>
			<Fechadecompra>24/12/2019</Fechadecompra>
			<Fechadevencimiento>23/10/2020</Fechadevencimiento>
			<Tasanominal>9.25</Tasanominal>
			<Plazopactado>304</Plazopactado>
			<Valornominal>1631516.44</Valornominal>
			<Numeroaccionescompradas>0</Numeroaccionescompradas>
			<Preciocompraaccion>0</Preciocompraaccion>
			<Valordecompra>1758956</Valordecompra>
			<Periodopago>304</Periodopago>
			<Amortizacioncapital>304</Amortizacioncapital>
			<Amortizacioninteres>304</Amortizacioninteres>
			<Basetasacapital>360</Basetasacapital>
			<Basetasainteres>360</Basetasainteres>
			<Periodogracia>NO</Periodogracia>
			<EstadoRegistro>I</EstadoRegistro>
		</Registro>
	</Detalle>
</REGISTROS>