<?xml version="1.0" encoding="UTF-8" standalone="yes"?>
<REGISTROS>
	<DatosEstructura>
		<CodigoEstructura>G02</CodigoEstructura>
		<CodigoEntidad>17</CodigoEntidad>
		<FechaCorte>30/11/2020</FechaCorte>
		<TotalRegistros>4</TotalRegistros>
	</DatosEstructura>
	<Detalle>
		<Registro NumeroRegistro="1">
			<Tipoidentificacionemisor>RUC</Tipoidentificacionemisor>
			<Identificaciondelemisor>1790864316001</Identificaciondelemisor>
			<NumerodelInstrumento>8406515110</NumerodelInstrumento>
			<Tipodeinstrumento>CERTIFICADEPOSITO</Tipodeinstrumento>
			<TipodeRenta>RENTAFIJA</TipodeRenta>
			<Fechadeemision>05/11/2020</Fechadeemision>
			<Fechadecompra>05/11/2020</Fechadecompra>
			<Fechadevencimiento>05/01/2021</Fechadevencimiento>
			<Tasanominal>2.75</Tasanominal>
			<Plazopactado>61</Plazopactado>
			<Valornominal>48532.4</Valornominal>
			<Numeroaccionescompradas>0</Numeroaccionescompradas>
			<Preciocompraaccion>0</Preciocompraaccion>
			<Valordecompra>48532.4</Valordecompra>
			<Periodopago>61</Periodopago>
			<Amortizacioncapital>61</Amortizacioncapital>
			<Amortizacioninteres>61</Amortizacioninteres>
			<Basetasacapital>360</Basetasacapital>
			<Basetasainteres>360</Basetasainteres>
			<Periodogracia>NO</Periodogracia>
			<EstadoRegistro>I</EstadoRegistro>
		</Registro>
		<Registro NumeroRegistro="2">
			<Tipoidentificacionemisor>RUC</Tipoidentificacionemisor>
			<Identificaciondelemisor>0990005737001</Identificaciondelemisor>
			<NumerodelInstrumento>283808</NumerodelInstrumento>
			<Tipodeinstrumento>CERTIFICADEPOSITO</Tipodeinstrumento>
			<TipodeRenta>RENTAFIJA</TipodeRenta>
			<Fechadeemision>12/11/2020</Fechadeemision>
			<Fechadecompra>12/11/2020</Fechadecompra>
			<Fechadevencimiento>12/05/2021</Fechadevencimiento>
			<Tasanominal>7.00</Tasanominal>
			<Plazopactado>181</Plazopactado>
			<Valornominal>1335775.93</Valornominal>
			<Numeroaccionescompradas>0</Numeroaccionescompradas>
			<Preciocompraaccion>0</Preciocompraaccion>
			<Valordecompra>1335775.93</Valordecompra>
			<Periodopago>181</Periodopago>
			<Amortizacioncapital>181</Amortizacioncapital>
			<Amortizacioninteres>181</Amortizacioninteres>
			<Basetasacapital>360</Basetasacapital>
			<Basetasainteres>360</Basetasainteres>
			<Periodogracia>NO</Periodogracia>
			<EstadoRegistro>I</EstadoRegistro>
		</Registro>
		<Registro NumeroRegistro="3">
			<Tipoidentificacionemisor>RUC</Tipoidentificacionemisor>
			<Identificaciondelemisor>0190115798001</Identificaciondelemisor>
			<NumerodelInstrumento>284408</NumerodelInstrumento>
			<Tipodeinstrumento>CERTIFICADEPOSITO</Tipodeinstrumento>
			<TipodeRenta>RENTAFIJA</TipodeRenta>
			<Fechadeemision>26/11/2020</Fechadeemision>
			<Fechadecompra>26/11/2020</Fechadecompra>
			<Fechadevencimiento>22/11/2021</Fechadevencimiento>
			<Tasanominal>8.50</Tasanominal>
			<Plazopactado>361</Plazopactado>
			<Valornominal>1335775.93</Valornominal>
			<Numeroaccionescompradas>0</Numeroaccionescompradas>
			<Preciocompraaccion>0</Preciocompraaccion>
			<Valordecompra>1335775.93</Valordecompra>
			<Periodopago>361</Periodopago>
			<Amortizacioncapital>361</Amortizacioncapital>
			<Amortizacioninteres>361</Amortizacioninteres>
			<Basetasacapital>360</Basetasacapital>
			<Basetasainteres>360</Basetasainteres>
			<Periodogracia>NO</Periodogracia>
			<EstadoRegistro>I</EstadoRegistro>
		</Registro>
	</Detalle>
</REGISTROS>