<?xml version="1.0" encoding="UTF-8"?><REGISTROS><DatosEstructura><CodigoEstructura>G41</CodigoEstructura><CodigoEntidad>17</CodigoEntidad><FechaCorte>30/09/2020</FechaCorte><TotalRegistros>2</TotalRegistros></DatosEstructura><Detalle><Registro NumeroRegistro="1"><TipoIdentificacionParticipe>CED</TipoIdentificacionParticipe><IdentificacionParticipe>0941897456</IdentificacionParticipe><CorreoElectronico>ninguno@capremci.com.ec</CorreoElectronico><NombreParticipe>PIZA ANZULES JOSE GREGORIO                    PIZA ANZULES JOSE GREGORIO                   </NombreParticipe><SexoParticipe>M</SexoParticipe><EstadoCivilParticipe>C</EstadoCivilParticipe><FechaIngresoParticipe>01/09/2020</FechaIngresoParticipe><TipoRegistro>CUENTAINDIVIDUAL</TipoRegistro><BaseCalculoAportacion>SUELDO</BaseCalculoAportacion><RelacionLaboral>NOMBRAMIENTO</RelacionLaboral><EstadoRegistro>ING</EstadoRegistro><TipoPrestacion>CESANTIA</TipoPrestacion></Registro></Detalle></REGISTROS>