<?xml version="1.0" encoding="UTF-8" standalone="yes"?>
<REGISTROS>
	<DatosEstructura>
		<CodigoEstructura>G03</CodigoEstructura>
		<CodigoEntidad>17</CodigoEntidad>
		<FechaCorte>31/05/2020</FechaCorte>
		<TotalRegistros>2</TotalRegistros>
	</DatosEstructura>
	<Detalle>
		<Registro NumeroRegistro="1">
			<Tipoidentificacionemisor>RUC</Tipoidentificacionemisor>
			<Identificaciondelemisor>1790864316001</Identificaciondelemisor>
			<NumeroInstrumento>8378248310</NumeroInstrumento>
			<Tipoinstrumento>CERTIFICADEPOSITO</Tipoinstrumento>
			<EstadoInversion>INVVENCIDA</EstadoInversion>
			<Tipoderenta>RENTAFIJA</Tipoderenta>
			<Fechadecompra>05/02/2020</Fechadecompra>
			<Rangodevencimiento>91A180DIAS</Rangodevencimiento>
			<ValorContable>47351.42</ValorContable>
			<TasaNominal>3.25</TasaNominal>
			<TasaCupon>0</TasaCupon>
			<Fechaultimocuponpagado>05/02/2020</Fechaultimocuponpagado>
			<Preciocompraporc>1</Preciocompraporc>
			<Valorefectivocompra>47351.42</Valorefectivocompra>
			<Yieldporcentaje>0</Yieldporcentaje>
			<PreciohaceañoRF>47351.42</PreciohaceañoRF>
			<Interesesacumulaxcobrar>0</Interesesacumulaxcobrar>
			<Montointeresesgenerdolares>389.01</Montointeresesgenerdolares>
			<Valormercado>47351.42</Valormercado>
			<Numeroaccionesfechacorte>0</Numeroaccionesfechacorte>
			<Preciomercadoactualxaccion>0</Preciomercadoactualxaccion>
			<Preciomercadohaceaño>0</Preciomercadohaceaño>
			<Divixaccionrecibidos>0</Divixaccionrecibidos>
			<Codvectorprecio>0</Codvectorprecio>
			<Calificacionemisor>AAAMENOS</Calificacionemisor>
			<Calificadoraderiesgo>PCRPACIFIC</Calificadoraderiesgo>
			<Fechaultimacalificacion>31/05/2020</Fechaultimacalificacion>
			<Provisionconstituida>0</Provisionconstituida>
			<EstadoVencimientoliquidacion>TOTALLIQUIDADO</EstadoVencimientoliquidacion>
			<ValornominalVencido>0</ValornominalVencido>
			<InteresAcumxcobrarvenc>0</InteresAcumxcobrarvenc>
			<NumeroCuotasvenc>0</NumeroCuotasvenc>
			<CCCapitalKvenc6dig>120105</CCCapitalKvenc6dig>
			<ValorUSD1>0</ValorUSD1>
			<CCRendimientosvenc6digusd>140105</CCRendimientosvenc6digusd>
			<ValorUSD2>0</ValorUSD2>
			<CCProviAcumKvenc6digusd>120105</CCProviAcumKvenc6digusd>
			<ValorUSD3>0</ValorUSD3>
			<CodCCProvAcumrendVenc6dig>120105</CodCCProvAcumrendVenc6dig>
			<ValorUSD4>0</ValorUSD4>
			<ValorliquiovendidoUSD>0</ValorliquiovendidoUSD>
			<Fechaliquidacionoventa>06/05/2020</Fechaliquidacionoventa>
			<Precioliquidacionoventa>0</Precioliquidacionoventa>
			<Valorliquidacionovent>0</Valorliquidacionovent>
			<MotivoLiquidacion>PLAZOCUMPLIDO</MotivoLiquidacion>
		</Registro>
		</Detalle>
</REGISTROS>