<?xml version="1.0" encoding="UTF-8"?><REGISTROS><DatosEstructura><CodigoEstructura>G45</CodigoEstructura><CodigoEntidad>17</CodigoEntidad><FechaCorte>31/03/2020</FechaCorte><TotalRegistros>64</TotalRegistros></DatosEstructura><Detalle><Registro NumeroRegistro="1"> <TipoIdentificacionParticipe>CED</TipoIdentificacionParticipe> <IdentificacionParticipe>0918293630</IdentificacionParticipe><NumeroOperacionCredito>CAP27621</NumeroOperacionCredito><TipoCredito>QUIROGRAFARIOS</TipoCredito><EstadoOperacion>NOVADA</EstadoOperacion><NumeroOperacionAnterior>CAP26229</NumeroOperacionAnterior><FechaRenovacion>05/03/2020</FechaRenovacion><Provincia>09</Provincia><Canton>0901</Canton><NumeroCuotasCredito>42</NumeroCuotasCredito><FechaConcesion>05/03/2020</FechaConcesion><FechaVencimiento>30/09/2023</FechaVencimiento><ValorConcedido>3770.00</ValorConcedido><TasaInterezNominal>9.00</TasaInterezNominal><PeriodoGracia>1</PeriodoGracia><Tea>9.00</Tea><PeriodicidadPago>MENSUAL30D</PeriodicidadPago><FrecuenciaRevision>30</FrecuenciaRevision><GarantesGarantias>OPERSOLOGARANTREAL</GarantesGarantias><IdentificacionGarante></IdentificacionGarante><Plazo>1304</Plazo><TipoTablaAmortizacion>FRANCESA</TipoTablaAmortizacion><FormaCobroCredito>DESCROLPAGPATRONO</FormaCobroCredito><EstadoRegistro>CRNUEVO</EstadoRegistro></Registro><Registro NumeroRegistro="2"> <TipoIdentificacionParticipe>CED</TipoIdentificacionParticipe> <IdentificacionParticipe>0501814636</IdentificacionParticipe><NumeroOperacionCredito>CAP27623</NumeroOperacionCredito><TipoCredito>QUIROGRAFARIOS</TipoCredito><EstadoOperacion>NOVADA</EstadoOperacion><NumeroOperacionAnterior>CAP26267</NumeroOperacionAnterior><FechaRenovacion>09/03/2020</FechaRenovacion><Provincia>17</Provincia><Canton>1701</Canton><NumeroCuotasCredito>57</NumeroCuotasCredito><FechaConcesion>09/03/2020</FechaConcesion><FechaVencimiento>31/12/2024</FechaVencimiento><ValorConcedido>7090.00</ValorConcedido><TasaInterezNominal>9.00</TasaInterezNominal><PeriodoGracia>1</PeriodoGracia><Tea>9.00</Tea><PeriodicidadPago>MENSUAL30D</PeriodicidadPago><FrecuenciaRevision>30</FrecuenciaRevision><GarantesGarantias>OPERSOLOGARANTREAL</GarantesGarantias><IdentificacionGarante></IdentificacionGarante><Plazo>1758</Plazo><TipoTablaAmortizacion>FRANCESA</TipoTablaAmortizacion><FormaCobroCredito>DESCROLPAGPATRONO</FormaCobroCredito><EstadoRegistro>CRNUEVO</EstadoRegistro></Registro><Registro NumeroRegistro="3"> <TipoIdentificacionParticipe>CED</TipoIdentificacionParticipe> <IdentificacionParticipe>0907815443</IdentificacionParticipe><NumeroOperacionCredito>CAP27626</NumeroOperacionCredito><TipoCredito>QUIROGRAFARIOS</TipoCredito><EstadoOperacion>ORIGINAL</EstadoOperacion><NumeroOperacionAnterior>0</NumeroOperacionAnterior><FechaRenovacion></FechaRenovacion><Provincia>09</Provincia><Canton>0901</Canton><NumeroCuotasCredito>45</NumeroCuotasCredito><FechaConcesion>06/03/2020</FechaConcesion><FechaVencimiento>31/12/2023</FechaVencimiento><ValorConcedido>4050.00</ValorConcedido><TasaInterezNominal>12.00</TasaInterezNominal><PeriodoGracia>1</PeriodoGracia><Tea>12.00</Tea><PeriodicidadPago>MENSUAL30D</PeriodicidadPago><FrecuenciaRevision>30</FrecuenciaRevision><GarantesGarantias>OPERSOLOGARANTREAL</GarantesGarantias><IdentificacionGarante></IdentificacionGarante><Plazo>1395</Plazo><TipoTablaAmortizacion>FRANCESA</TipoTablaAmortizacion><FormaCobroCredito>DESCROLPAGPATRONO</FormaCobroCredito><EstadoRegistro>CRNUEVO</EstadoRegistro></Registro><Registro NumeroRegistro="4"> <TipoIdentificacionParticipe>CED</TipoIdentificacionParticipe> <IdentificacionParticipe>1704064334</IdentificacionParticipe><NumeroOperacionCredito>CAP27628</NumeroOperacionCredito><TipoCredito>QUIROGRAFARIOS</TipoCredito><EstadoOperacion>NOVADA</EstadoOperacion><NumeroOperacionAnterior>CAP20374</NumeroOperacionAnterior><FechaRenovacion>06/03/2020</FechaRenovacion><Provincia>17</Provincia><Canton>1701</Canton><NumeroCuotasCredito>60</NumeroCuotasCredito><FechaConcesion>06/03/2020</FechaConcesion><FechaVencimiento>31/03/2025</FechaVencimiento><ValorConcedido>7900.00</ValorConcedido><TasaInterezNominal>9.00</TasaInterezNominal><PeriodoGracia>1</PeriodoGracia><Tea>9.00</Tea><PeriodicidadPago>MENSUAL30D</PeriodicidadPago><FrecuenciaRevision>30</FrecuenciaRevision><GarantesGarantias>OPERSOLOGARANTREAL</GarantesGarantias><IdentificacionGarante></IdentificacionGarante><Plazo>1851</Plazo><TipoTablaAmortizacion>FRANCESA</TipoTablaAmortizacion><FormaCobroCredito>DESCROLPAGPATRONO</FormaCobroCredito><EstadoRegistro>CRNUEVO</EstadoRegistro></Registro><Registro NumeroRegistro="5"> <TipoIdentificacionParticipe>CED</TipoIdentificacionParticipe> <IdentificacionParticipe>1709168767</IdentificacionParticipe><NumeroOperacionCredito>CAP27634</NumeroOperacionCredito><TipoCredito>QUIROGRAFARIOS</TipoCredito><EstadoOperacion>NOVADA</EstadoOperacion><NumeroOperacionAnterior>CAP16401</NumeroOperacionAnterior><FechaRenovacion>06/03/2020</FechaRenovacion><Provincia>17</Provincia><Canton>1701</Canton><NumeroCuotasCredito>84</NumeroCuotasCredito><FechaConcesion>06/03/2020</FechaConcesion><FechaVencimiento>31/03/2027</FechaVencimiento><ValorConcedido>15200.00</ValorConcedido><TasaInterezNominal>9.00</TasaInterezNominal><PeriodoGracia>1</PeriodoGracia><Tea>9.00</Tea><PeriodicidadPago>MENSUAL30D</PeriodicidadPago><FrecuenciaRevision>30</FrecuenciaRevision><GarantesGarantias>OPERSOLOGARANTREAL</GarantesGarantias><IdentificacionGarante></IdentificacionGarante><Plazo>2581</Plazo><TipoTablaAmortizacion>FRANCESA</TipoTablaAmortizacion><FormaCobroCredito>DESCROLPAGPATRONO</FormaCobroCredito><EstadoRegistro>CRNUEVO</EstadoRegistro></Registro><Registro NumeroRegistro="6"> <TipoIdentificacionParticipe>CED</TipoIdentificacionParticipe> <IdentificacionParticipe>0906491220</IdentificacionParticipe><NumeroOperacionCredito>CAP27635</NumeroOperacionCredito><TipoCredito>QUIROGRAFARIOS</TipoCredito><EstadoOperacion>NOVADA</EstadoOperacion><NumeroOperacionAnterior>CAP23741</NumeroOperacionAnterior><FechaRenovacion>05/03/2020</FechaRenovacion><Provincia>24</Provincia><Canton>2401</Canton><NumeroCuotasCredito>66</NumeroCuotasCredito><FechaConcesion>05/03/2020</FechaConcesion><FechaVencimiento>30/09/2025</FechaVencimiento><ValorConcedido>8830.00</ValorConcedido><TasaInterezNominal>9.00</TasaInterezNominal><PeriodoGracia>1</PeriodoGracia><Tea>9.00</Tea><PeriodicidadPago>MENSUAL30D</PeriodicidadPago><FrecuenciaRevision>30</FrecuenciaRevision><GarantesGarantias>OPERSOLOGARANTREAL</GarantesGarantias><IdentificacionGarante></IdentificacionGarante><Plazo>2035</Plazo><TipoTablaAmortizacion>FRANCESA</TipoTablaAmortizacion><FormaCobroCredito>DESCROLPAGPATRONO</FormaCobroCredito><EstadoRegistro>CRNUEVO</EstadoRegistro></Registro><Registro NumeroRegistro="7"> <TipoIdentificacionParticipe>CED</TipoIdentificacionParticipe> <IdentificacionParticipe>1705990677</IdentificacionParticipe><NumeroOperacionCredito>CAP27638</NumeroOperacionCredito><TipoCredito>QUIROGRAFARIOS</TipoCredito><EstadoOperacion>NOVADA</EstadoOperacion><NumeroOperacionAnterior>CAP26421</NumeroOperacionAnterior><FechaRenovacion>06/03/2020</FechaRenovacion><Provincia>17</Provincia><Canton>1701</Canton><NumeroCuotasCredito>84</NumeroCuotasCredito><FechaConcesion>06/03/2020</FechaConcesion><FechaVencimiento>31/03/2027</FechaVencimiento><ValorConcedido>17470.00</ValorConcedido><TasaInterezNominal>9.00</TasaInterezNominal><PeriodoGracia>1</PeriodoGracia><Tea>9.00</Tea><PeriodicidadPago>MENSUAL30D</PeriodicidadPago><FrecuenciaRevision>30</FrecuenciaRevision><GarantesGarantias>OPERSOLOGARANTREAL</GarantesGarantias><IdentificacionGarante></IdentificacionGarante><Plazo>2581</Plazo><TipoTablaAmortizacion>FRANCESA</TipoTablaAmortizacion><FormaCobroCredito>DESCROLPAGPATRONO</FormaCobroCredito><EstadoRegistro>CRNUEVO</EstadoRegistro></Registro><Registro NumeroRegistro="8"> <TipoIdentificacionParticipe>CED</TipoIdentificacionParticipe> <IdentificacionParticipe>0909339392</IdentificacionParticipe><NumeroOperacionCredito>CAP27641</NumeroOperacionCredito><TipoCredito>QUIROGRAFARIOS</TipoCredito><EstadoOperacion>NOVADA</EstadoOperacion><NumeroOperacionAnterior>CAP26390</NumeroOperacionAnterior><FechaRenovacion>05/03/2020</FechaRenovacion><Provincia>24</Provincia><Canton>2401</Canton><NumeroCuotasCredito>84</NumeroCuotasCredito><FechaConcesion>05/03/2020</FechaConcesion><FechaVencimiento>31/03/2027</FechaVencimiento><ValorConcedido>24400.00</ValorConcedido><TasaInterezNominal>9.00</TasaInterezNominal><PeriodoGracia>1</PeriodoGracia><Tea>9.00</Tea><PeriodicidadPago>MENSUAL30D</PeriodicidadPago><FrecuenciaRevision>30</FrecuenciaRevision><GarantesGarantias>OPERSOLOGARANTREAL</GarantesGarantias><IdentificacionGarante></IdentificacionGarante><Plazo>2582</Plazo><TipoTablaAmortizacion>FRANCESA</TipoTablaAmortizacion><FormaCobroCredito>DESCROLPAGPATRONO</FormaCobroCredito><EstadoRegistro>CRNUEVO</EstadoRegistro></Registro><Registro NumeroRegistro="9"> <TipoIdentificacionParticipe>CED</TipoIdentificacionParticipe> <IdentificacionParticipe>0917027252</IdentificacionParticipe><NumeroOperacionCredito>CAP27642</NumeroOperacionCredito><TipoCredito>QUIROGRAFARIOS</TipoCredito><EstadoOperacion>NOVADA</EstadoOperacion><NumeroOperacionAnterior>CAP24607</NumeroOperacionAnterior><FechaRenovacion>05/03/2020</FechaRenovacion><Provincia>09</Provincia><Canton>0901</Canton><NumeroCuotasCredito>36</NumeroCuotasCredito><FechaConcesion>05/03/2020</FechaConcesion><FechaVencimiento>31/03/2023</FechaVencimiento><ValorConcedido>2160.00</ValorConcedido><TasaInterezNominal>9.00</TasaInterezNominal><PeriodoGracia>1</PeriodoGracia><Tea>9.00</Tea><PeriodicidadPago>MENSUAL30D</PeriodicidadPago><FrecuenciaRevision>30</FrecuenciaRevision><GarantesGarantias>OPERSOLOGARANTREAL</GarantesGarantias><IdentificacionGarante></IdentificacionGarante><Plazo>1121</Plazo><TipoTablaAmortizacion>FRANCESA</TipoTablaAmortizacion><FormaCobroCredito>DESCROLPAGPATRONO</FormaCobroCredito><EstadoRegistro>CRNUEVO</EstadoRegistro></Registro><Registro NumeroRegistro="10"> <TipoIdentificacionParticipe>CED</TipoIdentificacionParticipe> <IdentificacionParticipe>1500230337</IdentificacionParticipe><NumeroOperacionCredito>CAP27646</NumeroOperacionCredito><TipoCredito>QUIROGRAFARIOS</TipoCredito><EstadoOperacion>NOVADA</EstadoOperacion><NumeroOperacionAnterior>CAP25985</NumeroOperacionAnterior><FechaRenovacion>05/03/2020</FechaRenovacion><Provincia>09</Provincia><Canton>0901</Canton><NumeroCuotasCredito>72</NumeroCuotasCredito><FechaConcesion>05/03/2020</FechaConcesion><FechaVencimiento>31/03/2026</FechaVencimiento><ValorConcedido>11860.00</ValorConcedido><TasaInterezNominal>9.00</TasaInterezNominal><PeriodoGracia>1</PeriodoGracia><Tea>9.00</Tea><PeriodicidadPago>MENSUAL30D</PeriodicidadPago><FrecuenciaRevision>30</FrecuenciaRevision><GarantesGarantias>OPERSOLOGARANTREAL</GarantesGarantias><IdentificacionGarante></IdentificacionGarante><Plazo>2217</Plazo><TipoTablaAmortizacion>FRANCESA</TipoTablaAmortizacion><FormaCobroCredito>DESCROLPAGPATRONO</FormaCobroCredito><EstadoRegistro>CRNUEVO</EstadoRegistro></Registro><Registro NumeroRegistro="11"> <TipoIdentificacionParticipe>CED</TipoIdentificacionParticipe> <IdentificacionParticipe>0918137233</IdentificacionParticipe><NumeroOperacionCredito>CAP27648</NumeroOperacionCredito><TipoCredito>QUIROGRAFARIOS</TipoCredito><EstadoOperacion>NOVADA</EstadoOperacion><NumeroOperacionAnterior>CAP25230</NumeroOperacionAnterior><FechaRenovacion>05/03/2020</FechaRenovacion><Provincia>09</Provincia><Canton>0901</Canton><NumeroCuotasCredito>78</NumeroCuotasCredito><FechaConcesion>05/03/2020</FechaConcesion><FechaVencimiento>30/09/2026</FechaVencimiento><ValorConcedido>13010.00</ValorConcedido><TasaInterezNominal>9.00</TasaInterezNominal><PeriodoGracia>1</PeriodoGracia><Tea>9.00</Tea><PeriodicidadPago>MENSUAL30D</PeriodicidadPago><FrecuenciaRevision>30</FrecuenciaRevision><GarantesGarantias>OPERSOLOGARANTREAL</GarantesGarantias><IdentificacionGarante></IdentificacionGarante><Plazo>2400</Plazo><TipoTablaAmortizacion>FRANCESA</TipoTablaAmortizacion><FormaCobroCredito>DESCROLPAGPATRONO</FormaCobroCredito><EstadoRegistro>CRNUEVO</EstadoRegistro></Registro><Registro NumeroRegistro="12"> <TipoIdentificacionParticipe>CED</TipoIdentificacionParticipe> <IdentificacionParticipe>0602584708</IdentificacionParticipe><NumeroOperacionCredito>CAP27651</NumeroOperacionCredito><TipoCredito>QUIROGRAFARIOS</TipoCredito><EstadoOperacion>NOVADA</EstadoOperacion><NumeroOperacionAnterior>CAP26483</NumeroOperacionAnterior><FechaRenovacion>06/03/2020</FechaRenovacion><Provincia>17</Provincia><Canton>1701</Canton><NumeroCuotasCredito>84</NumeroCuotasCredito><FechaConcesion>06/03/2020</FechaConcesion><FechaVencimiento>31/05/2027</FechaVencimiento><ValorConcedido>17300.00</ValorConcedido><TasaInterezNominal>9.00</TasaInterezNominal><PeriodoGracia>1</PeriodoGracia><Tea>9.00</Tea><PeriodicidadPago>MENSUAL30D</PeriodicidadPago><FrecuenciaRevision>30</FrecuenciaRevision><GarantesGarantias>OPERSOLOGARANTREAL</GarantesGarantias><IdentificacionGarante></IdentificacionGarante><Plazo>2642</Plazo><TipoTablaAmortizacion>FRANCESA</TipoTablaAmortizacion><FormaCobroCredito>DESCROLPAGPATRONO</FormaCobroCredito><EstadoRegistro>CRNUEVO</EstadoRegistro></Registro><Registro NumeroRegistro="13"> <TipoIdentificacionParticipe>CED</TipoIdentificacionParticipe> <IdentificacionParticipe>1714093000</IdentificacionParticipe><NumeroOperacionCredito>CAP27656</NumeroOperacionCredito><TipoCredito>QUIROGRAFARIOS</TipoCredito><EstadoOperacion>NOVADA</EstadoOperacion><NumeroOperacionAnterior>CAP16358</NumeroOperacionAnterior><FechaRenovacion>06/03/2020</FechaRenovacion><Provincia>17</Provincia><Canton>1701</Canton><NumeroCuotasCredito>84</NumeroCuotasCredito><FechaConcesion>06/03/2020</FechaConcesion><FechaVencimiento>30/04/2027</FechaVencimiento><ValorConcedido>21750.00</ValorConcedido><TasaInterezNominal>9.00</TasaInterezNominal><PeriodoGracia>1</PeriodoGracia><Tea>9.00</Tea><PeriodicidadPago>MENSUAL30D</PeriodicidadPago><FrecuenciaRevision>30</FrecuenciaRevision><GarantesGarantias>OPERSOLOGARANTREAL</GarantesGarantias><IdentificacionGarante></IdentificacionGarante><Plazo>2611</Plazo><TipoTablaAmortizacion>FRANCESA</TipoTablaAmortizacion><FormaCobroCredito>DESCROLPAGPATRONO</FormaCobroCredito><EstadoRegistro>CRNUEVO</EstadoRegistro></Registro><Registro NumeroRegistro="14"> <TipoIdentificacionParticipe>CED</TipoIdentificacionParticipe> <IdentificacionParticipe>0918426586</IdentificacionParticipe><NumeroOperacionCredito>CAP27664</NumeroOperacionCredito><TipoCredito>QUIROGRAFARIOS</TipoCredito><EstadoOperacion>NOVADA</EstadoOperacion><NumeroOperacionAnterior>CAP24243</NumeroOperacionAnterior><FechaRenovacion>05/03/2020</FechaRenovacion><Provincia>09</Provincia><Canton>0901</Canton><NumeroCuotasCredito>33</NumeroCuotasCredito><FechaConcesion>05/03/2020</FechaConcesion><FechaVencimiento>31/12/2022</FechaVencimiento><ValorConcedido>1910.00</ValorConcedido><TasaInterezNominal>9.00</TasaInterezNominal><PeriodoGracia>1</PeriodoGracia><Tea>9.00</Tea><PeriodicidadPago>MENSUAL30D</PeriodicidadPago><FrecuenciaRevision>30</FrecuenciaRevision><GarantesGarantias>OPERSOLOGARANTREAL</GarantesGarantias><IdentificacionGarante></IdentificacionGarante><Plazo>1031</Plazo><TipoTablaAmortizacion>FRANCESA</TipoTablaAmortizacion><FormaCobroCredito>DESCROLPAGPATRONO</FormaCobroCredito><EstadoRegistro>CRNUEVO</EstadoRegistro></Registro><Registro NumeroRegistro="15"> <TipoIdentificacionParticipe>CED</TipoIdentificacionParticipe> <IdentificacionParticipe>0919234138</IdentificacionParticipe><NumeroOperacionCredito>CAP27672</NumeroOperacionCredito><TipoCredito>QUIROGRAFARIOS</TipoCredito><EstadoOperacion>NOVADA</EstadoOperacion><NumeroOperacionAnterior>CAP24466</NumeroOperacionAnterior><FechaRenovacion>05/03/2020</FechaRenovacion><Provincia>09</Provincia><Canton>0901</Canton><NumeroCuotasCredito>72</NumeroCuotasCredito><FechaConcesion>05/03/2020</FechaConcesion><FechaVencimiento>31/03/2026</FechaVencimiento><ValorConcedido>11500.00</ValorConcedido><TasaInterezNominal>9.00</TasaInterezNominal><PeriodoGracia>1</PeriodoGracia><Tea>9.00</Tea><PeriodicidadPago>MENSUAL30D</PeriodicidadPago><FrecuenciaRevision>30</FrecuenciaRevision><GarantesGarantias>OPERSOLOGARANTREAL</GarantesGarantias><IdentificacionGarante></IdentificacionGarante><Plazo>2217</Plazo><TipoTablaAmortizacion>FRANCESA</TipoTablaAmortizacion><FormaCobroCredito>DESCROLPAGPATRONO</FormaCobroCredito><EstadoRegistro>CRNUEVO</EstadoRegistro></Registro><Registro NumeroRegistro="16"> <TipoIdentificacionParticipe>CED</TipoIdentificacionParticipe> <IdentificacionParticipe>0601929599</IdentificacionParticipe><NumeroOperacionCredito>CAP27673</NumeroOperacionCredito><TipoCredito>QUIROGRAFARIOS</TipoCredito><EstadoOperacion>ORIGINAL</EstadoOperacion><NumeroOperacionAnterior>0</NumeroOperacionAnterior><FechaRenovacion></FechaRenovacion><Provincia>17</Provincia><Canton>1701</Canton><NumeroCuotasCredito>18</NumeroCuotasCredito><FechaConcesion>06/03/2020</FechaConcesion><FechaVencimiento>30/09/2021</FechaVencimiento><ValorConcedido>870.00</ValorConcedido><TasaInterezNominal>12.00</TasaInterezNominal><PeriodoGracia>1</PeriodoGracia><Tea>12.00</Tea><PeriodicidadPago>MENSUAL30D</PeriodicidadPago><FrecuenciaRevision>30</FrecuenciaRevision><GarantesGarantias>OPERSOLOGARANTREAL</GarantesGarantias><IdentificacionGarante></IdentificacionGarante><Plazo>573</Plazo><TipoTablaAmortizacion>FRANCESA</TipoTablaAmortizacion><FormaCobroCredito>DESCROLPAGPATRONO</FormaCobroCredito><EstadoRegistro>CRNUEVO</EstadoRegistro></Registro><Registro NumeroRegistro="17"> <TipoIdentificacionParticipe>CED</TipoIdentificacionParticipe> <IdentificacionParticipe>1708156490</IdentificacionParticipe><NumeroOperacionCredito>CAP27678</NumeroOperacionCredito><TipoCredito>QUIROGRAFARIOS</TipoCredito><EstadoOperacion>NOVADA</EstadoOperacion><NumeroOperacionAnterior>CAP25651</NumeroOperacionAnterior><FechaRenovacion>06/03/2020</FechaRenovacion><Provincia>17</Provincia><Canton>1701</Canton><NumeroCuotasCredito>78</NumeroCuotasCredito><FechaConcesion>06/03/2020</FechaConcesion><FechaVencimiento>30/09/2026</FechaVencimiento><ValorConcedido>13000.00</ValorConcedido><TasaInterezNominal>9.00</TasaInterezNominal><PeriodoGracia>1</PeriodoGracia><Tea>9.00</Tea><PeriodicidadPago>MENSUAL30D</PeriodicidadPago><FrecuenciaRevision>30</FrecuenciaRevision><GarantesGarantias>OPERSOLOGARANTREAL</GarantesGarantias><IdentificacionGarante></IdentificacionGarante><Plazo>2399</Plazo><TipoTablaAmortizacion>FRANCESA</TipoTablaAmortizacion><FormaCobroCredito>DESCROLPAGPATRONO</FormaCobroCredito><EstadoRegistro>CRNUEVO</EstadoRegistro></Registro><Registro NumeroRegistro="18"> <TipoIdentificacionParticipe>CED</TipoIdentificacionParticipe> <IdentificacionParticipe>0602204430</IdentificacionParticipe><NumeroOperacionCredito>CAP27679</NumeroOperacionCredito><TipoCredito>QUIROGRAFARIOS</TipoCredito><EstadoOperacion>ORIGINAL</EstadoOperacion><NumeroOperacionAnterior>0</NumeroOperacionAnterior><FechaRenovacion></FechaRenovacion><Provincia>17</Provincia><Canton>1701</Canton><NumeroCuotasCredito>30</NumeroCuotasCredito><FechaConcesion>06/03/2020</FechaConcesion><FechaVencimiento>30/09/2022</FechaVencimiento><ValorConcedido>1700.00</ValorConcedido><TasaInterezNominal>9.00</TasaInterezNominal><PeriodoGracia>1</PeriodoGracia><Tea>9.00</Tea><PeriodicidadPago>MENSUAL30D</PeriodicidadPago><FrecuenciaRevision>30</FrecuenciaRevision><GarantesGarantias>OPERSOLOGARANTREAL</GarantesGarantias><IdentificacionGarante></IdentificacionGarante><Plazo>938</Plazo><TipoTablaAmortizacion>FRANCESA</TipoTablaAmortizacion><FormaCobroCredito>DESCROLPAGPATRONO</FormaCobroCredito><EstadoRegistro>CRNUEVO</EstadoRegistro></Registro><Registro NumeroRegistro="19"> <TipoIdentificacionParticipe>CED</TipoIdentificacionParticipe> <IdentificacionParticipe>1711249571</IdentificacionParticipe><NumeroOperacionCredito>CAP27681</NumeroOperacionCredito><TipoCredito>QUIROGRAFARIOS</TipoCredito><EstadoOperacion>NOVADA</EstadoOperacion><NumeroOperacionAnterior>CAP24808</NumeroOperacionAnterior><FechaRenovacion>06/03/2020</FechaRenovacion><Provincia>17</Provincia><Canton>1701</Canton><NumeroCuotasCredito>36</NumeroCuotasCredito><FechaConcesion>06/03/2020</FechaConcesion><FechaVencimiento>31/03/2023</FechaVencimiento><ValorConcedido>2600.00</ValorConcedido><TasaInterezNominal>9.00</TasaInterezNominal><PeriodoGracia>1</PeriodoGracia><Tea>9.00</Tea><PeriodicidadPago>MENSUAL30D</PeriodicidadPago><FrecuenciaRevision>30</FrecuenciaRevision><GarantesGarantias>OPERSOLOGARANTREAL</GarantesGarantias><IdentificacionGarante></IdentificacionGarante><Plazo>1120</Plazo><TipoTablaAmortizacion>FRANCESA</TipoTablaAmortizacion><FormaCobroCredito>DESCROLPAGPATRONO</FormaCobroCredito><EstadoRegistro>CRNUEVO</EstadoRegistro></Registro><Registro NumeroRegistro="20"> <TipoIdentificacionParticipe>CED</TipoIdentificacionParticipe> <IdentificacionParticipe>0701672149</IdentificacionParticipe><NumeroOperacionCredito>CAP27683</NumeroOperacionCredito><TipoCredito>QUIROGRAFARIOS</TipoCredito><EstadoOperacion>NOVADA</EstadoOperacion><NumeroOperacionAnterior>CAP19588</NumeroOperacionAnterior><FechaRenovacion>10/03/2020</FechaRenovacion><Provincia>07</Provincia><Canton>0701</Canton><NumeroCuotasCredito>84</NumeroCuotasCredito><FechaConcesion>10/03/2020</FechaConcesion><FechaVencimiento>31/03/2027</FechaVencimiento><ValorConcedido>26000.00</ValorConcedido><TasaInterezNominal>9.00</TasaInterezNominal><PeriodoGracia>1</PeriodoGracia><Tea>9.00</Tea><PeriodicidadPago>MENSUAL30D</PeriodicidadPago><FrecuenciaRevision>30</FrecuenciaRevision><GarantesGarantias>OPERSOLOGARANTREAL</GarantesGarantias><IdentificacionGarante></IdentificacionGarante><Plazo>2577</Plazo><TipoTablaAmortizacion>FRANCESA</TipoTablaAmortizacion><FormaCobroCredito>DESCROLPAGPATRONO</FormaCobroCredito><EstadoRegistro>CRNUEVO</EstadoRegistro></Registro><Registro NumeroRegistro="21"> <TipoIdentificacionParticipe>CED</TipoIdentificacionParticipe> <IdentificacionParticipe>0921373833</IdentificacionParticipe><NumeroOperacionCredito>CAP27686</NumeroOperacionCredito><TipoCredito>QUIROGRAFARIOS</TipoCredito><EstadoOperacion>NOVADA</EstadoOperacion><NumeroOperacionAnterior>CAP22747</NumeroOperacionAnterior><FechaRenovacion>10/03/2020</FechaRenovacion><Provincia>09</Provincia><Canton>0901</Canton><NumeroCuotasCredito>45</NumeroCuotasCredito><FechaConcesion>10/03/2020</FechaConcesion><FechaVencimiento>31/12/2023</FechaVencimiento><ValorConcedido>4800.00</ValorConcedido><TasaInterezNominal>9.00</TasaInterezNominal><PeriodoGracia>1</PeriodoGracia><Tea>9.00</Tea><PeriodicidadPago>MENSUAL30D</PeriodicidadPago><FrecuenciaRevision>30</FrecuenciaRevision><GarantesGarantias>OPERSOLOGARANTREAL</GarantesGarantias><IdentificacionGarante></IdentificacionGarante><Plazo>1391</Plazo><TipoTablaAmortizacion>FRANCESA</TipoTablaAmortizacion><FormaCobroCredito>DESCROLPAGPATRONO</FormaCobroCredito><EstadoRegistro>CRNUEVO</EstadoRegistro></Registro><Registro NumeroRegistro="22"> <TipoIdentificacionParticipe>CED</TipoIdentificacionParticipe> <IdentificacionParticipe>0912677887</IdentificacionParticipe><NumeroOperacionCredito>CAP27687</NumeroOperacionCredito><TipoCredito>QUIROGRAFARIOS</TipoCredito><EstadoOperacion>NOVADA</EstadoOperacion><NumeroOperacionAnterior>CAP26077</NumeroOperacionAnterior><FechaRenovacion>10/03/2020</FechaRenovacion><Provincia>09</Provincia><Canton>0901</Canton><NumeroCuotasCredito>48</NumeroCuotasCredito><FechaConcesion>10/03/2020</FechaConcesion><FechaVencimiento>31/03/2024</FechaVencimiento><ValorConcedido>5630.00</ValorConcedido><TasaInterezNominal>9.00</TasaInterezNominal><PeriodoGracia>1</PeriodoGracia><Tea>9.00</Tea><PeriodicidadPago>MENSUAL30D</PeriodicidadPago><FrecuenciaRevision>30</FrecuenciaRevision><GarantesGarantias>OPERSOLOGARANTREAL</GarantesGarantias><IdentificacionGarante></IdentificacionGarante><Plazo>1482</Plazo><TipoTablaAmortizacion>FRANCESA</TipoTablaAmortizacion><FormaCobroCredito>DESCROLPAGPATRONO</FormaCobroCredito><EstadoRegistro>CRNUEVO</EstadoRegistro></Registro><Registro NumeroRegistro="23"> <TipoIdentificacionParticipe>CED</TipoIdentificacionParticipe> <IdentificacionParticipe>1719704494</IdentificacionParticipe><NumeroOperacionCredito>CAP27688</NumeroOperacionCredito><TipoCredito>QUIROGRAFARIOS</TipoCredito><EstadoOperacion>ORIGINAL</EstadoOperacion><NumeroOperacionAnterior>0</NumeroOperacionAnterior><FechaRenovacion></FechaRenovacion><Provincia>17</Provincia><Canton>1701</Canton><NumeroCuotasCredito>39</NumeroCuotasCredito><FechaConcesion>09/03/2020</FechaConcesion><FechaVencimiento>30/06/2023</FechaVencimiento><ValorConcedido>3600.00</ValorConcedido><TasaInterezNominal>9.00</TasaInterezNominal><PeriodoGracia>1</PeriodoGracia><Tea>9.00</Tea><PeriodicidadPago>MENSUAL30D</PeriodicidadPago><FrecuenciaRevision>30</FrecuenciaRevision><GarantesGarantias>OPERGARANTYGARANTIAREAL</GarantesGarantias><IdentificacionGarante>0501209324</IdentificacionGarante><Plazo>1208</Plazo><TipoTablaAmortizacion>FRANCESA</TipoTablaAmortizacion><FormaCobroCredito>DESCROLPAGPATRONO</FormaCobroCredito><EstadoRegistro>CRNUEVO</EstadoRegistro></Registro><Registro NumeroRegistro="24"> <TipoIdentificacionParticipe>CED</TipoIdentificacionParticipe> <IdentificacionParticipe>0917799611</IdentificacionParticipe><NumeroOperacionCredito>CAP27693</NumeroOperacionCredito><TipoCredito>QUIROGRAFARIOS</TipoCredito><EstadoOperacion>ORIGINAL</EstadoOperacion><NumeroOperacionAnterior>0</NumeroOperacionAnterior><FechaRenovacion></FechaRenovacion><Provincia>24</Provincia><Canton>2401</Canton><NumeroCuotasCredito>24</NumeroCuotasCredito><FechaConcesion>09/03/2020</FechaConcesion><FechaVencimiento>31/05/2022</FechaVencimiento><ValorConcedido>1270.00</ValorConcedido><TasaInterezNominal>9.00</TasaInterezNominal><PeriodoGracia>1</PeriodoGracia><Tea>9.00</Tea><PeriodicidadPago>MENSUAL30D</PeriodicidadPago><FrecuenciaRevision>30</FrecuenciaRevision><GarantesGarantias>OPERSOLOGARANTREAL</GarantesGarantias><IdentificacionGarante></IdentificacionGarante><Plazo>813</Plazo><TipoTablaAmortizacion>FRANCESA</TipoTablaAmortizacion><FormaCobroCredito>DESCROLPAGPATRONO</FormaCobroCredito><EstadoRegistro>CRNUEVO</EstadoRegistro></Registro><Registro NumeroRegistro="25"> <TipoIdentificacionParticipe>CED</TipoIdentificacionParticipe> <IdentificacionParticipe>1102022603</IdentificacionParticipe><NumeroOperacionCredito>CAP27694</NumeroOperacionCredito><TipoCredito>QUIROGRAFARIOS</TipoCredito><EstadoOperacion>NOVADA</EstadoOperacion><NumeroOperacionAnterior>CAP23965</NumeroOperacionAnterior><FechaRenovacion>16/03/2020</FechaRenovacion><Provincia>05</Provincia><Canton>0501</Canton><NumeroCuotasCredito>69</NumeroCuotasCredito><FechaConcesion>16/03/2020</FechaConcesion><FechaVencimiento>31/12/2025</FechaVencimiento><ValorConcedido>9340.00</ValorConcedido><TasaInterezNominal>9.00</TasaInterezNominal><PeriodoGracia>1</PeriodoGracia><Tea>9.00</Tea><PeriodicidadPago>MENSUAL30D</PeriodicidadPago><FrecuenciaRevision>30</FrecuenciaRevision><GarantesGarantias>OPERSOLOGARANTREAL</GarantesGarantias><IdentificacionGarante></IdentificacionGarante><Plazo>2116</Plazo><TipoTablaAmortizacion>FRANCESA</TipoTablaAmortizacion><FormaCobroCredito>DESCROLPAGPATRONO</FormaCobroCredito><EstadoRegistro>CRNUEVO</EstadoRegistro></Registro><Registro NumeroRegistro="26"> <TipoIdentificacionParticipe>CED</TipoIdentificacionParticipe> <IdentificacionParticipe>1708026008</IdentificacionParticipe><NumeroOperacionCredito>CAP27695</NumeroOperacionCredito><TipoCredito>QUIROGRAFARIOS</TipoCredito><EstadoOperacion>NOVADA</EstadoOperacion><NumeroOperacionAnterior>CAP25962</NumeroOperacionAnterior><FechaRenovacion>10/03/2020</FechaRenovacion><Provincia>17</Provincia><Canton>1701</Canton><NumeroCuotasCredito>84</NumeroCuotasCredito><FechaConcesion>10/03/2020</FechaConcesion><FechaVencimiento>30/04/2027</FechaVencimiento><ValorConcedido>19800.00</ValorConcedido><TasaInterezNominal>9.00</TasaInterezNominal><PeriodoGracia>1</PeriodoGracia><Tea>9.00</Tea><PeriodicidadPago>MENSUAL30D</PeriodicidadPago><FrecuenciaRevision>30</FrecuenciaRevision><GarantesGarantias>OPERSOLOGARANTREAL</GarantesGarantias><IdentificacionGarante></IdentificacionGarante><Plazo>2607</Plazo><TipoTablaAmortizacion>FRANCESA</TipoTablaAmortizacion><FormaCobroCredito>DESCROLPAGPATRONO</FormaCobroCredito><EstadoRegistro>CRNUEVO</EstadoRegistro></Registro><Registro NumeroRegistro="27"> <TipoIdentificacionParticipe>CED</TipoIdentificacionParticipe> <IdentificacionParticipe>0920596822</IdentificacionParticipe><NumeroOperacionCredito>CAP27696</NumeroOperacionCredito><TipoCredito>QUIROGRAFARIOS</TipoCredito><EstadoOperacion>NOVADA</EstadoOperacion><NumeroOperacionAnterior>CAP24218</NumeroOperacionAnterior><FechaRenovacion>10/03/2020</FechaRenovacion><Provincia>09</Provincia><Canton>0901</Canton><NumeroCuotasCredito>48</NumeroCuotasCredito><FechaConcesion>10/03/2020</FechaConcesion><FechaVencimiento>31/03/2024</FechaVencimiento><ValorConcedido>5490.00</ValorConcedido><TasaInterezNominal>9.00</TasaInterezNominal><PeriodoGracia>1</PeriodoGracia><Tea>9.00</Tea><PeriodicidadPago>MENSUAL30D</PeriodicidadPago><FrecuenciaRevision>30</FrecuenciaRevision><GarantesGarantias>OPERSOLOGARANTREAL</GarantesGarantias><IdentificacionGarante></IdentificacionGarante><Plazo>1482</Plazo><TipoTablaAmortizacion>FRANCESA</TipoTablaAmortizacion><FormaCobroCredito>DESCROLPAGPATRONO</FormaCobroCredito><EstadoRegistro>CRNUEVO</EstadoRegistro></Registro><Registro NumeroRegistro="28"> <TipoIdentificacionParticipe>CED</TipoIdentificacionParticipe> <IdentificacionParticipe>0914622527</IdentificacionParticipe><NumeroOperacionCredito>CAP27700</NumeroOperacionCredito><TipoCredito>QUIROGRAFARIOS</TipoCredito><EstadoOperacion>NOVADA</EstadoOperacion><NumeroOperacionAnterior>CAP22452</NumeroOperacionAnterior><FechaRenovacion>10/03/2020</FechaRenovacion><Provincia>09</Provincia><Canton>0901</Canton><NumeroCuotasCredito>36</NumeroCuotasCredito><FechaConcesion>10/03/2020</FechaConcesion><FechaVencimiento>31/03/2023</FechaVencimiento><ValorConcedido>5700.00</ValorConcedido><TasaInterezNominal>9.00</TasaInterezNominal><PeriodoGracia>1</PeriodoGracia><Tea>9.00</Tea><PeriodicidadPago>MENSUAL30D</PeriodicidadPago><FrecuenciaRevision>30</FrecuenciaRevision><GarantesGarantias>OPERSOLOGARANTREAL</GarantesGarantias><IdentificacionGarante></IdentificacionGarante><Plazo>1116</Plazo><TipoTablaAmortizacion>FRANCESA</TipoTablaAmortizacion><FormaCobroCredito>DESCROLPAGPATRONO</FormaCobroCredito><EstadoRegistro>CRNUEVO</EstadoRegistro></Registro><Registro NumeroRegistro="29"> <TipoIdentificacionParticipe>CED</TipoIdentificacionParticipe> <IdentificacionParticipe>1708454911</IdentificacionParticipe><NumeroOperacionCredito>CAP27703</NumeroOperacionCredito><TipoCredito>QUIROGRAFARIOS</TipoCredito><EstadoOperacion>NOVADA</EstadoOperacion><NumeroOperacionAnterior>CAP22249</NumeroOperacionAnterior><FechaRenovacion>09/03/2020</FechaRenovacion><Provincia>17</Provincia><Canton>1701</Canton><NumeroCuotasCredito>84</NumeroCuotasCredito><FechaConcesion>09/03/2020</FechaConcesion><FechaVencimiento>31/03/2027</FechaVencimiento><ValorConcedido>18600.00</ValorConcedido><TasaInterezNominal>9.00</TasaInterezNominal><PeriodoGracia>1</PeriodoGracia><Tea>9.00</Tea><PeriodicidadPago>MENSUAL30D</PeriodicidadPago><FrecuenciaRevision>30</FrecuenciaRevision><GarantesGarantias>OPERSOLOGARANTREAL</GarantesGarantias><IdentificacionGarante></IdentificacionGarante><Plazo>2578</Plazo><TipoTablaAmortizacion>FRANCESA</TipoTablaAmortizacion><FormaCobroCredito>DESCROLPAGPATRONO</FormaCobroCredito><EstadoRegistro>CRNUEVO</EstadoRegistro></Registro><Registro NumeroRegistro="30"> <TipoIdentificacionParticipe>CED</TipoIdentificacionParticipe> <IdentificacionParticipe>0909924458</IdentificacionParticipe><NumeroOperacionCredito>CAP27706</NumeroOperacionCredito><TipoCredito>QUIROGRAFARIOS</TipoCredito><EstadoOperacion>NOVADA</EstadoOperacion><NumeroOperacionAnterior>CAP20996</NumeroOperacionAnterior><FechaRenovacion>10/03/2020</FechaRenovacion><Provincia>09</Provincia><Canton>0901</Canton><NumeroCuotasCredito>48</NumeroCuotasCredito><FechaConcesion>10/03/2020</FechaConcesion><FechaVencimiento>31/03/2024</FechaVencimiento><ValorConcedido>5000.00</ValorConcedido><TasaInterezNominal>9.00</TasaInterezNominal><PeriodoGracia>1</PeriodoGracia><Tea>9.00</Tea><PeriodicidadPago>MENSUAL30D</PeriodicidadPago><FrecuenciaRevision>30</FrecuenciaRevision><GarantesGarantias>OPERSOLOGARANTREAL</GarantesGarantias><IdentificacionGarante></IdentificacionGarante><Plazo>1482</Plazo><TipoTablaAmortizacion>FRANCESA</TipoTablaAmortizacion><FormaCobroCredito>DESCROLPAGPATRONO</FormaCobroCredito><EstadoRegistro>CRNUEVO</EstadoRegistro></Registro><Registro NumeroRegistro="31"> <TipoIdentificacionParticipe>CED</TipoIdentificacionParticipe> <IdentificacionParticipe>0909615304</IdentificacionParticipe><NumeroOperacionCredito>CAP27708</NumeroOperacionCredito><TipoCredito>QUIROGRAFARIOS</TipoCredito><EstadoOperacion>NOVADA</EstadoOperacion><NumeroOperacionAnterior>CAP24042</NumeroOperacionAnterior><FechaRenovacion>10/03/2020</FechaRenovacion><Provincia>09</Provincia><Canton>0901</Canton><NumeroCuotasCredito>48</NumeroCuotasCredito><FechaConcesion>10/03/2020</FechaConcesion><FechaVencimiento>31/03/2024</FechaVencimiento><ValorConcedido>5360.00</ValorConcedido><TasaInterezNominal>9.00</TasaInterezNominal><PeriodoGracia>1</PeriodoGracia><Tea>9.00</Tea><PeriodicidadPago>MENSUAL30D</PeriodicidadPago><FrecuenciaRevision>30</FrecuenciaRevision><GarantesGarantias>OPERSOLOGARANTREAL</GarantesGarantias><IdentificacionGarante></IdentificacionGarante><Plazo>1482</Plazo><TipoTablaAmortizacion>FRANCESA</TipoTablaAmortizacion><FormaCobroCredito>DESCROLPAGPATRONO</FormaCobroCredito><EstadoRegistro>CRNUEVO</EstadoRegistro></Registro><Registro NumeroRegistro="32"> <TipoIdentificacionParticipe>CED</TipoIdentificacionParticipe> <IdentificacionParticipe>1307116465</IdentificacionParticipe><NumeroOperacionCredito>CAP27712</NumeroOperacionCredito><TipoCredito>QUIROGRAFARIOS</TipoCredito><EstadoOperacion>NOVADA</EstadoOperacion><NumeroOperacionAnterior>CAP25046</NumeroOperacionAnterior><FechaRenovacion>13/03/2020</FechaRenovacion><Provincia>13</Provincia><Canton>1301</Canton><NumeroCuotasCredito>84</NumeroCuotasCredito><FechaConcesion>13/03/2020</FechaConcesion><FechaVencimiento>31/03/2027</FechaVencimiento><ValorConcedido>20980.00</ValorConcedido><TasaInterezNominal>9.00</TasaInterezNominal><PeriodoGracia>1</PeriodoGracia><Tea>9.00</Tea><PeriodicidadPago>MENSUAL30D</PeriodicidadPago><FrecuenciaRevision>30</FrecuenciaRevision><GarantesGarantias>OPERSOLOGARANTREAL</GarantesGarantias><IdentificacionGarante></IdentificacionGarante><Plazo>2574</Plazo><TipoTablaAmortizacion>FRANCESA</TipoTablaAmortizacion><FormaCobroCredito>DESCROLPAGPATRONO</FormaCobroCredito><EstadoRegistro>CRNUEVO</EstadoRegistro></Registro><Registro NumeroRegistro="33"> <TipoIdentificacionParticipe>CED</TipoIdentificacionParticipe> <IdentificacionParticipe>0801649708</IdentificacionParticipe><NumeroOperacionCredito>CAP27714</NumeroOperacionCredito><TipoCredito>QUIROGRAFARIOS</TipoCredito><EstadoOperacion>NOVADA</EstadoOperacion><NumeroOperacionAnterior>CAP24251</NumeroOperacionAnterior><FechaRenovacion>10/03/2020</FechaRenovacion><Provincia>08</Provincia><Canton>0801</Canton><NumeroCuotasCredito>84</NumeroCuotasCredito><FechaConcesion>10/03/2020</FechaConcesion><FechaVencimiento>31/03/2027</FechaVencimiento><ValorConcedido>16100.00</ValorConcedido><TasaInterezNominal>9.00</TasaInterezNominal><PeriodoGracia>1</PeriodoGracia><Tea>9.00</Tea><PeriodicidadPago>MENSUAL30D</PeriodicidadPago><FrecuenciaRevision>30</FrecuenciaRevision><GarantesGarantias>OPERSOLOGARANTREAL</GarantesGarantias><IdentificacionGarante></IdentificacionGarante><Plazo>2577</Plazo><TipoTablaAmortizacion>FRANCESA</TipoTablaAmortizacion><FormaCobroCredito>DESCROLPAGPATRONO</FormaCobroCredito><EstadoRegistro>CRNUEVO</EstadoRegistro></Registro><Registro NumeroRegistro="34"> <TipoIdentificacionParticipe>CED</TipoIdentificacionParticipe> <IdentificacionParticipe>0201467305</IdentificacionParticipe><NumeroOperacionCredito>CAP27719</NumeroOperacionCredito><TipoCredito>QUIROGRAFARIOS</TipoCredito><EstadoOperacion>NOVADA</EstadoOperacion><NumeroOperacionAnterior>CAP22012</NumeroOperacionAnterior><FechaRenovacion>11/03/2020</FechaRenovacion><Provincia>17</Provincia><Canton>1701</Canton><NumeroCuotasCredito>75</NumeroCuotasCredito><FechaConcesion>11/03/2020</FechaConcesion><FechaVencimiento>30/06/2026</FechaVencimiento><ValorConcedido>12000.00</ValorConcedido><TasaInterezNominal>9.00</TasaInterezNominal><PeriodoGracia>1</PeriodoGracia><Tea>9.00</Tea><PeriodicidadPago>MENSUAL30D</PeriodicidadPago><FrecuenciaRevision>30</FrecuenciaRevision><GarantesGarantias>OPERSOLOGARANTREAL</GarantesGarantias><IdentificacionGarante></IdentificacionGarante><Plazo>2302</Plazo><TipoTablaAmortizacion>FRANCESA</TipoTablaAmortizacion><FormaCobroCredito>DESCROLPAGPATRONO</FormaCobroCredito><EstadoRegistro>CRNUEVO</EstadoRegistro></Registro><Registro NumeroRegistro="35"> <TipoIdentificacionParticipe>CED</TipoIdentificacionParticipe> <IdentificacionParticipe>1307294213</IdentificacionParticipe><NumeroOperacionCredito>CAP27721</NumeroOperacionCredito><TipoCredito>QUIROGRAFARIOS</TipoCredito><EstadoOperacion>NOVADA</EstadoOperacion><NumeroOperacionAnterior>CAP25042</NumeroOperacionAnterior><FechaRenovacion>13/03/2020</FechaRenovacion><Provincia>13</Provincia><Canton>1301</Canton><NumeroCuotasCredito>84</NumeroCuotasCredito><FechaConcesion>13/03/2020</FechaConcesion><FechaVencimiento>31/03/2027</FechaVencimiento><ValorConcedido>18590.00</ValorConcedido><TasaInterezNominal>9.00</TasaInterezNominal><PeriodoGracia>1</PeriodoGracia><Tea>9.00</Tea><PeriodicidadPago>MENSUAL30D</PeriodicidadPago><FrecuenciaRevision>30</FrecuenciaRevision><GarantesGarantias>OPERSOLOGARANTREAL</GarantesGarantias><IdentificacionGarante></IdentificacionGarante><Plazo>2574</Plazo><TipoTablaAmortizacion>FRANCESA</TipoTablaAmortizacion><FormaCobroCredito>DESCROLPAGPATRONO</FormaCobroCredito><EstadoRegistro>CRNUEVO</EstadoRegistro></Registro><Registro NumeroRegistro="36"> <TipoIdentificacionParticipe>CED</TipoIdentificacionParticipe> <IdentificacionParticipe>0904023421</IdentificacionParticipe><NumeroOperacionCredito>CAP27722</NumeroOperacionCredito><TipoCredito>QUIROGRAFARIOS</TipoCredito><EstadoOperacion>NOVADA</EstadoOperacion><NumeroOperacionAnterior>CAP25346</NumeroOperacionAnterior><FechaRenovacion>10/03/2020</FechaRenovacion><Provincia>24</Provincia><Canton>2401</Canton><NumeroCuotasCredito>60</NumeroCuotasCredito><FechaConcesion>10/03/2020</FechaConcesion><FechaVencimiento>31/03/2025</FechaVencimiento><ValorConcedido>15790.00</ValorConcedido><TasaInterezNominal>9.00</TasaInterezNominal><PeriodoGracia>1</PeriodoGracia><Tea>9.00</Tea><PeriodicidadPago>MENSUAL30D</PeriodicidadPago><FrecuenciaRevision>30</FrecuenciaRevision><GarantesGarantias>OPERSOLOGARANTREAL</GarantesGarantias><IdentificacionGarante></IdentificacionGarante><Plazo>1847</Plazo><TipoTablaAmortizacion>FRANCESA</TipoTablaAmortizacion><FormaCobroCredito>DESCROLPAGPATRONO</FormaCobroCredito><EstadoRegistro>CRNUEVO</EstadoRegistro></Registro><Registro NumeroRegistro="37"> <TipoIdentificacionParticipe>CED</TipoIdentificacionParticipe> <IdentificacionParticipe>1710911791</IdentificacionParticipe><NumeroOperacionCredito>CAP27723</NumeroOperacionCredito><TipoCredito>QUIROGRAFARIOS</TipoCredito><EstadoOperacion>ORIGINAL</EstadoOperacion><NumeroOperacionAnterior>0</NumeroOperacionAnterior><FechaRenovacion></FechaRenovacion><Provincia>17</Provincia><Canton>1701</Canton><NumeroCuotasCredito>84</NumeroCuotasCredito><FechaConcesion>11/03/2020</FechaConcesion><FechaVencimiento>31/03/2027</FechaVencimiento><ValorConcedido>37800.00</ValorConcedido><TasaInterezNominal>9.00</TasaInterezNominal><PeriodoGracia>1</PeriodoGracia><Tea>9.00</Tea><PeriodicidadPago>MENSUAL30D</PeriodicidadPago><FrecuenciaRevision>30</FrecuenciaRevision><GarantesGarantias>OPERSOLOGARANTREAL</GarantesGarantias><IdentificacionGarante></IdentificacionGarante><Plazo>2576</Plazo><TipoTablaAmortizacion>FRANCESA</TipoTablaAmortizacion><FormaCobroCredito>DESCROLPAGPATRONO</FormaCobroCredito><EstadoRegistro>CRNUEVO</EstadoRegistro></Registro><Registro NumeroRegistro="38"> <TipoIdentificacionParticipe>CED</TipoIdentificacionParticipe> <IdentificacionParticipe>1711197655</IdentificacionParticipe><NumeroOperacionCredito>CAP27726</NumeroOperacionCredito><TipoCredito>QUIROGRAFARIOS</TipoCredito><EstadoOperacion>NOVADA</EstadoOperacion><NumeroOperacionAnterior>CAP26471</NumeroOperacionAnterior><FechaRenovacion>11/03/2020</FechaRenovacion><Provincia>17</Provincia><Canton>1701</Canton><NumeroCuotasCredito>45</NumeroCuotasCredito><FechaConcesion>11/03/2020</FechaConcesion><FechaVencimiento>31/12/2023</FechaVencimiento><ValorConcedido>4440.00</ValorConcedido><TasaInterezNominal>9.00</TasaInterezNominal><PeriodoGracia>1</PeriodoGracia><Tea>9.00</Tea><PeriodicidadPago>MENSUAL30D</PeriodicidadPago><FrecuenciaRevision>30</FrecuenciaRevision><GarantesGarantias>OPERSOLOGARANTREAL</GarantesGarantias><IdentificacionGarante></IdentificacionGarante><Plazo>1390</Plazo><TipoTablaAmortizacion>FRANCESA</TipoTablaAmortizacion><FormaCobroCredito>DESCROLPAGPATRONO</FormaCobroCredito><EstadoRegistro>CRNUEVO</EstadoRegistro></Registro><Registro NumeroRegistro="39"> <TipoIdentificacionParticipe>CED</TipoIdentificacionParticipe> <IdentificacionParticipe>0950876805</IdentificacionParticipe><NumeroOperacionCredito>CAP27730</NumeroOperacionCredito><TipoCredito>QUIROGRAFARIOS</TipoCredito><EstadoOperacion>ORIGINAL</EstadoOperacion><NumeroOperacionAnterior>0</NumeroOperacionAnterior><FechaRenovacion></FechaRenovacion><Provincia>09</Provincia><Canton>0901</Canton><NumeroCuotasCredito>12</NumeroCuotasCredito><FechaConcesion>10/03/2020</FechaConcesion><FechaVencimiento>31/03/2021</FechaVencimiento><ValorConcedido>580.00</ValorConcedido><TasaInterezNominal>12.00</TasaInterezNominal><PeriodoGracia>1</PeriodoGracia><Tea>12.00</Tea><PeriodicidadPago>MENSUAL30D</PeriodicidadPago><FrecuenciaRevision>30</FrecuenciaRevision><GarantesGarantias>OPERSOLOGARANTREAL</GarantesGarantias><IdentificacionGarante></IdentificacionGarante><Plazo>386</Plazo><TipoTablaAmortizacion>FRANCESA</TipoTablaAmortizacion><FormaCobroCredito>DESCROLPAGPATRONO</FormaCobroCredito><EstadoRegistro>CRNUEVO</EstadoRegistro></Registro><Registro NumeroRegistro="40"> <TipoIdentificacionParticipe>CED</TipoIdentificacionParticipe> <IdentificacionParticipe>1304606245</IdentificacionParticipe><NumeroOperacionCredito>CAP27731</NumeroOperacionCredito><TipoCredito>QUIROGRAFARIOS</TipoCredito><EstadoOperacion>NOVADA</EstadoOperacion><NumeroOperacionAnterior>CAP23115</NumeroOperacionAnterior><FechaRenovacion>13/03/2020</FechaRenovacion><Provincia>13</Provincia><Canton>1301</Canton><NumeroCuotasCredito>45</NumeroCuotasCredito><FechaConcesion>13/03/2020</FechaConcesion><FechaVencimiento>31/12/2023</FechaVencimiento><ValorConcedido>4490.00</ValorConcedido><TasaInterezNominal>9.00</TasaInterezNominal><PeriodoGracia>1</PeriodoGracia><Tea>9.00</Tea><PeriodicidadPago>MENSUAL30D</PeriodicidadPago><FrecuenciaRevision>30</FrecuenciaRevision><GarantesGarantias>OPERSOLOGARANTREAL</GarantesGarantias><IdentificacionGarante></IdentificacionGarante><Plazo>1388</Plazo><TipoTablaAmortizacion>FRANCESA</TipoTablaAmortizacion><FormaCobroCredito>DESCROLPAGPATRONO</FormaCobroCredito><EstadoRegistro>CRNUEVO</EstadoRegistro></Registro><Registro NumeroRegistro="41"> <TipoIdentificacionParticipe>CED</TipoIdentificacionParticipe> <IdentificacionParticipe>1710566694</IdentificacionParticipe><NumeroOperacionCredito>CAP27734</NumeroOperacionCredito><TipoCredito>QUIROGRAFARIOS</TipoCredito><EstadoOperacion>NOVADA</EstadoOperacion><NumeroOperacionAnterior>CAP25172</NumeroOperacionAnterior><FechaRenovacion>11/03/2020</FechaRenovacion><Provincia>17</Provincia><Canton>1701</Canton><NumeroCuotasCredito>48</NumeroCuotasCredito><FechaConcesion>11/03/2020</FechaConcesion><FechaVencimiento>31/03/2024</FechaVencimiento><ValorConcedido>5150.00</ValorConcedido><TasaInterezNominal>9.00</TasaInterezNominal><PeriodoGracia>1</PeriodoGracia><Tea>9.00</Tea><PeriodicidadPago>MENSUAL30D</PeriodicidadPago><FrecuenciaRevision>30</FrecuenciaRevision><GarantesGarantias>OPERSOLOGARANTREAL</GarantesGarantias><IdentificacionGarante></IdentificacionGarante><Plazo>1481</Plazo><TipoTablaAmortizacion>FRANCESA</TipoTablaAmortizacion><FormaCobroCredito>DESCROLPAGPATRONO</FormaCobroCredito><EstadoRegistro>CRNUEVO</EstadoRegistro></Registro><Registro NumeroRegistro="42"> <TipoIdentificacionParticipe>CED</TipoIdentificacionParticipe> <IdentificacionParticipe>1500123342</IdentificacionParticipe><NumeroOperacionCredito>CAP27748</NumeroOperacionCredito><TipoCredito>QUIROGRAFARIOS</TipoCredito><EstadoOperacion>NOVADA</EstadoOperacion><NumeroOperacionAnterior>CAP19070</NumeroOperacionAnterior><FechaRenovacion>17/03/2020</FechaRenovacion><Provincia>08</Provincia><Canton>0801</Canton><NumeroCuotasCredito>81</NumeroCuotasCredito><FechaConcesion>17/03/2020</FechaConcesion><FechaVencimiento>31/12/2026</FechaVencimiento><ValorConcedido>14890.00</ValorConcedido><TasaInterezNominal>9.00</TasaInterezNominal><PeriodoGracia>1</PeriodoGracia><Tea>9.00</Tea><PeriodicidadPago>MENSUAL30D</PeriodicidadPago><FrecuenciaRevision>30</FrecuenciaRevision><GarantesGarantias>OPERSOLOGARANTREAL</GarantesGarantias><IdentificacionGarante></IdentificacionGarante><Plazo>2480</Plazo><TipoTablaAmortizacion>FRANCESA</TipoTablaAmortizacion><FormaCobroCredito>DESCROLPAGPATRONO</FormaCobroCredito><EstadoRegistro>CRNUEVO</EstadoRegistro></Registro><Registro NumeroRegistro="43"> <TipoIdentificacionParticipe>CED</TipoIdentificacionParticipe> <IdentificacionParticipe>0704112390</IdentificacionParticipe><NumeroOperacionCredito>CAP27749</NumeroOperacionCredito><TipoCredito>QUIROGRAFARIOS</TipoCredito><EstadoOperacion>ORIGINAL</EstadoOperacion><NumeroOperacionAnterior>0</NumeroOperacionAnterior><FechaRenovacion></FechaRenovacion><Provincia>07</Provincia><Canton>0701</Canton><NumeroCuotasCredito>15</NumeroCuotasCredito><FechaConcesion>13/03/2020</FechaConcesion><FechaVencimiento>30/06/2021</FechaVencimiento><ValorConcedido>690.00</ValorConcedido><TasaInterezNominal>9.00</TasaInterezNominal><PeriodoGracia>1</PeriodoGracia><Tea>9.00</Tea><PeriodicidadPago>MENSUAL30D</PeriodicidadPago><FrecuenciaRevision>30</FrecuenciaRevision><GarantesGarantias>OPERSOLOGARANTREAL</GarantesGarantias><IdentificacionGarante></IdentificacionGarante><Plazo>474</Plazo><TipoTablaAmortizacion>FRANCESA</TipoTablaAmortizacion><FormaCobroCredito>DESCROLPAGPATRONO</FormaCobroCredito><EstadoRegistro>CRNUEVO</EstadoRegistro></Registro><Registro NumeroRegistro="44"> <TipoIdentificacionParticipe>CED</TipoIdentificacionParticipe> <IdentificacionParticipe>1708100720</IdentificacionParticipe><NumeroOperacionCredito>CAP27751</NumeroOperacionCredito><TipoCredito>QUIROGRAFARIOS</TipoCredito><EstadoOperacion>ORIGINAL</EstadoOperacion><NumeroOperacionAnterior>0</NumeroOperacionAnterior><FechaRenovacion></FechaRenovacion><Provincia>17</Provincia><Canton>1701</Canton><NumeroCuotasCredito>48</NumeroCuotasCredito><FechaConcesion>13/03/2020</FechaConcesion><FechaVencimiento>31/03/2024</FechaVencimiento><ValorConcedido>6620.00</ValorConcedido><TasaInterezNominal>12.00</TasaInterezNominal><PeriodoGracia>1</PeriodoGracia><Tea>12.00</Tea><PeriodicidadPago>MENSUAL30D</PeriodicidadPago><FrecuenciaRevision>30</FrecuenciaRevision><GarantesGarantias>OPERSOLOGARANTREAL</GarantesGarantias><IdentificacionGarante></IdentificacionGarante><Plazo>1479</Plazo><TipoTablaAmortizacion>FRANCESA</TipoTablaAmortizacion><FormaCobroCredito>DESCROLPAGPATRONO</FormaCobroCredito><EstadoRegistro>CRNUEVO</EstadoRegistro></Registro><Registro NumeroRegistro="45"> <TipoIdentificacionParticipe>CED</TipoIdentificacionParticipe> <IdentificacionParticipe>1002171153</IdentificacionParticipe><NumeroOperacionCredito>CAP27752</NumeroOperacionCredito><TipoCredito>QUIROGRAFARIOS</TipoCredito><EstadoOperacion>NOVADA</EstadoOperacion><NumeroOperacionAnterior>CAP26014</NumeroOperacionAnterior><FechaRenovacion>16/03/2020</FechaRenovacion><Provincia>17</Provincia><Canton>1701</Canton><NumeroCuotasCredito>72</NumeroCuotasCredito><FechaConcesion>16/03/2020</FechaConcesion><FechaVencimiento>31/03/2026</FechaVencimiento><ValorConcedido>9720.00</ValorConcedido><TasaInterezNominal>9.00</TasaInterezNominal><PeriodoGracia>1</PeriodoGracia><Tea>9.00</Tea><PeriodicidadPago>MENSUAL30D</PeriodicidadPago><FrecuenciaRevision>30</FrecuenciaRevision><GarantesGarantias>OPERSOLOGARANTREAL</GarantesGarantias><IdentificacionGarante></IdentificacionGarante><Plazo>2206</Plazo><TipoTablaAmortizacion>FRANCESA</TipoTablaAmortizacion><FormaCobroCredito>DESCROLPAGPATRONO</FormaCobroCredito><EstadoRegistro>CRNUEVO</EstadoRegistro></Registro><Registro NumeroRegistro="46"> <TipoIdentificacionParticipe>CED</TipoIdentificacionParticipe> <IdentificacionParticipe>0922978424</IdentificacionParticipe><NumeroOperacionCredito>CAP27753</NumeroOperacionCredito><TipoCredito>QUIROGRAFARIOS</TipoCredito><EstadoOperacion>NOVADA</EstadoOperacion><NumeroOperacionAnterior>CAP23325</NumeroOperacionAnterior><FechaRenovacion>12/03/2020</FechaRenovacion><Provincia>09</Provincia><Canton>0901</Canton><NumeroCuotasCredito>30</NumeroCuotasCredito><FechaConcesion>12/03/2020</FechaConcesion><FechaVencimiento>30/09/2022</FechaVencimiento><ValorConcedido>3200.00</ValorConcedido><TasaInterezNominal>9.00</TasaInterezNominal><PeriodoGracia>1</PeriodoGracia><Tea>9.00</Tea><PeriodicidadPago>MENSUAL30D</PeriodicidadPago><FrecuenciaRevision>30</FrecuenciaRevision><GarantesGarantias>OPERSOLOGARANTREAL</GarantesGarantias><IdentificacionGarante></IdentificacionGarante><Plazo>932</Plazo><TipoTablaAmortizacion>FRANCESA</TipoTablaAmortizacion><FormaCobroCredito>DESCROLPAGPATRONO</FormaCobroCredito><EstadoRegistro>CRNUEVO</EstadoRegistro></Registro><Registro NumeroRegistro="47"> <TipoIdentificacionParticipe>CED</TipoIdentificacionParticipe> <IdentificacionParticipe>1707718001</IdentificacionParticipe><NumeroOperacionCredito>CAP27758</NumeroOperacionCredito><TipoCredito>QUIROGRAFARIOS</TipoCredito><EstadoOperacion>NOVADA</EstadoOperacion><NumeroOperacionAnterior>CAP25274</NumeroOperacionAnterior><FechaRenovacion>16/03/2020</FechaRenovacion><Provincia>17</Provincia><Canton>1701</Canton><NumeroCuotasCredito>39</NumeroCuotasCredito><FechaConcesion>16/03/2020</FechaConcesion><FechaVencimiento>30/06/2023</FechaVencimiento><ValorConcedido>3260.00</ValorConcedido><TasaInterezNominal>9.00</TasaInterezNominal><PeriodoGracia>1</PeriodoGracia><Tea>9.00</Tea><PeriodicidadPago>MENSUAL30D</PeriodicidadPago><FrecuenciaRevision>30</FrecuenciaRevision><GarantesGarantias>OPERSOLOGARANTREAL</GarantesGarantias><IdentificacionGarante></IdentificacionGarante><Plazo>1201</Plazo><TipoTablaAmortizacion>FRANCESA</TipoTablaAmortizacion><FormaCobroCredito>DESCROLPAGPATRONO</FormaCobroCredito><EstadoRegistro>CRNUEVO</EstadoRegistro></Registro><Registro NumeroRegistro="48"> <TipoIdentificacionParticipe>CED</TipoIdentificacionParticipe> <IdentificacionParticipe>1307951515</IdentificacionParticipe><NumeroOperacionCredito>CAP27759</NumeroOperacionCredito><TipoCredito>QUIROGRAFARIOS</TipoCredito><EstadoOperacion>NOVADA</EstadoOperacion><NumeroOperacionAnterior>CAP21162</NumeroOperacionAnterior><FechaRenovacion>12/03/2020</FechaRenovacion><Provincia>13</Provincia><Canton>1301</Canton><NumeroCuotasCredito>54</NumeroCuotasCredito><FechaConcesion>12/03/2020</FechaConcesion><FechaVencimiento>30/09/2024</FechaVencimiento><ValorConcedido>6760.00</ValorConcedido><TasaInterezNominal>9.00</TasaInterezNominal><PeriodoGracia>1</PeriodoGracia><Tea>9.00</Tea><PeriodicidadPago>MENSUAL30D</PeriodicidadPago><FrecuenciaRevision>30</FrecuenciaRevision><GarantesGarantias>OPERSOLOGARANTREAL</GarantesGarantias><IdentificacionGarante></IdentificacionGarante><Plazo>1663</Plazo><TipoTablaAmortizacion>FRANCESA</TipoTablaAmortizacion><FormaCobroCredito>DESCROLPAGPATRONO</FormaCobroCredito><EstadoRegistro>CRNUEVO</EstadoRegistro></Registro><Registro NumeroRegistro="49"> <TipoIdentificacionParticipe>CED</TipoIdentificacionParticipe> <IdentificacionParticipe>0602339541</IdentificacionParticipe><NumeroOperacionCredito>CAP27760</NumeroOperacionCredito><TipoCredito>QUIROGRAFARIOS</TipoCredito><EstadoOperacion>NOVADA</EstadoOperacion><NumeroOperacionAnterior>CAP23620</NumeroOperacionAnterior><FechaRenovacion>16/03/2020</FechaRenovacion><Provincia>06</Provincia><Canton>0601</Canton><NumeroCuotasCredito>84</NumeroCuotasCredito><FechaConcesion>16/03/2020</FechaConcesion><FechaVencimiento>31/03/2027</FechaVencimiento><ValorConcedido>20350.00</ValorConcedido><TasaInterezNominal>9.00</TasaInterezNominal><PeriodoGracia>1</PeriodoGracia><Tea>9.00</Tea><PeriodicidadPago>MENSUAL30D</PeriodicidadPago><FrecuenciaRevision>30</FrecuenciaRevision><GarantesGarantias>OPERSOLOGARANTREAL</GarantesGarantias><IdentificacionGarante></IdentificacionGarante><Plazo>2571</Plazo><TipoTablaAmortizacion>FRANCESA</TipoTablaAmortizacion><FormaCobroCredito>DESCROLPAGPATRONO</FormaCobroCredito><EstadoRegistro>CRNUEVO</EstadoRegistro></Registro><Registro NumeroRegistro="50"> <TipoIdentificacionParticipe>CED</TipoIdentificacionParticipe> <IdentificacionParticipe>0908744576</IdentificacionParticipe><NumeroOperacionCredito>CAP27763</NumeroOperacionCredito><TipoCredito>QUIROGRAFARIOS</TipoCredito><EstadoOperacion>NOVADA</EstadoOperacion><NumeroOperacionAnterior>CAP19333</NumeroOperacionAnterior><FechaRenovacion>12/03/2020</FechaRenovacion><Provincia>09</Provincia><Canton>0901</Canton><NumeroCuotasCredito>84</NumeroCuotasCredito><FechaConcesion>12/03/2020</FechaConcesion><FechaVencimiento>31/03/2027</FechaVencimiento><ValorConcedido>26000.00</ValorConcedido><TasaInterezNominal>9.00</TasaInterezNominal><PeriodoGracia>1</PeriodoGracia><Tea>9.00</Tea><PeriodicidadPago>MENSUAL30D</PeriodicidadPago><FrecuenciaRevision>30</FrecuenciaRevision><GarantesGarantias>OPERSOLOGARANTREAL</GarantesGarantias><IdentificacionGarante></IdentificacionGarante><Plazo>2575</Plazo><TipoTablaAmortizacion>FRANCESA</TipoTablaAmortizacion><FormaCobroCredito>DESCROLPAGPATRONO</FormaCobroCredito><EstadoRegistro>CRNUEVO</EstadoRegistro></Registro><Registro NumeroRegistro="51"> <TipoIdentificacionParticipe>CED</TipoIdentificacionParticipe> <IdentificacionParticipe>1706380357</IdentificacionParticipe><NumeroOperacionCredito>CAP27765</NumeroOperacionCredito><TipoCredito>QUIROGRAFARIOS</TipoCredito><EstadoOperacion>NOVADA</EstadoOperacion><NumeroOperacionAnterior>CAP25775</NumeroOperacionAnterior><FechaRenovacion>13/03/2020</FechaRenovacion><Provincia>17</Provincia><Canton>1701</Canton><NumeroCuotasCredito>72</NumeroCuotasCredito><FechaConcesion>13/03/2020</FechaConcesion><FechaVencimiento>31/03/2026</FechaVencimiento><ValorConcedido>11650.00</ValorConcedido><TasaInterezNominal>9.00</TasaInterezNominal><PeriodoGracia>1</PeriodoGracia><Tea>9.00</Tea><PeriodicidadPago>MENSUAL30D</PeriodicidadPago><FrecuenciaRevision>30</FrecuenciaRevision><GarantesGarantias>OPERSOLOGARANTREAL</GarantesGarantias><IdentificacionGarante></IdentificacionGarante><Plazo>2209</Plazo><TipoTablaAmortizacion>FRANCESA</TipoTablaAmortizacion><FormaCobroCredito>DESCROLPAGPATRONO</FormaCobroCredito><EstadoRegistro>CRNUEVO</EstadoRegistro></Registro><Registro NumeroRegistro="52"> <TipoIdentificacionParticipe>CED</TipoIdentificacionParticipe> <IdentificacionParticipe>1713317756</IdentificacionParticipe><NumeroOperacionCredito>CAP27768</NumeroOperacionCredito><TipoCredito>QUIROGRAFARIOS</TipoCredito><EstadoOperacion>NOVADA</EstadoOperacion><NumeroOperacionAnterior>CAP20440</NumeroOperacionAnterior><FechaRenovacion>13/03/2020</FechaRenovacion><Provincia>17</Provincia><Canton>1701</Canton><NumeroCuotasCredito>84</NumeroCuotasCredito><FechaConcesion>13/03/2020</FechaConcesion><FechaVencimiento>31/03/2027</FechaVencimiento><ValorConcedido>15100.00</ValorConcedido><TasaInterezNominal>9.00</TasaInterezNominal><PeriodoGracia>1</PeriodoGracia><Tea>9.00</Tea><PeriodicidadPago>MENSUAL30D</PeriodicidadPago><FrecuenciaRevision>30</FrecuenciaRevision><GarantesGarantias>OPERSOLOGARANTREAL</GarantesGarantias><IdentificacionGarante></IdentificacionGarante><Plazo>2574</Plazo><TipoTablaAmortizacion>FRANCESA</TipoTablaAmortizacion><FormaCobroCredito>DESCROLPAGPATRONO</FormaCobroCredito><EstadoRegistro>CRNUEVO</EstadoRegistro></Registro><Registro NumeroRegistro="53"> <TipoIdentificacionParticipe>CED</TipoIdentificacionParticipe> <IdentificacionParticipe>1600399586</IdentificacionParticipe><NumeroOperacionCredito>CAP27773</NumeroOperacionCredito><TipoCredito>QUIROGRAFARIOS</TipoCredito><EstadoOperacion>NOVADA</EstadoOperacion><NumeroOperacionAnterior>CAP25157</NumeroOperacionAnterior><FechaRenovacion>17/03/2020</FechaRenovacion><Provincia>16</Provincia><Canton>1601</Canton><NumeroCuotasCredito>84</NumeroCuotasCredito><FechaConcesion>17/03/2020</FechaConcesion><FechaVencimiento>31/05/2027</FechaVencimiento><ValorConcedido>17800.00</ValorConcedido><TasaInterezNominal>9.00</TasaInterezNominal><PeriodoGracia>1</PeriodoGracia><Tea>9.00</Tea><PeriodicidadPago>MENSUAL30D</PeriodicidadPago><FrecuenciaRevision>30</FrecuenciaRevision><GarantesGarantias>OPERSOLOGARANTREAL</GarantesGarantias><IdentificacionGarante></IdentificacionGarante><Plazo>2631</Plazo><TipoTablaAmortizacion>FRANCESA</TipoTablaAmortizacion><FormaCobroCredito>DESCROLPAGPATRONO</FormaCobroCredito><EstadoRegistro>CRNUEVO</EstadoRegistro></Registro><Registro NumeroRegistro="54"> <TipoIdentificacionParticipe>CED</TipoIdentificacionParticipe> <IdentificacionParticipe>0501896377</IdentificacionParticipe><NumeroOperacionCredito>CAP27774</NumeroOperacionCredito><TipoCredito>QUIROGRAFARIOS</TipoCredito><EstadoOperacion>NOVADA</EstadoOperacion><NumeroOperacionAnterior>CAP26003</NumeroOperacionAnterior><FechaRenovacion>16/03/2020</FechaRenovacion><Provincia>05</Provincia><Canton>0501</Canton><NumeroCuotasCredito>72</NumeroCuotasCredito><FechaConcesion>16/03/2020</FechaConcesion><FechaVencimiento>31/03/2026</FechaVencimiento><ValorConcedido>11640.00</ValorConcedido><TasaInterezNominal>9.00</TasaInterezNominal><PeriodoGracia>1</PeriodoGracia><Tea>9.00</Tea><PeriodicidadPago>MENSUAL30D</PeriodicidadPago><FrecuenciaRevision>30</FrecuenciaRevision><GarantesGarantias>OPERSOLOGARANTREAL</GarantesGarantias><IdentificacionGarante></IdentificacionGarante><Plazo>2206</Plazo><TipoTablaAmortizacion>FRANCESA</TipoTablaAmortizacion><FormaCobroCredito>DESCROLPAGPATRONO</FormaCobroCredito><EstadoRegistro>CRNUEVO</EstadoRegistro></Registro><Registro NumeroRegistro="55"> <TipoIdentificacionParticipe>CED</TipoIdentificacionParticipe> <IdentificacionParticipe>1716963937</IdentificacionParticipe><NumeroOperacionCredito>CAP27775</NumeroOperacionCredito><TipoCredito>QUIROGRAFARIOS</TipoCredito><EstadoOperacion>NOVADA</EstadoOperacion><NumeroOperacionAnterior>CAP25189</NumeroOperacionAnterior><FechaRenovacion>13/03/2020</FechaRenovacion><Provincia>17</Provincia><Canton>1701</Canton><NumeroCuotasCredito>24</NumeroCuotasCredito><FechaConcesion>13/03/2020</FechaConcesion><FechaVencimiento>30/04/2022</FechaVencimiento><ValorConcedido>5800.00</ValorConcedido><TasaInterezNominal>9.00</TasaInterezNominal><PeriodoGracia>1</PeriodoGracia><Tea>9.00</Tea><PeriodicidadPago>MENSUAL30D</PeriodicidadPago><FrecuenciaRevision>30</FrecuenciaRevision><GarantesGarantias>OPERSOLOGARANTREAL</GarantesGarantias><IdentificacionGarante></IdentificacionGarante><Plazo>778</Plazo><TipoTablaAmortizacion>FRANCESA</TipoTablaAmortizacion><FormaCobroCredito>DESCROLPAGPATRONO</FormaCobroCredito><EstadoRegistro>CRNUEVO</EstadoRegistro></Registro><Registro NumeroRegistro="56"> <TipoIdentificacionParticipe>CED</TipoIdentificacionParticipe> <IdentificacionParticipe>1201762323</IdentificacionParticipe><NumeroOperacionCredito>CAP27778</NumeroOperacionCredito><TipoCredito>QUIROGRAFARIOS</TipoCredito><EstadoOperacion>NOVADA</EstadoOperacion><NumeroOperacionAnterior>CAP25185</NumeroOperacionAnterior><FechaRenovacion>17/03/2020</FechaRenovacion><Provincia>09</Provincia><Canton>0901</Canton><NumeroCuotasCredito>36</NumeroCuotasCredito><FechaConcesion>17/03/2020</FechaConcesion><FechaVencimiento>31/03/2023</FechaVencimiento><ValorConcedido>2300.00</ValorConcedido><TasaInterezNominal>9.00</TasaInterezNominal><PeriodoGracia>1</PeriodoGracia><Tea>9.00</Tea><PeriodicidadPago>MENSUAL30D</PeriodicidadPago><FrecuenciaRevision>30</FrecuenciaRevision><GarantesGarantias>OPERSOLOGARANTREAL</GarantesGarantias><IdentificacionGarante></IdentificacionGarante><Plazo>1109</Plazo><TipoTablaAmortizacion>FRANCESA</TipoTablaAmortizacion><FormaCobroCredito>DESCROLPAGPATRONO</FormaCobroCredito><EstadoRegistro>CRNUEVO</EstadoRegistro></Registro><Registro NumeroRegistro="57"> <TipoIdentificacionParticipe>CED</TipoIdentificacionParticipe> <IdentificacionParticipe>0914799341</IdentificacionParticipe><NumeroOperacionCredito>CAP27783</NumeroOperacionCredito><TipoCredito>QUIROGRAFARIOS</TipoCredito><EstadoOperacion>NOVADA</EstadoOperacion><NumeroOperacionAnterior>CAP23977</NumeroOperacionAnterior><FechaRenovacion>17/03/2020</FechaRenovacion><Provincia>24</Provincia><Canton>2401</Canton><NumeroCuotasCredito>48</NumeroCuotasCredito><FechaConcesion>17/03/2020</FechaConcesion><FechaVencimiento>31/03/2024</FechaVencimiento><ValorConcedido>5760.00</ValorConcedido><TasaInterezNominal>9.00</TasaInterezNominal><PeriodoGracia>1</PeriodoGracia><Tea>9.00</Tea><PeriodicidadPago>MENSUAL30D</PeriodicidadPago><FrecuenciaRevision>30</FrecuenciaRevision><GarantesGarantias>OPERSOLOGARANTREAL</GarantesGarantias><IdentificacionGarante></IdentificacionGarante><Plazo>1475</Plazo><TipoTablaAmortizacion>FRANCESA</TipoTablaAmortizacion><FormaCobroCredito>DESCROLPAGPATRONO</FormaCobroCredito><EstadoRegistro>CRNUEVO</EstadoRegistro></Registro><Registro NumeroRegistro="58"> <TipoIdentificacionParticipe>CED</TipoIdentificacionParticipe> <IdentificacionParticipe>1711411882</IdentificacionParticipe><NumeroOperacionCredito>CAP27787</NumeroOperacionCredito><TipoCredito>QUIROGRAFARIOS</TipoCredito><EstadoOperacion>NOVADA</EstadoOperacion><NumeroOperacionAnterior>CAP16647</NumeroOperacionAnterior><FechaRenovacion>16/03/2020</FechaRenovacion><Provincia>17</Provincia><Canton>1701</Canton><NumeroCuotasCredito>75</NumeroCuotasCredito><FechaConcesion>16/03/2020</FechaConcesion><FechaVencimiento>30/06/2026</FechaVencimiento><ValorConcedido>12400.00</ValorConcedido><TasaInterezNominal>9.00</TasaInterezNominal><PeriodoGracia>1</PeriodoGracia><Tea>9.00</Tea><PeriodicidadPago>MENSUAL30D</PeriodicidadPago><FrecuenciaRevision>30</FrecuenciaRevision><GarantesGarantias>OPERSOLOGARANTREAL</GarantesGarantias><IdentificacionGarante></IdentificacionGarante><Plazo>2297</Plazo><TipoTablaAmortizacion>FRANCESA</TipoTablaAmortizacion><FormaCobroCredito>DESCROLPAGPATRONO</FormaCobroCredito><EstadoRegistro>CRNUEVO</EstadoRegistro></Registro><Registro NumeroRegistro="59"> <TipoIdentificacionParticipe>CED</TipoIdentificacionParticipe> <IdentificacionParticipe>1709401945</IdentificacionParticipe><NumeroOperacionCredito>CAP27791</NumeroOperacionCredito><TipoCredito>QUIROGRAFARIOS</TipoCredito><EstadoOperacion>ORIGINAL</EstadoOperacion><NumeroOperacionAnterior>0</NumeroOperacionAnterior><FechaRenovacion></FechaRenovacion><Provincia>17</Provincia><Canton>1701</Canton><NumeroCuotasCredito>75</NumeroCuotasCredito><FechaConcesion>17/03/2020</FechaConcesion><FechaVencimiento>31/08/2026</FechaVencimiento><ValorConcedido>12090.00</ValorConcedido><TasaInterezNominal>9.00</TasaInterezNominal><PeriodoGracia>1</PeriodoGracia><Tea>9.00</Tea><PeriodicidadPago>MENSUAL30D</PeriodicidadPago><FrecuenciaRevision>30</FrecuenciaRevision><GarantesGarantias>OPERSOLOGARANTREAL</GarantesGarantias><IdentificacionGarante></IdentificacionGarante><Plazo>2358</Plazo><TipoTablaAmortizacion>FRANCESA</TipoTablaAmortizacion><FormaCobroCredito>DESCROLPAGPATRONO</FormaCobroCredito><EstadoRegistro>CRNUEVO</EstadoRegistro></Registro><Registro NumeroRegistro="60"> <TipoIdentificacionParticipe>CED</TipoIdentificacionParticipe> <IdentificacionParticipe>1712643509</IdentificacionParticipe><NumeroOperacionCredito>CAP27794</NumeroOperacionCredito><TipoCredito>QUIROGRAFARIOS</TipoCredito><EstadoOperacion>NOVADA</EstadoOperacion><NumeroOperacionAnterior>CAP21283</NumeroOperacionAnterior><FechaRenovacion>17/03/2020</FechaRenovacion><Provincia>24</Provincia><Canton>2401</Canton><NumeroCuotasCredito>84</NumeroCuotasCredito><FechaConcesion>17/03/2020</FechaConcesion><FechaVencimiento>31/03/2027</FechaVencimiento><ValorConcedido>16200.00</ValorConcedido><TasaInterezNominal>9.00</TasaInterezNominal><PeriodoGracia>1</PeriodoGracia><Tea>9.00</Tea><PeriodicidadPago>MENSUAL30D</PeriodicidadPago><FrecuenciaRevision>30</FrecuenciaRevision><GarantesGarantias>OPERSOLOGARANTREAL</GarantesGarantias><IdentificacionGarante></IdentificacionGarante><Plazo>2570</Plazo><TipoTablaAmortizacion>FRANCESA</TipoTablaAmortizacion><FormaCobroCredito>DESCROLPAGPATRONO</FormaCobroCredito><EstadoRegistro>CRNUEVO</EstadoRegistro></Registro><Registro NumeroRegistro="61"> <TipoIdentificacionParticipe>CED</TipoIdentificacionParticipe> <IdentificacionParticipe>1103515290</IdentificacionParticipe><NumeroOperacionCredito>CAP27795</NumeroOperacionCredito><TipoCredito>QUIROGRAFARIOS</TipoCredito><EstadoOperacion>NOVADA</EstadoOperacion><NumeroOperacionAnterior>CAP22025</NumeroOperacionAnterior><FechaRenovacion>16/03/2020</FechaRenovacion><Provincia>17</Provincia><Canton>1701</Canton><NumeroCuotasCredito>81</NumeroCuotasCredito><FechaConcesion>16/03/2020</FechaConcesion><FechaVencimiento>31/12/2026</FechaVencimiento><ValorConcedido>14800.00</ValorConcedido><TasaInterezNominal>9.00</TasaInterezNominal><PeriodoGracia>1</PeriodoGracia><Tea>9.00</Tea><PeriodicidadPago>MENSUAL30D</PeriodicidadPago><FrecuenciaRevision>30</FrecuenciaRevision><GarantesGarantias>OPERSOLOGARANTREAL</GarantesGarantias><IdentificacionGarante></IdentificacionGarante><Plazo>2481</Plazo><TipoTablaAmortizacion>FRANCESA</TipoTablaAmortizacion><FormaCobroCredito>DESCROLPAGPATRONO</FormaCobroCredito><EstadoRegistro>CRNUEVO</EstadoRegistro></Registro><Registro NumeroRegistro="62"> <TipoIdentificacionParticipe>CED</TipoIdentificacionParticipe> <IdentificacionParticipe>1707790265</IdentificacionParticipe><NumeroOperacionCredito>CAP27803</NumeroOperacionCredito><TipoCredito>QUIROGRAFARIOS</TipoCredito><EstadoOperacion>ORIGINAL</EstadoOperacion><NumeroOperacionAnterior>0</NumeroOperacionAnterior><FechaRenovacion></FechaRenovacion><Provincia>17</Provincia><Canton>1701</Canton><NumeroCuotasCredito>36</NumeroCuotasCredito><FechaConcesion>17/03/2020</FechaConcesion><FechaVencimiento>31/03/2023</FechaVencimiento><ValorConcedido>2000.00</ValorConcedido><TasaInterezNominal>9.00</TasaInterezNominal><PeriodoGracia>1</PeriodoGracia><Tea>9.00</Tea><PeriodicidadPago>MENSUAL30D</PeriodicidadPago><FrecuenciaRevision>30</FrecuenciaRevision><GarantesGarantias>OPERSOLOGARANTREAL</GarantesGarantias><IdentificacionGarante></IdentificacionGarante><Plazo>1109</Plazo><TipoTablaAmortizacion>FRANCESA</TipoTablaAmortizacion><FormaCobroCredito>DESCROLPAGPATRONO</FormaCobroCredito><EstadoRegistro>CRNUEVO</EstadoRegistro></Registro><Registro NumeroRegistro="63"> <TipoIdentificacionParticipe>CED</TipoIdentificacionParticipe> <IdentificacionParticipe>1801681279</IdentificacionParticipe><NumeroOperacionCredito>CAP27807</NumeroOperacionCredito><TipoCredito>QUIROGRAFARIOS</TipoCredito><EstadoOperacion>NOVADA</EstadoOperacion><NumeroOperacionAnterior>CAP24711</NumeroOperacionAnterior><FechaRenovacion>17/03/2020</FechaRenovacion><Provincia>16</Provincia><Canton>1601</Canton><NumeroCuotasCredito>84</NumeroCuotasCredito><FechaConcesion>17/03/2020</FechaConcesion><FechaVencimiento>31/03/2027</FechaVencimiento><ValorConcedido>15800.00</ValorConcedido><TasaInterezNominal>9.00</TasaInterezNominal><PeriodoGracia>1</PeriodoGracia><Tea>9.00</Tea><PeriodicidadPago>MENSUAL30D</PeriodicidadPago><FrecuenciaRevision>30</FrecuenciaRevision><GarantesGarantias>OPERSOLOGARANTREAL</GarantesGarantias><IdentificacionGarante></IdentificacionGarante><Plazo>2570</Plazo><TipoTablaAmortizacion>FRANCESA</TipoTablaAmortizacion><FormaCobroCredito>DESCROLPAGPATRONO</FormaCobroCredito><EstadoRegistro>CRNUEVO</EstadoRegistro></Registro></Detalle></REGISTROS>