<?xml version="1.0" encoding="UTF-8"?><REGISTROS><DatosEstructura><CodigoEstructura>G41</CodigoEstructura><CodigoEntidad>17</CodigoEntidad><FechaCorte>30/11/2020</FechaCorte><TotalRegistros>18</TotalRegistros></DatosEstructura><Detalle><Registro NumeroRegistro="1"><TipoIdentificacionParticipe>CED</TipoIdentificacionParticipe><IdentificacionParticipe>1309662664</IdentificacionParticipe><CorreoElectronico>ninguno@capremci.com.ec</CorreoElectronico><NombreParticipe>ALCIVAR CANTOS CESAR JAVIER                   ALCIVAR CANTOS CESAR JAVIER                  </NombreParticipe><SexoParticipe>M</SexoParticipe><EstadoCivilParticipe>C</EstadoCivilParticipe><FechaIngresoParticipe>04/11/2020</FechaIngresoParticipe><TipoRegistro>CUENTAINDIVIDUAL</TipoRegistro><BaseCalculoAportacion>SUELDO</BaseCalculoAportacion><RelacionLaboral>NOMBRAMIENTO</RelacionLaboral><EstadoRegistro>ING</EstadoRegistro><TipoPrestacion>CESANTIA</TipoPrestacion></Registro><Registro NumeroRegistro="2"><TipoIdentificacionParticipe>CED</TipoIdentificacionParticipe><IdentificacionParticipe>0922184916</IdentificacionParticipe><CorreoElectronico>ninguno@capremci.com.ec</CorreoElectronico><NombreParticipe>RAMIREZ SANCHEZ MARIA DOLORES                 RAMIREZ SANCHEZ MARIA DOLORES                </NombreParticipe><SexoParticipe>M</SexoParticipe><EstadoCivilParticipe>C</EstadoCivilParticipe><FechaIngresoParticipe>04/11/2020</FechaIngresoParticipe><TipoRegistro>CUENTAINDIVIDUAL</TipoRegistro><BaseCalculoAportacion>SUELDO</BaseCalculoAportacion><RelacionLaboral>NOMBRAMIENTO</RelacionLaboral><EstadoRegistro>ING</EstadoRegistro><TipoPrestacion>CESANTIA</TipoPrestacion></Registro><Registro NumeroRegistro="3"><TipoIdentificacionParticipe>CED</TipoIdentificacionParticipe><IdentificacionParticipe>1724934276</IdentificacionParticipe><CorreoElectronico>ninguno@capremci.com.ec</CorreoElectronico><NombreParticipe>CAIZA TOAPANTA CESAR OSWALDO                  CAIZA TOAPANTA CESAR OSWALDO                 </NombreParticipe><SexoParticipe>M</SexoParticipe><EstadoCivilParticipe>C</EstadoCivilParticipe><FechaIngresoParticipe>04/11/2020</FechaIngresoParticipe><TipoRegistro>CUENTAINDIVIDUAL</TipoRegistro><BaseCalculoAportacion>SUELDO</BaseCalculoAportacion><RelacionLaboral>NOMBRAMIENTO</RelacionLaboral><EstadoRegistro>ING</EstadoRegistro><TipoPrestacion>CESANTIA</TipoPrestacion></Registro><Registro NumeroRegistro="4"><TipoIdentificacionParticipe>CED</TipoIdentificacionParticipe><IdentificacionParticipe>1710544808</IdentificacionParticipe><CorreoElectronico>ninguno@capremci.com.ec</CorreoElectronico><NombreParticipe>CASERES UNTU&#209;A SEGUNDO RODRIGO                CASERES UNTU&#209;A SEGUNDO RODRIGO              </NombreParticipe><SexoParticipe>M</SexoParticipe><EstadoCivilParticipe>C</EstadoCivilParticipe><FechaIngresoParticipe>04/11/2020</FechaIngresoParticipe><TipoRegistro>CUENTAINDIVIDUAL</TipoRegistro><BaseCalculoAportacion>SUELDO</BaseCalculoAportacion><RelacionLaboral>NOMBRAMIENTO</RelacionLaboral><EstadoRegistro>ING</EstadoRegistro><TipoPrestacion>CESANTIA</TipoPrestacion></Registro><Registro NumeroRegistro="5"><TipoIdentificacionParticipe>CED</TipoIdentificacionParticipe><IdentificacionParticipe>1721797635</IdentificacionParticipe><CorreoElectronico>ninguno@capremci.com.ec</CorreoElectronico><NombreParticipe>CEPEDA TIPAN LORENA OLGA                      CEPEDA TIPAN LORENA OLGA                     </NombreParticipe><SexoParticipe>M</SexoParticipe><EstadoCivilParticipe>C</EstadoCivilParticipe><FechaIngresoParticipe>04/11/2020</FechaIngresoParticipe><TipoRegistro>CUENTAINDIVIDUAL</TipoRegistro><BaseCalculoAportacion>SUELDO</BaseCalculoAportacion><RelacionLaboral>NOMBRAMIENTO</RelacionLaboral><EstadoRegistro>ING</EstadoRegistro><TipoPrestacion>CESANTIA</TipoPrestacion></Registro><Registro NumeroRegistro="6"><TipoIdentificacionParticipe>CED</TipoIdentificacionParticipe><IdentificacionParticipe>0703768853</IdentificacionParticipe><CorreoElectronico>ninguno@capremci.com.ec</CorreoElectronico><NombreParticipe>ESPINOZA GAONA LIZ SORAIDA                    ESPINOZA GAONA LIZ SORAIDA                   </NombreParticipe><SexoParticipe>M</SexoParticipe><EstadoCivilParticipe>C</EstadoCivilParticipe><FechaIngresoParticipe>04/11/2020</FechaIngresoParticipe><TipoRegistro>CUENTAINDIVIDUAL</TipoRegistro><BaseCalculoAportacion>SUELDO</BaseCalculoAportacion><RelacionLaboral>NOMBRAMIENTO</RelacionLaboral><EstadoRegistro>ING</EstadoRegistro><TipoPrestacion>CESANTIA</TipoPrestacion></Registro><Registro NumeroRegistro="7"><TipoIdentificacionParticipe>CED</TipoIdentificacionParticipe><IdentificacionParticipe>0703746131</IdentificacionParticipe><CorreoElectronico>ninguno@capremci.com.ec</CorreoElectronico><NombreParticipe>GAONA ALVAREZ FERNANDO PATRICIO               GAONA ALVAREZ FERNANDO PATRICIO              </NombreParticipe><SexoParticipe>M</SexoParticipe><EstadoCivilParticipe>C</EstadoCivilParticipe><FechaIngresoParticipe>04/11/2020</FechaIngresoParticipe><TipoRegistro>CUENTAINDIVIDUAL</TipoRegistro><BaseCalculoAportacion>SUELDO</BaseCalculoAportacion><RelacionLaboral>NOMBRAMIENTO</RelacionLaboral><EstadoRegistro>ING</EstadoRegistro><TipoPrestacion>CESANTIA</TipoPrestacion></Registro><Registro NumeroRegistro="8"><TipoIdentificacionParticipe>CED</TipoIdentificacionParticipe><IdentificacionParticipe>1723985212</IdentificacionParticipe><CorreoElectronico>ninguno@capremci.com.ec</CorreoElectronico><NombreParticipe>GAVILANEZ CAMPA&#209;A ERIK DANILO                 GAVILANEZ CAMPA&#209;A ERIK DANILO               </NombreParticipe><SexoParticipe>M</SexoParticipe><EstadoCivilParticipe>C</EstadoCivilParticipe><FechaIngresoParticipe>04/11/2020</FechaIngresoParticipe><TipoRegistro>CUENTAINDIVIDUAL</TipoRegistro><BaseCalculoAportacion>SUELDO</BaseCalculoAportacion><RelacionLaboral>NOMBRAMIENTO</RelacionLaboral><EstadoRegistro>ING</EstadoRegistro><TipoPrestacion>CESANTIA</TipoPrestacion></Registro><Registro NumeroRegistro="9"><TipoIdentificacionParticipe>CED</TipoIdentificacionParticipe><IdentificacionParticipe>1716172463</IdentificacionParticipe><CorreoElectronico>ninguno@capremci.com.ec</CorreoElectronico><NombreParticipe>GUERRA TAPIA JHONNY ALBERTO                   GUERRA TAPIA JHONNY ALBERTO                  </NombreParticipe><SexoParticipe>M</SexoParticipe><EstadoCivilParticipe>C</EstadoCivilParticipe><FechaIngresoParticipe>04/11/2020</FechaIngresoParticipe><TipoRegistro>CUENTAINDIVIDUAL</TipoRegistro><BaseCalculoAportacion>SUELDO</BaseCalculoAportacion><RelacionLaboral>NOMBRAMIENTO</RelacionLaboral><EstadoRegistro>ING</EstadoRegistro><TipoPrestacion>CESANTIA</TipoPrestacion></Registro><Registro NumeroRegistro="10"><TipoIdentificacionParticipe>CED</TipoIdentificacionParticipe><IdentificacionParticipe>1002844221</IdentificacionParticipe><CorreoElectronico>ninguno@capremci.com.ec</CorreoElectronico><NombreParticipe>IPIALES TUQUERRES LUIS MIGUEL                 IPIALES TUQUERRES LUIS MIGUEL                </NombreParticipe><SexoParticipe>M</SexoParticipe><EstadoCivilParticipe>C</EstadoCivilParticipe><FechaIngresoParticipe>04/11/2020</FechaIngresoParticipe><TipoRegistro>CUENTAINDIVIDUAL</TipoRegistro><BaseCalculoAportacion>SUELDO</BaseCalculoAportacion><RelacionLaboral>NOMBRAMIENTO</RelacionLaboral><EstadoRegistro>ING</EstadoRegistro><TipoPrestacion>CESANTIA</TipoPrestacion></Registro><Registro NumeroRegistro="11"><TipoIdentificacionParticipe>CED</TipoIdentificacionParticipe><IdentificacionParticipe>1719304436</IdentificacionParticipe><CorreoElectronico>ninguno@capremci.com.ec</CorreoElectronico><NombreParticipe>MAILA MAILA JONATHAN ALEXANDER                MAILA MAILA JONATHAN ALEXANDER               </NombreParticipe><SexoParticipe>M</SexoParticipe><EstadoCivilParticipe>C</EstadoCivilParticipe><FechaIngresoParticipe>04/11/2020</FechaIngresoParticipe><TipoRegistro>CUENTAINDIVIDUAL</TipoRegistro><BaseCalculoAportacion>SUELDO</BaseCalculoAportacion><RelacionLaboral>NOMBRAMIENTO</RelacionLaboral><EstadoRegistro>ING</EstadoRegistro><TipoPrestacion>CESANTIA</TipoPrestacion></Registro><Registro NumeroRegistro="12"><TipoIdentificacionParticipe>CED</TipoIdentificacionParticipe><IdentificacionParticipe>0604625822</IdentificacionParticipe><CorreoElectronico>ninguno@capremci.com.ec</CorreoElectronico><NombreParticipe>MEJIA TENEMPAGUAY CHRISTIAN HERNAN            MEJIA TENEMPAGUAY CHRISTIAN HERNAN           </NombreParticipe><SexoParticipe>M</SexoParticipe><EstadoCivilParticipe>C</EstadoCivilParticipe><FechaIngresoParticipe>04/11/2020</FechaIngresoParticipe><TipoRegistro>CUENTAINDIVIDUAL</TipoRegistro><BaseCalculoAportacion>SUELDO</BaseCalculoAportacion><RelacionLaboral>NOMBRAMIENTO</RelacionLaboral><EstadoRegistro>ING</EstadoRegistro><TipoPrestacion>CESANTIA</TipoPrestacion></Registro><Registro NumeroRegistro="13"><TipoIdentificacionParticipe>CED</TipoIdentificacionParticipe><IdentificacionParticipe>0503146813</IdentificacionParticipe><CorreoElectronico>ninguno@capremci.com.ec</CorreoElectronico><NombreParticipe>NOLASCO JACOME ERIKA NATHALY                  NOLASCO JACOME ERIKA NATHALY                 </NombreParticipe><SexoParticipe>M</SexoParticipe><EstadoCivilParticipe>C</EstadoCivilParticipe><FechaIngresoParticipe>04/11/2020</FechaIngresoParticipe><TipoRegistro>CUENTAINDIVIDUAL</TipoRegistro><BaseCalculoAportacion>SUELDO</BaseCalculoAportacion><RelacionLaboral>NOMBRAMIENTO</RelacionLaboral><EstadoRegistro>ING</EstadoRegistro><TipoPrestacion>CESANTIA</TipoPrestacion></Registro><Registro NumeroRegistro="14"><TipoIdentificacionParticipe>CED</TipoIdentificacionParticipe><IdentificacionParticipe>1715292858</IdentificacionParticipe><CorreoElectronico>ninguno@capremci.com.ec</CorreoElectronico><NombreParticipe>SINCHE MOROCHO BYRON GEOVANNY                 SINCHE MOROCHO BYRON GEOVANNY                </NombreParticipe><SexoParticipe>M</SexoParticipe><EstadoCivilParticipe>C</EstadoCivilParticipe><FechaIngresoParticipe>04/11/2020</FechaIngresoParticipe><TipoRegistro>CUENTAINDIVIDUAL</TipoRegistro><BaseCalculoAportacion>SUELDO</BaseCalculoAportacion><RelacionLaboral>NOMBRAMIENTO</RelacionLaboral><EstadoRegistro>ING</EstadoRegistro><TipoPrestacion>CESANTIA</TipoPrestacion></Registro><Registro NumeroRegistro="15"><TipoIdentificacionParticipe>CED</TipoIdentificacionParticipe><IdentificacionParticipe>1724046196</IdentificacionParticipe><CorreoElectronico>ninguno@capremci.com.ec</CorreoElectronico><NombreParticipe>TOALOMBO CONDOR EDISON WILLIAM                TOALOMBO CONDOR EDISON WILLIAM               </NombreParticipe><SexoParticipe>M</SexoParticipe><EstadoCivilParticipe>C</EstadoCivilParticipe><FechaIngresoParticipe>04/11/2020</FechaIngresoParticipe><TipoRegistro>CUENTAINDIVIDUAL</TipoRegistro><BaseCalculoAportacion>SUELDO</BaseCalculoAportacion><RelacionLaboral>NOMBRAMIENTO</RelacionLaboral><EstadoRegistro>ING</EstadoRegistro><TipoPrestacion>CESANTIA</TipoPrestacion></Registro><Registro NumeroRegistro="16"><TipoIdentificacionParticipe>CED</TipoIdentificacionParticipe><IdentificacionParticipe>0503402158</IdentificacionParticipe><CorreoElectronico>ninguno@capremci.com.ec</CorreoElectronico><NombreParticipe>VELASQUE COLLAGUAZO WALTER MANUEL             VELASQUE COLLAGUAZO WALTER MANUEL            </NombreParticipe><SexoParticipe>M</SexoParticipe><EstadoCivilParticipe>C</EstadoCivilParticipe><FechaIngresoParticipe>04/11/2020</FechaIngresoParticipe><TipoRegistro>CUENTAINDIVIDUAL</TipoRegistro><BaseCalculoAportacion>SUELDO</BaseCalculoAportacion><RelacionLaboral>NOMBRAMIENTO</RelacionLaboral><EstadoRegistro>ING</EstadoRegistro><TipoPrestacion>CESANTIA</TipoPrestacion></Registro><Registro NumeroRegistro="17"><TipoIdentificacionParticipe>CED</TipoIdentificacionParticipe><IdentificacionParticipe>0923990568</IdentificacionParticipe><CorreoElectronico>ninguno@capremci.com.ec</CorreoElectronico><NombreParticipe>ZAMBRANO OLARTE MIGUEL ANGEL                  ZAMBRANO OLARTE MIGUEL ANGEL                 </NombreParticipe><SexoParticipe>M</SexoParticipe><EstadoCivilParticipe>C</EstadoCivilParticipe><FechaIngresoParticipe>05/11/2020</FechaIngresoParticipe><TipoRegistro>CUENTAINDIVIDUAL</TipoRegistro><BaseCalculoAportacion>SUELDO</BaseCalculoAportacion><RelacionLaboral>NOMBRAMIENTO</RelacionLaboral><EstadoRegistro>ING</EstadoRegistro><TipoPrestacion>CESANTIA</TipoPrestacion></Registro></Detalle></REGISTROS>