<?xml version="1.0" encoding="UTF-8" standalone="yes"?>
<REGISTROS>
	<DatosEstructura>
		<CodigoEstructura>G02</CodigoEstructura>
		<CodigoEntidad>17</CodigoEntidad>
		<FechaCorte>31/03/2020</FechaCorte>
		<TotalRegistros>16</TotalRegistros>
	</DatosEstructura>
	<Detalle>
		<Registro NumeroRegistro="1">
			<Tipoidentificacionemisor>RUC</Tipoidentificacionemisor>
			<Identificaciondelemisor>0990379017001</Identificaciondelemisor>
			<NumerodelInstrumento>273583</NumerodelInstrumento>
			<Tipodeinstrumento>CERTIFICADEPOSITO</Tipodeinstrumento>
			<TipodeRenta>RENTAFIJA</TipodeRenta>
			<Fechadeemision>06/03/2020</Fechadeemision>
			<Fechadecompra>06/03/2020</Fechadecompra>
			<Fechadevencimiento>01/03/2021</Fechadevencimiento>
			<Tasanominal>6.50</Tasanominal>
			<Plazopactado>360</Plazopactado>
			<Valornominal>1800000</Valornominal>
			<Numeroaccionescompradas>0</Numeroaccionescompradas>
			<Preciocompraaccion>0</Preciocompraaccion>
			<Valordecompra>1800000</Valordecompra>
			<Periodopago>360</Periodopago>
			<Amortizacioncapital>360</Amortizacioncapital>
			<Amortizacioninteres>360</Amortizacioninteres>
			<Basetasacapital>360</Basetasacapital>
			<Basetasainteres>360</Basetasainteres>
			<Periodogracia>NO</Periodogracia>
			<EstadoRegistro>I</EstadoRegistro>
		</Registro>
		<Registro NumeroRegistro="2">
			<Tipoidentificacionemisor>RUC</Tipoidentificacionemisor>
			<Identificaciondelemisor>0190055965001</Identificaciondelemisor>
			<NumerodelInstrumento>2759 BSD03 </NumerodelInstrumento>
			<Tipodeinstrumento>CERTIFICADEPOSITO</Tipodeinstrumento>
			<TipodeRenta>RENTAFIJA</TipodeRenta>
			<Fechadeemision>27/03/2020</Fechadeemision>
			<Fechadecompra>27/03/2020</Fechadecompra>
			<Fechadevencimiento>24/09/2020</Fechadevencimiento>
			<Tasanominal>7.30</Tasanominal>
			<Plazopactado>181</Plazopactado>
			<Valornominal>1000000</Valornominal>
			<Numeroaccionescompradas>0</Numeroaccionescompradas>
			<Preciocompraaccion>0</Preciocompraaccion>
			<Valordecompra>1000000</Valordecompra>
			<Periodopago>181</Periodopago>
			<Amortizacioncapital>181</Amortizacioncapital>
			<Amortizacioninteres>181</Amortizacioninteres>
			<Basetasacapital>360</Basetasacapital>
			<Basetasainteres>360</Basetasainteres>
			<Periodogracia>NO</Periodogracia>
			<EstadoRegistro>I</EstadoRegistro>
		</Registro>
		<Registro NumeroRegistro="3">
			<Tipoidentificacionemisor>RUC</Tipoidentificacionemisor>
			<Identificaciondelemisor>0990497699001</Identificaciondelemisor>
			<NumerodelInstrumento>274329</NumerodelInstrumento>
			<Tipodeinstrumento>CERTIFICADEPOSITO</Tipodeinstrumento>
			<TipodeRenta>RENTAFIJA</TipodeRenta>
			<Fechadeemision>19/03/2020</Fechadeemision>
			<Fechadecompra>19/03/2020</Fechadecompra>
			<Fechadevencimiento>16/09/2020</Fechadevencimiento>
			<Tasanominal>6.90</Tasanominal>
			<Plazopactado>181</Plazopactado>
			<Valornominal>1000000</Valornominal>
			<Numeroaccionescompradas>0</Numeroaccionescompradas>
			<Preciocompraaccion>0</Preciocompraaccion>
			<Valordecompra>1000000</Valordecompra>
			<Periodopago>181</Periodopago>
			<Amortizacioncapital>181</Amortizacioncapital>
			<Amortizacioninteres>181</Amortizacioninteres>
			<Basetasacapital>360</Basetasacapital>
			<Basetasainteres>360</Basetasainteres>
			<Periodogracia>NO</Periodogracia>
			<EstadoRegistro>I</EstadoRegistro>
		</Registro>
		<Registro NumeroRegistro="4">
			<Tipoidentificacionemisor>RUC</Tipoidentificacionemisor>
			<Identificaciondelemisor>1790098354001</Identificaciondelemisor>
			<NumerodelInstrumento> 2500 BSD28</NumerodelInstrumento>
			<Tipodeinstrumento>CERTIFICADEPOSITO</Tipodeinstrumento>
			<TipodeRenta>RENTAFIJA</TipodeRenta>
			<Fechadeemision>19/03/2020</Fechadeemision>
			<Fechadecompra>19/03/2020</Fechadecompra>
			<Fechadevencimiento>16/09/2020</Fechadevencimiento>
			<Tasanominal>6.80</Tasanominal>
			<Plazopactado>181</Plazopactado>
			<Valornominal>1000000</Valornominal>
			<Numeroaccionescompradas>0</Numeroaccionescompradas>
			<Preciocompraaccion>0</Preciocompraaccion>
			<Valordecompra>1000000</Valordecompra>
			<Periodopago>181</Periodopago>
			<Amortizacioncapital>181</Amortizacioncapital>
			<Amortizacioninteres>181</Amortizacioninteres>
			<Basetasacapital>360</Basetasacapital>
			<Basetasainteres>360</Basetasainteres>
			<Periodogracia>NO</Periodogracia>
			<EstadoRegistro>I</EstadoRegistro>
		</Registro>
		<Registro NumeroRegistro="5">
			<Tipoidentificacionemisor>RUC</Tipoidentificacionemisor>
			<Identificaciondelemisor>1790098354001</Identificaciondelemisor>
			<NumerodelInstrumento>2501 BSD29 </NumerodelInstrumento>
			<Tipodeinstrumento>CERTIFICADEPOSITO</Tipodeinstrumento>
			<TipodeRenta>RENTAFIJA</TipodeRenta>
			<Fechadeemision>19/03/2020</Fechadeemision>
			<Fechadecompra>19/03/2020</Fechadecompra>
			<Fechadevencimiento>16/09/2020</Fechadevencimiento>
			<Tasanominal>6.80</Tasanominal>
			<Plazopactado>181</Plazopactado>
			<Valornominal>1000000</Valornominal>
			<Numeroaccionescompradas>0</Numeroaccionescompradas>
			<Preciocompraaccion>0</Preciocompraaccion>
			<Valordecompra>1000000</Valordecompra>
			<Periodopago>181</Periodopago>
			<Amortizacioncapital>181</Amortizacioncapital>
			<Amortizacioninteres>181</Amortizacioninteres>
			<Basetasacapital>360</Basetasacapital>
			<Basetasainteres>360</Basetasainteres>
			<Periodogracia>NO</Periodogracia>
			<EstadoRegistro>I</EstadoRegistro>
		</Registro>
		<Registro NumeroRegistro="6">
			<Tipoidentificacionemisor>RUC</Tipoidentificacionemisor>
			<Identificaciondelemisor>0190155722001</Identificaciondelemisor>
			<NumerodelInstrumento> 2442 BSD03</NumerodelInstrumento>
			<Tipodeinstrumento>CERTIFICADEPOSITO</Tipodeinstrumento>
			<TipodeRenta>RENTAFIJA</TipodeRenta>
			<Fechadeemision>18/03/2020</Fechadeemision>
			<Fechadecompra>18/03/2020</Fechadecompra>
			<Fechadevencimiento>15/09/2020</Fechadevencimiento>
			<Tasanominal>7.85</Tasanominal>
			<Plazopactado>181</Plazopactado>
			<Valornominal>750000</Valornominal>
			<Numeroaccionescompradas>0</Numeroaccionescompradas>
			<Preciocompraaccion>0</Preciocompraaccion>
			<Valordecompra>750000</Valordecompra>
			<Periodopago>181</Periodopago>
			<Amortizacioncapital>181</Amortizacioncapital>
			<Amortizacioninteres>181</Amortizacioninteres>
			<Basetasacapital>360</Basetasacapital>
			<Basetasainteres>360</Basetasainteres>
			<Periodogracia>NO</Periodogracia>
			<EstadoRegistro>I</EstadoRegistro>
		</Registro>
		<Registro NumeroRegistro="7">
			<Tipoidentificacionemisor>RUC</Tipoidentificacionemisor>
			<Identificaciondelemisor>1790501469001</Identificaciondelemisor>
			<NumerodelInstrumento>2100 BSD20 </NumerodelInstrumento>
			<Tipodeinstrumento>CERTIFICADEPOSITO</Tipodeinstrumento>
			<TipodeRenta>RENTAFIJA</TipodeRenta>
			<Fechadeemision>05/03/2020</Fechadeemision>
			<Fechadecompra>05/03/2020</Fechadecompra>
			<Fechadevencimiento>02/09/2020</Fechadevencimiento>
			<Tasanominal>8.00</Tasanominal>
			<Plazopactado>181</Plazopactado>
			<Valornominal>150000</Valornominal>
			<Numeroaccionescompradas>0</Numeroaccionescompradas>
			<Preciocompraaccion>0</Preciocompraaccion>
			<Valordecompra>150000</Valordecompra>
			<Periodopago>181</Periodopago>
			<Amortizacioncapital>181</Amortizacioncapital>
			<Amortizacioninteres>181</Amortizacioninteres>
			<Basetasacapital>360</Basetasacapital>
			<Basetasainteres>360</Basetasainteres>
			<Periodogracia>NO</Periodogracia>
			<EstadoRegistro>I</EstadoRegistro>
		</Registro>
		<Registro NumeroRegistro="8">
			<Tipoidentificacionemisor>RUC</Tipoidentificacionemisor>
			<Identificaciondelemisor>0190115798001</Identificaciondelemisor>
			<NumerodelInstrumento>2325  BSD04 </NumerodelInstrumento>
			<Tipodeinstrumento>CERTIFICADEPOSITO</Tipodeinstrumento>
			<TipodeRenta>RENTAFIJA</TipodeRenta>
			<Fechadeemision>13/03/2020</Fechadeemision>
			<Fechadecompra>13/03/2020</Fechadecompra>
			<Fechadevencimiento>10/09/2020</Fechadevencimiento>
			<Tasanominal>7.50</Tasanominal>
			<Plazopactado>181</Plazopactado>
			<Valornominal>1000000</Valornominal>
			<Numeroaccionescompradas>0</Numeroaccionescompradas>
			<Preciocompraaccion>0</Preciocompraaccion>
			<Valordecompra>1000000</Valordecompra>
			<Periodopago>181</Periodopago>
			<Amortizacioncapital>181</Amortizacioncapital>
			<Amortizacioninteres>181</Amortizacioninteres>
			<Basetasacapital>360</Basetasacapital>
			<Basetasainteres>360</Basetasainteres>
			<Periodogracia>NO</Periodogracia>
			<EstadoRegistro>I</EstadoRegistro>
		</Registro>
		<Registro NumeroRegistro="9">
			<Tipoidentificacionemisor>RUC</Tipoidentificacionemisor>
			<Identificaciondelemisor>1790451801001</Identificaciondelemisor>
			<NumerodelInstrumento>2089 BSD09 </NumerodelInstrumento>
			<Tipodeinstrumento>CERTIFICADEPOSITO</Tipodeinstrumento>
			<TipodeRenta>RENTAFIJA</TipodeRenta>
			<Fechadeemision>05/03/2020</Fechadeemision>
			<Fechadecompra>05/03/2020</Fechadecompra>
			<Fechadevencimiento>02/09/2020</Fechadevencimiento>
			<Tasanominal>8.00</Tasanominal>
			<Plazopactado>181</Plazopactado>
			<Valornominal>300000</Valornominal>
			<Numeroaccionescompradas>0</Numeroaccionescompradas>
			<Preciocompraaccion>0</Preciocompraaccion>
			<Valordecompra>300000</Valordecompra>
			<Periodopago>181</Periodopago>
			<Amortizacioncapital>181</Amortizacioncapital>
			<Amortizacioninteres>181</Amortizacioninteres>
			<Basetasacapital>360</Basetasacapital>
			<Basetasainteres>360</Basetasainteres>
			<Periodogracia>NO</Periodogracia>
			<EstadoRegistro>I</EstadoRegistro>
		</Registro>
		<Registro NumeroRegistro="10">
			<Tipoidentificacionemisor>RUC</Tipoidentificacionemisor>
			<Identificaciondelemisor>1790283380001</Identificaciondelemisor>
			<NumerodelInstrumento>273773</NumerodelInstrumento>
			<Tipodeinstrumento>CERTIFICADEPOSITO</Tipodeinstrumento>
			<TipodeRenta>RENTAFIJA</TipodeRenta>
			<Fechadeemision>10/03/2020</Fechadeemision>
			<Fechadecompra>10/03/2020</Fechadecompra>
			<Fechadevencimiento>07/09/2020</Fechadevencimiento>
			<Tasanominal>6.70</Tasanominal>
			<Plazopactado>181</Plazopactado>
			<Valornominal>2700000</Valornominal>
			<Numeroaccionescompradas>0</Numeroaccionescompradas>
			<Preciocompraaccion>0</Preciocompraaccion>
			<Valordecompra>2700000</Valordecompra>
			<Periodopago>181</Periodopago>
			<Amortizacioncapital>181</Amortizacioncapital>
			<Amortizacioninteres>181</Amortizacioninteres>
			<Basetasacapital>360</Basetasacapital>
			<Basetasainteres>360</Basetasainteres>
			<Periodogracia>NO</Periodogracia>
			<EstadoRegistro>I</EstadoRegistro>
		</Registro>
		<Registro NumeroRegistro="11">
			<Tipoidentificacionemisor>RUC</Tipoidentificacionemisor>
			<Identificaciondelemisor>0991265414001</Identificaciondelemisor>
			<NumerodelInstrumento>2019 BSD02</NumerodelInstrumento>
			<Tipodeinstrumento>FACTURASCOMERCIALES</Tipodeinstrumento>
			<TipodeRenta>RENTAFIJA</TipodeRenta>
			<Fechadeemision>05/03/2020</Fechadeemision>
			<Fechadecompra>05/03/2020</Fechadecompra>
			<Fechadevencimiento>01/09/2020</Fechadevencimiento>
			<Tasanominal>9.00</Tasanominal>
			<Plazopactado>180</Plazopactado>
			<Valornominal>423195.45</Valornominal>
			<Numeroaccionescompradas>0</Numeroaccionescompradas>
			<Preciocompraaccion>0</Preciocompraaccion>
			<Valordecompra>442239.25</Valordecompra>
			<Periodopago>180</Periodopago>
			<Amortizacioncapital>180</Amortizacioncapital>
			<Amortizacioninteres>180</Amortizacioninteres>
			<Basetasacapital>360</Basetasacapital>
			<Basetasainteres>360</Basetasainteres>
			<Periodogracia>NO</Periodogracia>
			<EstadoRegistro>I</EstadoRegistro>
		</Registro>
		<Registro NumeroRegistro="12">
			<Tipoidentificacionemisor>RUC</Tipoidentificacionemisor>
			<Identificaciondelemisor>0991265414001</Identificaciondelemisor>
			<NumerodelInstrumento>274726</NumerodelInstrumento>
			<Tipodeinstrumento>FACTURASCOMERCIALES</Tipodeinstrumento>
			<TipodeRenta>RENTAFIJA</TipodeRenta>
			<Fechadeemision>30/03/2020</Fechadeemision>
			<Fechadecompra>30/03/2020</Fechadecompra>
			<Fechadevencimiento>28/09/2020</Fechadevencimiento>
			<Tasanominal>9.00</Tasanominal>
			<Plazopactado>182</Plazopactado>
			<Valornominal>1551016.75</Valornominal>
			<Numeroaccionescompradas>0</Numeroaccionescompradas>
			<Preciocompraaccion>0</Preciocompraaccion>
			<Valordecompra>1621588.01</Valordecompra>
			<Periodopago>182</Periodopago>
			<Amortizacioncapital>182</Amortizacioncapital>
			<Amortizacioninteres>182</Amortizacioninteres>
			<Basetasacapital>360</Basetasacapital>
			<Basetasainteres>360</Basetasainteres>
			<Periodogracia>NO</Periodogracia>
			<EstadoRegistro>I</EstadoRegistro>
		</Registro>
		<Registro NumeroRegistro="13">
			<Tipoidentificacionemisor>RUC</Tipoidentificacionemisor>
			<Identificaciondelemisor>0992697415001</Identificaciondelemisor>
			<NumerodelInstrumento>273927</NumerodelInstrumento>
			<Tipodeinstrumento>FACTURASCOMERCIALES</Tipodeinstrumento>
			<TipodeRenta>RENTAFIJA</TipodeRenta>
			<Fechadeemision>12/03/2020</Fechadeemision>
			<Fechadecompra>12/03/2020</Fechadecompra>
			<Fechadevencimiento>08/07/2020</Fechadevencimiento>
			<Tasanominal>8.90</Tasanominal>
			<Plazopactado>118</Plazopactado>
			<Valornominal>248484.12</Valornominal>
			<Numeroaccionescompradas>0</Numeroaccionescompradas>
			<Preciocompraaccion>0</Preciocompraaccion>
			<Valordecompra>255732.95</Valordecompra>
			<Periodopago>118</Periodopago>
			<Amortizacioncapital>118</Amortizacioncapital>
			<Amortizacioninteres>118</Amortizacioninteres>
			<Basetasacapital>360</Basetasacapital>
			<Basetasainteres>360</Basetasainteres>
			<Periodogracia>NO</Periodogracia>
			<EstadoRegistro>I</EstadoRegistro>
		</Registro>
		<Registro NumeroRegistro="14">
			<Tipoidentificacionemisor>RUC</Tipoidentificacionemisor>
			<Identificaciondelemisor>0992697415001</Identificaciondelemisor>
			<NumerodelInstrumento>274782</NumerodelInstrumento>
			<Tipodeinstrumento>FACTURASCOMERCIALES</Tipodeinstrumento>
			<TipodeRenta>RENTAFIJA</TipodeRenta>
			<Fechadeemision>31/03/2020</Fechadeemision>
			<Fechadecompra>31/03/2020</Fechadecompra>
			<Fechadevencimiento>25/09/2020</Fechadevencimiento>
			<Tasanominal>9.25</Tasanominal>
			<Plazopactado>178</Plazopactado>
			<Valornominal>2000000</Valornominal>
			<Numeroaccionescompradas>0</Numeroaccionescompradas>
			<Preciocompraaccion>0</Preciocompraaccion>
			<Valordecompra>2091472.22</Valordecompra>
			<Periodopago>178</Periodopago>
			<Amortizacioncapital>178</Amortizacioncapital>
			<Amortizacioninteres>178</Amortizacioninteres>
			<Basetasacapital>360</Basetasacapital>
			<Basetasainteres>360</Basetasainteres>
			<Periodogracia>NO</Periodogracia>
			<EstadoRegistro>I</EstadoRegistro>
		</Registro>
		<Registro NumeroRegistro="15">
			<Tipoidentificacionemisor>RUC</Tipoidentificacionemisor>
			<Identificaciondelemisor>0990553963001</Identificaciondelemisor>
			<NumerodelInstrumento>274585</NumerodelInstrumento>
			<Tipodeinstrumento>PAPEL COMERCIAL</Tipodeinstrumento>
			<TipodeRenta>RENTAFIJA</TipodeRenta>
			<Fechadeemision>26/03/2020</Fechadeemision>
			<Fechadecompra>26/03/2020</Fechadecompra>
			<Fechadevencimiento>19/03/2021</Fechadevencimiento>
			<Tasanominal>8.30</Tasanominal>
			<Plazopactado>358</Plazopactado>
			<Valornominal>461877.17</Valornominal>
			<Numeroaccionescompradas>0</Numeroaccionescompradas>
			<Preciocompraaccion>0</Preciocompraaccion>
			<Valordecompra>500000</Valordecompra>
			<Periodopago>358</Periodopago>
			<Amortizacioncapital>358</Amortizacioncapital>
			<Amortizacioninteres>358</Amortizacioninteres>
			<Basetasacapital>360</Basetasacapital>
			<Basetasainteres>360</Basetasainteres>
			<Periodogracia>NO</Periodogracia>
			<EstadoRegistro>I</EstadoRegistro>
		</Registro>
	</Detalle>
</REGISTROS>