<?xml version="1.0" encoding="UTF-8" standalone="yes"?>
<REGISTROS>
	<DatosEstructura>
		<CodigoEstructura>G02</CodigoEstructura>
		<CodigoEntidad>17</CodigoEntidad>
		<FechaCorte>31/12/2019</FechaCorte>
		<TotalRegistros>11</TotalRegistros>
	</DatosEstructura>
	<Detalle>
		<Registro NumeroRegistro="1">
			<Tipoidentificacionemisor>RUC</Tipoidentificacionemisor>
			<Identificaciondelemisor>0990553963001</Identificaciondelemisor>
			<NumerodelInstrumento>267805</NumerodelInstrumento>
			<Tipodeinstrumento>PAPEL COMERCIAL</Tipodeinstrumento>
			<TipodeRenta>RENTAFIJA</TipodeRenta>
			<Fechadeemision>22/11/2019</Fechadeemision>
			<Fechadecompra>22/11/2019</Fechadecompra>
			<Fechadevencimiento>20/02/2020</Fechadevencimiento>
			<Tasanominal>7.30</Tasanominal>
			<Plazopactado>90</Plazopactado>
			<Valornominal>194770</Valornominal>
			<Numeroaccionescompradas>0</Numeroaccionescompradas>
			<Preciocompraaccion>0</Preciocompraaccion>
			<Valordecompra>191279.16</Valordecompra>
			<Periodopago>90</Periodopago>
			<Amortizacioncapital>90</Amortizacioncapital>
			<Amortizacioninteres>90</Amortizacioninteres>
			<Basetasacapital>360</Basetasacapital>
			<Basetasainteres>360</Basetasainteres>
			<Periodogracia>NO</Periodogracia>
			<EstadoRegistro>I</EstadoRegistro>
		</Registro>
		<Registro NumeroRegistro="2">
			<Tipoidentificacionemisor>RUC</Tipoidentificacionemisor>
			<Identificaciondelemisor>0990553963001</Identificaciondelemisor>
			<NumerodelInstrumento>267806</NumerodelInstrumento>
			<Tipodeinstrumento>PAPEL COMERCIAL</Tipodeinstrumento>
			<TipodeRenta>RENTAFIJA</TipodeRenta>
			<Fechadeemision>22/11/2019</Fechadeemision>
			<Fechadecompra>22/11/2019</Fechadecompra>
			<Fechadevencimiento>20/02/2020</Fechadevencimiento>
			<Tasanominal>7.30</Tasanominal>
			<Plazopactado>90</Plazopactado>
			<Valornominal>10100</Valornominal>
			<Numeroaccionescompradas>0</Numeroaccionescompradas>
			<Preciocompraaccion>0</Preciocompraaccion>
			<Valordecompra>9918.98</Valordecompra>
			<Periodopago>90</Periodopago>
			<Amortizacioncapital>90</Amortizacioncapital>
			<Amortizacioninteres>90</Amortizacioninteres>
			<Basetasacapital>360</Basetasacapital>
			<Basetasainteres>360</Basetasainteres>
			<Periodogracia>NO</Periodogracia>
			<EstadoRegistro>I</EstadoRegistro>
		</Registro>
		<Registro NumeroRegistro="3">
			<Tipoidentificacionemisor>RUC</Tipoidentificacionemisor>
			<Identificaciondelemisor>0990553963001</Identificaciondelemisor>
			<NumerodelInstrumento>267755</NumerodelInstrumento>
			<Tipodeinstrumento>PAPEL COMERCIAL</Tipodeinstrumento>
			<TipodeRenta>RENTAFIJA</TipodeRenta>
			<Fechadeemision>22/11/2019</Fechadeemision>
			<Fechadecompra>22/11/2019</Fechadecompra>
			<Fechadevencimiento>23/03/2020</Fechadevencimiento>
			<Tasanominal>7.55</Tasanominal>
			<Plazopactado>122</Plazopactado>
			<Valornominal>500000</Valornominal>
			<Numeroaccionescompradas>0</Numeroaccionescompradas>
			<Preciocompraaccion>0</Preciocompraaccion>
			<Valordecompra>487526.1</Valordecompra>
			<Periodopago>122</Periodopago>
			<Amortizacioncapital>122</Amortizacioncapital>
			<Amortizacioninteres>122</Amortizacioninteres>
			<Basetasacapital>360</Basetasacapital>
			<Basetasainteres>360</Basetasainteres>
			<Periodogracia>NO</Periodogracia>
			<EstadoRegistro>I</EstadoRegistro>
		</Registro>
		<Registro NumeroRegistro="4">
			<Tipoidentificacionemisor>RUC</Tipoidentificacionemisor>
			<Identificaciondelemisor>0990553963001</Identificaciondelemisor>
			<NumerodelInstrumento>267754</NumerodelInstrumento>
			<Tipodeinstrumento>PAPEL COMERCIAL</Tipodeinstrumento>
			<TipodeRenta>RENTAFIJA</TipodeRenta>
			<Fechadeemision>22/11/2019</Fechadeemision>
			<Fechadecompra>22/11/2019</Fechadecompra>
			<Fechadevencimiento>20/02/2020</Fechadevencimiento>
			<Tasanominal>7.30</Tasanominal>
			<Plazopactado>90</Plazopactado>
			<Valornominal>300000</Valornominal>
			<Numeroaccionescompradas>0</Numeroaccionescompradas>
			<Preciocompraaccion>0</Preciocompraaccion>
			<Valordecompra>294623.13</Valordecompra>
			<Periodopago>90</Periodopago>
			<Amortizacioncapital>90</Amortizacioncapital>
			<Amortizacioninteres>90</Amortizacioninteres>
			<Basetasacapital>360</Basetasacapital>
			<Basetasainteres>360</Basetasainteres>
			<Periodogracia>NO</Periodogracia>
			<EstadoRegistro>I</EstadoRegistro>
		</Registro>
		<Registro NumeroRegistro="5">
			<Tipoidentificacionemisor>RUC</Tipoidentificacionemisor>
			<Identificaciondelemisor>0990553963001</Identificaciondelemisor>
			<NumerodelInstrumento>268106</NumerodelInstrumento>
			<Tipodeinstrumento>PAPEL COMERCIAL</Tipodeinstrumento>
			<TipodeRenta>RENTAFIJA</TipodeRenta>
			<Fechadeemision>27/11/2019</Fechadeemision>
			<Fechadecompra>27/11/2019</Fechadecompra>
			<Fechadevencimiento>26/02/2020</Fechadevencimiento>
			<Tasanominal>7.30</Tasanominal>
			<Plazopactado>91</Plazopactado>
			<Valornominal>236200</Valornominal>
			<Numeroaccionescompradas>0</Numeroaccionescompradas>
			<Preciocompraaccion>0</Preciocompraaccion>
			<Valordecompra>231920.42</Valordecompra>
			<Periodopago>91</Periodopago>
			<Amortizacioncapital>91</Amortizacioncapital>
			<Amortizacioninteres>91</Amortizacioninteres>
			<Basetasacapital>360</Basetasacapital>
			<Basetasainteres>360</Basetasainteres>
			<Periodogracia>NO</Periodogracia>
			<EstadoRegistro>I</EstadoRegistro>
		</Registro>
		<Registro NumeroRegistro="6">
			<Tipoidentificacionemisor>RUC</Tipoidentificacionemisor>
			<Identificaciondelemisor>0990553963001</Identificaciondelemisor>
			<NumerodelInstrumento>268107</NumerodelInstrumento>
			<Tipodeinstrumento>PAPEL COMERCIAL</Tipodeinstrumento>
			<TipodeRenta>RENTAFIJA</TipodeRenta>
			<Fechadeemision>27/11/2019</Fechadeemision>
			<Fechadecompra>27/11/2019</Fechadecompra>
			<Fechadevencimiento>26/02/2020</Fechadevencimiento>
			<Tasanominal>7.30</Tasanominal>
			<Plazopactado>91</Plazopactado>
			<Valornominal>87930</Valornominal>
			<Numeroaccionescompradas>0</Numeroaccionescompradas>
			<Preciocompraaccion>0</Preciocompraaccion>
			<Valordecompra>86336.85</Valordecompra>
			<Periodopago>91</Periodopago>
			<Amortizacioncapital>91</Amortizacioncapital>
			<Amortizacioninteres>91</Amortizacioninteres>
			<Basetasacapital>360</Basetasacapital>
			<Basetasainteres>360</Basetasainteres>
			<Periodogracia>NO</Periodogracia>
			<EstadoRegistro>I</EstadoRegistro>
		</Registro>
		<Registro NumeroRegistro="7">
			<Tipoidentificacionemisor>RUC</Tipoidentificacionemisor>
			<Identificaciondelemisor>0990041105001</Identificaciondelemisor>
			<NumerodelInstrumento>12399-BSD01</NumerodelInstrumento>
			<Tipodeinstrumento>PAPEL COMERCIAL</Tipodeinstrumento>
			<TipodeRenta>RENTAFIJA</TipodeRenta>
			<Fechadeemision>26/11/2019</Fechadeemision>
			<Fechadecompra>26/11/2019</Fechadecompra>
			<Fechadevencimiento>09/04/2020</Fechadevencimiento>
			<Tasanominal>7.25</Tasanominal>
			<Plazopactado>135</Plazopactado>
			<Valornominal>500000</Valornominal>
			<Numeroaccionescompradas>0</Numeroaccionescompradas>
			<Preciocompraaccion>0</Preciocompraaccion>
			<Valordecompra>486766.05</Valordecompra>
			<Periodopago>135</Periodopago>
			<Amortizacioncapital>135</Amortizacioncapital>
			<Amortizacioninteres>135</Amortizacioninteres>
			<Basetasacapital>360</Basetasacapital>
			<Basetasainteres>360</Basetasainteres>
			<Periodogracia>NO</Periodogracia>
			<EstadoRegistro>I</EstadoRegistro>
		</Registro>
		<Registro NumeroRegistro="8">
			<Tipoidentificacionemisor>RUC</Tipoidentificacionemisor>
			<Identificaciondelemisor>0990001626001</Identificaciondelemisor>
			<NumerodelInstrumento>12400-BSD02</NumerodelInstrumento>
			<Tipodeinstrumento>PAPEL COMERCIAL</Tipodeinstrumento>
			<TipodeRenta>RENTAFIJA</TipodeRenta>
			<Fechadeemision>26/11/2019</Fechadeemision>
			<Fechadecompra>26/11/2019</Fechadecompra>
			<Fechadevencimiento>25/03/2020</Fechadevencimiento>
			<Tasanominal>7.00</Tasanominal>
			<Plazopactado>120</Plazopactado>
			<Valornominal>870044</Valornominal>
			<Numeroaccionescompradas>0</Numeroaccionescompradas>
			<Preciocompraaccion>0</Preciocompraaccion>
			<Valordecompra>850205.86</Valordecompra>
			<Periodopago>120</Periodopago>
			<Amortizacioncapital>120</Amortizacioncapital>
			<Amortizacioninteres>120</Amortizacioninteres>
			<Basetasacapital>360</Basetasacapital>
			<Basetasainteres>360</Basetasainteres>
			<Periodogracia>NO</Periodogracia>
			<EstadoRegistro>I</EstadoRegistro>
		</Registro>
		<Registro NumeroRegistro="9">
			<Tipoidentificacionemisor>RUC</Tipoidentificacionemisor>
			<Identificaciondelemisor>0990129428001</Identificaciondelemisor>
			<NumerodelInstrumento>269906</NumerodelInstrumento>
			<Tipodeinstrumento>PAPEL COMERCIAL</Tipodeinstrumento>
			<TipodeRenta>RENTAFIJA</TipodeRenta>
			<Fechadeemision>24/12/2019</Fechadeemision>
			<Fechadecompra>24/12/2019</Fechadecompra>
			<Fechadevencimiento>17/12/2020</Fechadevencimiento>
			<Tasanominal>8.00</Tasanominal>
			<Plazopactado>359</Plazopactado>
			<Valornominal>1620000</Valornominal>
			<Numeroaccionescompradas>0</Numeroaccionescompradas>
			<Preciocompraaccion>0</Preciocompraaccion>
			<Valordecompra>1500308.71</Valordecompra>
			<Periodopago>359</Periodopago>
			<Amortizacioncapital>359</Amortizacioncapital>
			<Amortizacioninteres>359</Amortizacioninteres>
			<Basetasacapital>360</Basetasacapital>
			<Basetasainteres>360</Basetasainteres>
			<Periodogracia>NO</Periodogracia>
			<EstadoRegistro>I</EstadoRegistro>
		</Registro>
		<Registro NumeroRegistro="10">
			<Tipoidentificacionemisor>RUC</Tipoidentificacionemisor>
			<Identificaciondelemisor>0991028544001</Identificaciondelemisor>
			<NumerodelInstrumento>269905</NumerodelInstrumento>
			<Tipodeinstrumento>PAPEL COMERCIAL</Tipodeinstrumento>
			<TipodeRenta>RENTAFIJA</TipodeRenta>
			<Fechadeemision>24/12/2019</Fechadeemision>
			<Fechadecompra>24/12/2019</Fechadecompra>
			<Fechadevencimiento>23/10/2020</Fechadevencimiento>
			<Tasanominal>9.25</Tasanominal>
			<Plazopactado>304</Plazopactado>
			<Valornominal>1758956</Valornominal>
			<Numeroaccionescompradas>0</Numeroaccionescompradas>
			<Preciocompraaccion>0</Preciocompraaccion>
			<Valordecompra>1631516.44</Valordecompra>
			<Periodopago>304</Periodopago>
			<Amortizacioncapital>304</Amortizacioncapital>
			<Amortizacioninteres>304</Amortizacioninteres>
			<Basetasacapital>360</Basetasacapital>
			<Basetasainteres>360</Basetasainteres>
			<Periodogracia>NO</Periodogracia>
			<EstadoRegistro>I</EstadoRegistro>
		</Registro>
	</Detalle>
</REGISTROS>