<?xml version="1.0" encoding="UTF-8" standalone="yes"?>
<REGISTROS>
	<DatosEstructura>
		<CodigoEstructura>G03</CodigoEstructura>
		<CodigoEntidad>17</CodigoEntidad>
		<FechaCorte>30/11/2020</FechaCorte>
		<TotalRegistros>6</TotalRegistros>
	</DatosEstructura>
	<Detalle>
		<Registro NumeroRegistro="1">
			<Tipoidentificacionemisor>RUC</Tipoidentificacionemisor>
			<Identificaciondelemisor>1790864316001</Identificaciondelemisor>
			<NumeroInstrumento>8396810310</NumeroInstrumento>
			<Tipoinstrumento>CERTIFICADEPOSITO</Tipoinstrumento>
			<EstadoInversion>INVVENCIDA</EstadoInversion>
			<Tipoderenta>RENTAFIJA</Tipoderenta>
			<Fechadecompra>05/08/2020</Fechadecompra>
			<Rangodevencimiento>91A180DIAS</Rangodevencimiento>
			<ValorContable>48132.63</ValorContable>
			<TasaNominal>3.25</TasaNominal>
			<TasaCupon>0</TasaCupon>
			<Fechaultimocuponpagado>05/08/2020</Fechaultimocuponpagado>
			<Preciocompraporc>1</Preciocompraporc>
			<Valorefectivocompra>48132.63</Valorefectivocompra>
			<Yieldporcentaje>0</Yieldporcentaje>
			<PreciohaceañoRF>48132.63</PreciohaceañoRF>
			<Interesesacumulaxcobrar>0</Interesesacumulaxcobrar>
			<Montointeresesgenerdolares>399.77</Montointeresesgenerdolares>
			<Valormercado>48132.63</Valormercado>
			<Numeroaccionesfechacorte>0</Numeroaccionesfechacorte>
			<Preciomercadoactualxaccion>0</Preciomercadoactualxaccion>
			<Preciomercadohaceaño>0</Preciomercadohaceaño>
			<Divixaccionrecibidos>0</Divixaccionrecibidos>
			<Codvectorprecio>0</Codvectorprecio>
			<Calificacionemisor>AAAMENOS</Calificacionemisor>
			<Calificadoraderiesgo>PCRPACIFIC</Calificadoraderiesgo>
			<Fechaultimacalificacion>10/06/2019</Fechaultimacalificacion>
			<Provisionconstituida>0</Provisionconstituida>
			<EstadoVencimientoliquidacion>TOTALLIQUIDADO</EstadoVencimientoliquidacion>
			<ValornominalVencido>0</ValornominalVencido>
			<InteresAcumxcobrarvenc>0</InteresAcumxcobrarvenc>
			<NumeroCuotasvenc>0</NumeroCuotasvenc>
			<CCCapitalKvenc6dig>120105</CCCapitalKvenc6dig>
			<ValorUSD1>0</ValorUSD1>
			<CCRendimientosvenc6digusd>140105</CCRendimientosvenc6digusd>
			<ValorUSD2>0</ValorUSD2>
			<CCProviAcumKvenc6digusd>120105</CCProviAcumKvenc6digusd>
			<ValorUSD3>0</ValorUSD3>
			<CodCCProvAcumrendVenc6dig>120105</CodCCProvAcumrendVenc6dig>
			<ValorUSD4>0</ValorUSD4>
			<ValorliquiovendidoUSD>0</ValorliquiovendidoUSD>
			<Fechaliquidacionoventa>05/11/2020</Fechaliquidacionoventa>
			<Precioliquidacionoventa>0</Precioliquidacionoventa>
			<Valorliquidacionovent>0</Valorliquidacionovent>
			<MotivoLiquidacion>PLAZOCUMPLIDO</MotivoLiquidacion>
		</Registro>
		<Registro NumeroRegistro="2">
			<Tipoidentificacionemisor>RUC</Tipoidentificacionemisor>
			<Identificaciondelemisor>0990041105001</Identificaciondelemisor>
			<NumeroInstrumento>272436</NumeroInstrumento>
			<Tipoinstrumento>PAPEL COMERCIAL</Tipoinstrumento>
			<EstadoInversion>INVVENCIDA</EstadoInversion>
			<Tipoderenta>RENTAFIJA</Tipoderenta>
			<Fechadecompra>11/02/2020</Fechadecompra>
			<Rangodevencimiento>181A360DIAS</Rangodevencimiento>
			<ValorContable>187657.6</ValorContable>
			<TasaNominal>8.25</TasaNominal>
			<TasaCupon>0</TasaCupon>
			<Fechaultimocuponpagado>11/02/2020</Fechaultimocuponpagado>
			<Preciocompraporc>1</Preciocompraporc>
			<Valorefectivocompra>187657.6</Valorefectivocompra>
			<Yieldporcentaje>0</Yieldporcentaje>
			<PreciohaceañoRF>187657.6</PreciohaceañoRF>
			<Interesesacumulaxcobrar>0</Interesesacumulaxcobrar>
			<Montointeresesgenerdolares>12342.4</Montointeresesgenerdolares>
			<Valormercado>187657.6</Valormercado>
			<Numeroaccionesfechacorte>0</Numeroaccionesfechacorte>
			<Preciomercadoactualxaccion>0</Preciomercadoactualxaccion>
			<Preciomercadohaceaño>0</Preciomercadohaceaño>
			<Divixaccionrecibidos>0</Divixaccionrecibidos>
			<Codvectorprecio>0</Codvectorprecio>
			<Calificacionemisor>AAMAS</Calificacionemisor>
			<Calificadoraderiesgo>OTRASCALIFICA</Calificadoraderiesgo>
			<Fechaultimacalificacion>31/07/2019</Fechaultimacalificacion>
			<Provisionconstituida>0</Provisionconstituida>
			<EstadoVencimientoliquidacion>TOTALLIQUIDADO</EstadoVencimientoliquidacion>
			<ValornominalVencido>0</ValornominalVencido>
			<InteresAcumxcobrarvenc>0</InteresAcumxcobrarvenc>
			<NumeroCuotasvenc>0</NumeroCuotasvenc>
			<CCCapitalKvenc6dig>120105</CCCapitalKvenc6dig>
			<ValorUSD1>0</ValorUSD1>
			<CCRendimientosvenc6digusd>140105</CCRendimientosvenc6digusd>
			<ValorUSD2>0</ValorUSD2>
			<CCProviAcumKvenc6digusd>120105</CCProviAcumKvenc6digusd>
			<ValorUSD3>0</ValorUSD3>
			<CodCCProvAcumrendVenc6dig>120105</CodCCProvAcumrendVenc6dig>
			<ValorUSD4>0</ValorUSD4>
			<ValorliquiovendidoUSD>0</ValorliquiovendidoUSD>
			<Fechaliquidacionoventa>24/11/2020</Fechaliquidacionoventa>
			<Precioliquidacionoventa>0</Precioliquidacionoventa>
			<Valorliquidacionovent>0</Valorliquidacionovent>
			<MotivoLiquidacion>PLAZOCUMPLIDO</MotivoLiquidacion>
		</Registro>
		<Registro NumeroRegistro="3">
			<Tipoidentificacionemisor>RUC</Tipoidentificacionemisor>
			<Identificaciondelemisor>0990001626001</Identificaciondelemisor>
			<NumeroInstrumento>272431</NumeroInstrumento>
			<Tipoinstrumento>PAPEL COMERCIAL</Tipoinstrumento>
			<EstadoInversion>INVVENCIDA</EstadoInversion>
			<Tipoderenta>RENTAFIJA</Tipoderenta>
			<Fechadecompra>11/02/2020</Fechadecompra>
			<Rangodevencimiento>181A360DIAS</Rangodevencimiento>
			<ValorContable>329321.36</ValorContable>
			<TasaNominal>8.25</TasaNominal>
			<TasaCupon>0</TasaCupon>
			<Fechaultimocuponpagado>11/02/2020</Fechaultimocuponpagado>
			<Preciocompraporc>1</Preciocompraporc>
			<Valorefectivocompra>329321.36</Valorefectivocompra>
			<Yieldporcentaje>0</Yieldporcentaje>
			<PreciohaceañoRF>329321.36</PreciohaceañoRF>
			<Interesesacumulaxcobrar>0</Interesesacumulaxcobrar>
			<Montointeresesgenerdolares>20678.64</Montointeresesgenerdolares>
			<Valormercado>329321.36</Valormercado>
			<Numeroaccionesfechacorte>0</Numeroaccionesfechacorte>
			<Preciomercadoactualxaccion>0</Preciomercadoactualxaccion>
			<Preciomercadohaceaño>0</Preciomercadohaceaño>
			<Divixaccionrecibidos>0</Divixaccionrecibidos>
			<Codvectorprecio>0</Codvectorprecio>
			<Calificacionemisor>AAMAS</Calificacionemisor>
			<Calificadoraderiesgo>OTRASCALIFICA</Calificadoraderiesgo>
			<Fechaultimacalificacion>31/07/2019</Fechaultimacalificacion>
			<Provisionconstituida>0</Provisionconstituida>
			<EstadoVencimientoliquidacion>TOTALLIQUIDADO</EstadoVencimientoliquidacion>
			<ValornominalVencido>0</ValornominalVencido>
			<InteresAcumxcobrarvenc>0</InteresAcumxcobrarvenc>
			<NumeroCuotasvenc>0</NumeroCuotasvenc>
			<CCCapitalKvenc6dig>120105</CCCapitalKvenc6dig>
			<ValorUSD1>0</ValorUSD1>
			<CCRendimientosvenc6digusd>140105</CCRendimientosvenc6digusd>
			<ValorUSD2>0</ValorUSD2>
			<CCProviAcumKvenc6digusd>120105</CCProviAcumKvenc6digusd>
			<ValorUSD3>0</ValorUSD3>
			<CodCCProvAcumrendVenc6dig>120105</CodCCProvAcumrendVenc6dig>
			<ValorUSD4>0</ValorUSD4>
			<ValorliquiovendidoUSD>0</ValorliquiovendidoUSD>
			<Fechaliquidacionoventa>11/11/2020</Fechaliquidacionoventa>
			<Precioliquidacionoventa>0</Precioliquidacionoventa>
			<Valorliquidacionovent>0</Valorliquidacionovent>
			<MotivoLiquidacion>PLAZOCUMPLIDO</MotivoLiquidacion>
		</Registro>
		<Registro NumeroRegistro="4">
			<Tipoidentificacionemisor>RUC</Tipoidentificacionemisor>
			<Identificaciondelemisor>0991400427001</Identificaciondelemisor>
			<NumeroInstrumento>276689</NumeroInstrumento>
			<Tipoinstrumento>FACTURASCOMERCIALES</Tipoinstrumento>
			<EstadoInversion>INVVENCIDA</EstadoInversion>
			<Tipoderenta>RENTAFIJA</Tipoderenta>
			<Fechadecompra>22/05/2020</Fechadecompra>
			<Rangodevencimiento>91A180DIAS</Rangodevencimiento>
			<ValorContable>95834.99</ValorContable>
			<TasaNominal>9.5</TasaNominal>
			<TasaCupon>0</TasaCupon>
			<Fechaultimocuponpagado>22/05/2020</Fechaultimocuponpagado>
			<Preciocompraporc>1</Preciocompraporc>
			<Valorefectivocompra>95834.99</Valorefectivocompra>
			<Yieldporcentaje>0</Yieldporcentaje>
			<PreciohaceañoRF>95834.99</PreciohaceañoRF>
			<Interesesacumulaxcobrar>0</Interesesacumulaxcobrar>
			<Montointeresesgenerdolares>4425.71</Montointeresesgenerdolares>
			<Valormercado>95834.99</Valormercado>
			<Numeroaccionesfechacorte>0</Numeroaccionesfechacorte>
			<Preciomercadoactualxaccion>0</Preciomercadoactualxaccion>
			<Preciomercadohaceaño>0</Preciomercadohaceaño>
			<Divixaccionrecibidos>0</Divixaccionrecibidos>
			<Codvectorprecio>0</Codvectorprecio>
			<Calificacionemisor>AAMAS</Calificacionemisor>
			<Calificadoraderiesgo>PCRPACIFIC</Calificadoraderiesgo>
			<Fechaultimacalificacion>24/01/2020</Fechaultimacalificacion>
			<Provisionconstituida>0</Provisionconstituida>
			<EstadoVencimientoliquidacion>TOTALLIQUIDADO</EstadoVencimientoliquidacion>
			<ValornominalVencido>0</ValornominalVencido>
			<InteresAcumxcobrarvenc>0</InteresAcumxcobrarvenc>
			<NumeroCuotasvenc>0</NumeroCuotasvenc>
			<CCCapitalKvenc6dig>120105</CCCapitalKvenc6dig>
			<ValorUSD1>0</ValorUSD1>
			<CCRendimientosvenc6digusd>140105</CCRendimientosvenc6digusd>
			<ValorUSD2>0</ValorUSD2>
			<CCProviAcumKvenc6digusd>120105</CCProviAcumKvenc6digusd>
			<ValorUSD3>0</ValorUSD3>
			<CodCCProvAcumrendVenc6dig>120105</CodCCProvAcumrendVenc6dig>
			<ValorUSD4>0</ValorUSD4>
			<ValorliquiovendidoUSD>0</ValorliquiovendidoUSD>
			<Fechaliquidacionoventa>13/11/2020</Fechaliquidacionoventa>
			<Precioliquidacionoventa>0</Precioliquidacionoventa>
			<Valorliquidacionovent>0</Valorliquidacionovent>
			<MotivoLiquidacion>PLAZOCUMPLIDO</MotivoLiquidacion>
		</Registro>
		<Registro NumeroRegistro="5">
			<Tipoidentificacionemisor>RUC</Tipoidentificacionemisor>
			<Identificaciondelemisor>0992697415001</Identificaciondelemisor>
			<NumeroInstrumento>276516</NumeroInstrumento>
			<Tipoinstrumento>FACTURASCOMERCIALES</Tipoinstrumento>
			<EstadoInversion>INVVENCIDA</EstadoInversion>
			<Tipoderenta>RENTAFIJA</Tipoderenta>
			<Fechadecompra>19/05/2020</Fechadecompra>
			<Rangodevencimiento>91A180DIAS</Rangodevencimiento>
			<ValorContable>378847.97</ValorContable>
			<TasaNominal>8.9</TasaNominal>
			<TasaCupon>0</TasaCupon>
			<Fechaultimocuponpagado>19/05/2020</Fechaultimocuponpagado>
			<Preciocompraporc>1</Preciocompraporc>
			<Valorefectivocompra>378847.97</Valorefectivocompra>
			<Yieldporcentaje>0</Yieldporcentaje>
			<PreciohaceañoRF>378847.97</PreciohaceañoRF>
			<Interesesacumulaxcobrar>0</Interesesacumulaxcobrar>
			<Montointeresesgenerdolares>16671.42</Montointeresesgenerdolares>
			<Valormercado>378847.97</Valormercado>
			<Numeroaccionesfechacorte>0</Numeroaccionesfechacorte>
			<Preciomercadoactualxaccion>0</Preciomercadoactualxaccion>
			<Preciomercadohaceaño>0</Preciomercadohaceaño>
			<Divixaccionrecibidos>0</Divixaccionrecibidos>
			<Codvectorprecio>0</Codvectorprecio>
			<Calificacionemisor>AAMAS</Calificacionemisor>
			<Calificadoraderiesgo>OTRASCALIFICA</Calificadoraderiesgo>
			<Fechaultimacalificacion>09/04/2019</Fechaultimacalificacion>
			<Provisionconstituida>0</Provisionconstituida>
			<EstadoVencimientoliquidacion>TOTALLIQUIDADO</EstadoVencimientoliquidacion>
			<ValornominalVencido>0</ValornominalVencido>
			<InteresAcumxcobrarvenc>0</InteresAcumxcobrarvenc>
			<NumeroCuotasvenc>0</NumeroCuotasvenc>
			<CCCapitalKvenc6dig>120105</CCCapitalKvenc6dig>
			<ValorUSD1>0</ValorUSD1>
			<CCRendimientosvenc6digusd>140105</CCRendimientosvenc6digusd>
			<ValorUSD2>0</ValorUSD2>
			<CCProviAcumKvenc6digusd>120105</CCProviAcumKvenc6digusd>
			<ValorUSD3>0</ValorUSD3>
			<CodCCProvAcumrendVenc6dig>120105</CodCCProvAcumrendVenc6dig>
			<ValorUSD4>0</ValorUSD4>
			<ValorliquiovendidoUSD>0</ValorliquiovendidoUSD>
			<Fechaliquidacionoventa>13/11/2020</Fechaliquidacionoventa>
			<Precioliquidacionoventa>0</Precioliquidacionoventa>
			<Valorliquidacionovent>0</Valorliquidacionovent>
			<MotivoLiquidacion>PLAZOCUMPLIDO</MotivoLiquidacion>
		</Registro>
	</Detalle>
</REGISTROS>