<?xml version="1.0" encoding="UTF-8" standalone="yes"?>
<REGISTROS>
	<DatosEstructura>
		<CodigoEstructura>G02</CodigoEstructura>
		<CodigoEntidad>17</CodigoEntidad>
		<FechaCorte>31/05/2020</FechaCorte>
		<TotalRegistros>4</TotalRegistros>
	</DatosEstructura>
	<Detalle>
		<Registro NumeroRegistro="1">
			<Tipoidentificacionemisor>RUC</Tipoidentificacionemisor>
			<Identificaciondelemisor>1790864316001</Identificaciondelemisor>
			<NumerodelInstrumento>8386874210</NumerodelInstrumento>
			<Tipodeinstrumento>CERTIFICADEPOSITO</Tipodeinstrumento>
			<TipodeRenta>RENTAFIJA</TipodeRenta>
			<Fechadeemision>06/05/2020</Fechadeemision>
			<Fechadecompra>06/05/2020</Fechadecompra>
			<Fechadevencimiento>05/08/2020</Fechadevencimiento>
			<Tasanominal>3.25</Tasanominal>
			<Plazopactado>91</Plazopactado>
			<Valornominal>47740.43</Valornominal>
			<Numeroaccionescompradas>0</Numeroaccionescompradas>
			<Preciocompraaccion>0</Preciocompraaccion>
			<Valordecompra>47740.43</Valordecompra>
			<Periodopago>91</Periodopago>
			<Amortizacioncapital>91</Amortizacioncapital>
			<Amortizacioninteres>91</Amortizacioninteres>
			<Basetasacapital>360</Basetasacapital>
			<Basetasainteres>360</Basetasainteres>
			<Periodogracia>NO</Periodogracia>
			<EstadoRegistro>I</EstadoRegistro>
		</Registro>
		<Registro NumeroRegistro="2">
			<Tipoidentificacionemisor>RUC</Tipoidentificacionemisor>
			<Identificaciondelemisor>0992697415001</Identificaciondelemisor>
			<NumerodelInstrumento>276516</NumerodelInstrumento>
			<Tipodeinstrumento>FACTURASCOMERCIALES</Tipodeinstrumento>
			<TipodeRenta>RENTAFIJA</TipodeRenta>
			<Fechadeemision>19/05/2020</Fechadeemision>
			<Fechadecompra>19/05/2020</Fechadecompra>
			<Fechadevencimiento>13/11/2020</Fechadevencimiento>
			<Tasanominal>8.90</Tasanominal>
			<Plazopactado>178</Plazopactado>
			<Valornominal>378847.97</Valornominal>
			<Numeroaccionescompradas>0</Numeroaccionescompradas>
			<Preciocompraaccion>0</Preciocompraaccion>
			<Valordecompra>395519.39</Valordecompra>
			<Periodopago>178</Periodopago>
			<Amortizacioncapital>178</Amortizacioncapital>
			<Amortizacioninteres>178</Amortizacioninteres>
			<Basetasacapital>360</Basetasacapital>
			<Basetasainteres>360</Basetasainteres>
			<Periodogracia>NO</Periodogracia>
			<EstadoRegistro>I</EstadoRegistro>
		</Registro>
		<Registro NumeroRegistro="3">
			<Tipoidentificacionemisor>RUC</Tipoidentificacionemisor>
			<Identificaciondelemisor>0991400427001</Identificaciondelemisor>
			<NumerodelInstrumento>276689</NumerodelInstrumento>
			<Tipodeinstrumento>FACTURASCOMERCIALES</Tipodeinstrumento>
			<TipodeRenta>RENTAFIJA</TipodeRenta>
			<Fechadeemision>22/05/2020</Fechadeemision>
			<Fechadecompra>22/05/2020</Fechadecompra>
			<Fechadevencimiento>13/11/2020</Fechadevencimiento>
			<Tasanominal>9.50</Tasanominal>
			<Plazopactado>175</Plazopactado>
			<Valornominal>95834.99</Valornominal>
			<Numeroaccionescompradas>0</Numeroaccionescompradas>
			<Preciocompraaccion>0</Preciocompraaccion>
			<Valordecompra>100260.7</Valordecompra>
			<Periodopago>175</Periodopago>
			<Amortizacioncapital>175</Amortizacioncapital>
			<Amortizacioninteres>175</Amortizacioninteres>
			<Basetasacapital>360</Basetasacapital>
			<Basetasainteres>360</Basetasainteres>
			<Periodogracia>NO</Periodogracia>
			<EstadoRegistro>I</EstadoRegistro>
		</Registro>
	</Detalle>
</REGISTROS>