<?xml version="1.0" encoding="UTF-8"?><REGISTROS><DatosEstructura><CodigoEstructura>G41</CodigoEstructura><CodigoEntidad>17</CodigoEntidad><FechaCorte>31/12/2020</FechaCorte><TotalRegistros>3</TotalRegistros></DatosEstructura><Detalle><Registro NumeroRegistro="1"><TipoIdentificacionParticipe>CED</TipoIdentificacionParticipe><IdentificacionParticipe>1712931037</IdentificacionParticipe><CorreoElectronico>ninguno@capremci.com.ec</CorreoElectronico><NombreParticipe>MOLINA SILVA YALILE CAROLINA                  MOLINA SILVA YALILE CAROLINA                 </NombreParticipe><SexoParticipe>M</SexoParticipe><EstadoCivilParticipe>C</EstadoCivilParticipe><FechaIngresoParticipe>02/12/2020</FechaIngresoParticipe><TipoRegistro>CUENTAINDIVIDUAL</TipoRegistro><BaseCalculoAportacion>SUELDO</BaseCalculoAportacion><RelacionLaboral>NOMBRAMIENTO</RelacionLaboral><EstadoRegistro>ING</EstadoRegistro><TipoPrestacion>CESANTIA</TipoPrestacion></Registro><Registro NumeroRegistro="2"><TipoIdentificacionParticipe>CED</TipoIdentificacionParticipe><IdentificacionParticipe>0950684258</IdentificacionParticipe><CorreoElectronico>ninguno@capremci.com.ec</CorreoElectronico><NombreParticipe>SEGURA TITE CRISTINA MICHELLE                 SEGURA TITE CRISTINA MICHELLE                </NombreParticipe><SexoParticipe>M</SexoParticipe><EstadoCivilParticipe>C</EstadoCivilParticipe><FechaIngresoParticipe>10/12/2020</FechaIngresoParticipe><TipoRegistro>CUENTAINDIVIDUAL</TipoRegistro><BaseCalculoAportacion>SUELDO</BaseCalculoAportacion><RelacionLaboral>NOMBRAMIENTO</RelacionLaboral><EstadoRegistro>ING</EstadoRegistro><TipoPrestacion>CESANTIA</TipoPrestacion></Registro></Detalle></REGISTROS>